fold,sample_index,clip_id,source_group,true_label,predicted_label,correct,prediction_score,score_type
4,0,1272-128104-0000,1272/128104,LibriSpeech_1272,LibriSpeech_1272,1,39.32627660517866,maximum_decision_score
1,1,1272-128104-0001,1272/128104,LibriSpeech_1272,LibriSpeech_1272,1,39.32606671548212,maximum_decision_score
4,2,1272-128104-0002,1272/128104,LibriSpeech_1272,LibriSpeech_1272,1,39.32577312770514,maximum_decision_score
2,3,1272-128104-0003,1272/128104,LibriSpeech_1272,LibriSpeech_1272,1,39.326207149093214,maximum_decision_score
5,4,1272-128104-0004,1272/128104,LibriSpeech_1272,LibriSpeech_1272,1,39.32608052714409,maximum_decision_score
5,5,1272-128104-0005,1272/128104,LibriSpeech_1272,LibriSpeech_1272,1,39.32652865872069,maximum_decision_score
4,6,1272-128104-0006,1272/128104,LibriSpeech_1272,LibriSpeech_1272,1,39.32443841033094,maximum_decision_score
4,7,1272-128104-0007,1272/128104,LibriSpeech_1272,LibriSpeech_1272,1,39.32595973908627,maximum_decision_score
3,8,1272-128104-0008,1272/128104,LibriSpeech_1272,LibriSpeech_1272,1,39.32645573149058,maximum_decision_score
1,9,1272-128104-0009,1272/128104,LibriSpeech_1272,LibriSpeech_1272,1,39.32484338765668,maximum_decision_score
5,10,1272-128104-0010,1272/128104,LibriSpeech_1272,LibriSpeech_1272,1,39.326052543688405,maximum_decision_score
2,11,1272-128104-0011,1272/128104,LibriSpeech_1272,LibriSpeech_1272,1,39.32535648629623,maximum_decision_score
1,12,1272-128104-0012,1272/128104,LibriSpeech_1272,LibriSpeech_1272,1,39.32665791410937,maximum_decision_score
4,13,1272-128104-0013,1272/128104,LibriSpeech_1272,LibriSpeech_1272,1,39.326314783683394,maximum_decision_score
3,14,1272-128104-0014,1272/128104,LibriSpeech_1272,LibriSpeech_1272,1,39.326728714111624,maximum_decision_score
5,15,1272-135031-0000,1272/135031,LibriSpeech_1272,LibriSpeech_1272,1,39.326008716574265,maximum_decision_score
4,16,1272-135031-0001,1272/135031,LibriSpeech_1272,LibriSpeech_1272,1,39.32506366449243,maximum_decision_score
3,17,1272-135031-0002,1272/135031,LibriSpeech_1272,LibriSpeech_1272,1,39.32570685509951,maximum_decision_score
4,18,1272-135031-0003,1272/135031,LibriSpeech_1272,LibriSpeech_1272,1,39.32579194451255,maximum_decision_score
2,19,1272-135031-0004,1272/135031,LibriSpeech_1272,LibriSpeech_1272,1,39.32644732390647,maximum_decision_score
3,20,1272-135031-0005,1272/135031,LibriSpeech_1272,LibriSpeech_1272,1,39.326239760232944,maximum_decision_score
5,21,1272-135031-0006,1272/135031,LibriSpeech_1272,LibriSpeech_1272,1,39.326998176482626,maximum_decision_score
1,22,1272-135031-0007,1272/135031,LibriSpeech_1272,LibriSpeech_1272,1,39.32660812051952,maximum_decision_score
2,23,1272-135031-0008,1272/135031,LibriSpeech_1272,LibriSpeech_1272,1,39.327345222495346,maximum_decision_score
3,24,1272-135031-0009,1272/135031,LibriSpeech_1272,LibriSpeech_1272,1,39.32645075956275,maximum_decision_score
1,25,1272-135031-0010,1272/135031,LibriSpeech_1272,LibriSpeech_1272,1,39.326953100440726,maximum_decision_score
4,26,1272-135031-0011,1272/135031,LibriSpeech_1272,LibriSpeech_1272,1,39.326925448446715,maximum_decision_score
5,27,1272-135031-0012,1272/135031,LibriSpeech_1272,LibriSpeech_1272,1,39.32724543767248,maximum_decision_score
2,28,1272-135031-0013,1272/135031,LibriSpeech_1272,LibriSpeech_1272,1,39.326673985293425,maximum_decision_score
2,29,1272-135031-0014,1272/135031,LibriSpeech_1272,LibriSpeech_1272,1,39.32583308828046,maximum_decision_score
4,30,1272-135031-0015,1272/135031,LibriSpeech_1272,LibriSpeech_1272,1,39.32603622285831,maximum_decision_score
2,31,1272-135031-0016,1272/135031,LibriSpeech_1272,LibriSpeech_1272,1,39.326845652130864,maximum_decision_score
5,32,1272-135031-0017,1272/135031,LibriSpeech_1272,LibriSpeech_1272,1,39.326159234042315,maximum_decision_score
3,33,1272-135031-0018,1272/135031,LibriSpeech_1272,LibriSpeech_1272,1,39.32738289787351,maximum_decision_score
3,34,1272-135031-0019,1272/135031,LibriSpeech_1272,LibriSpeech_1272,1,39.32696732349878,maximum_decision_score
3,35,1272-135031-0020,1272/135031,LibriSpeech_1272,LibriSpeech_1272,1,39.325701810879046,maximum_decision_score
1,36,1272-135031-0021,1272/135031,LibriSpeech_1272,LibriSpeech_1272,1,39.327188894323356,maximum_decision_score
1,37,1272-135031-0022,1272/135031,LibriSpeech_1272,LibriSpeech_1272,1,39.32766023883557,maximum_decision_score
5,38,1272-135031-0023,1272/135031,LibriSpeech_1272,LibriSpeech_1272,1,39.32702031513808,maximum_decision_score
1,39,1272-135031-0024,1272/135031,LibriSpeech_1272,LibriSpeech_1272,1,39.32655113355234,maximum_decision_score
3,40,1272-141231-0000,1272/141231,LibriSpeech_1272,LibriSpeech_1272,1,39.3262201468126,maximum_decision_score
4,41,1272-141231-0001,1272/141231,LibriSpeech_1272,LibriSpeech_1272,1,39.32598478715948,maximum_decision_score
5,42,1272-141231-0002,1272/141231,LibriSpeech_1272,LibriSpeech_1272,1,39.32646403720098,maximum_decision_score
4,43,1272-141231-0003,1272/141231,LibriSpeech_1272,LibriSpeech_1272,1,39.32569505861613,maximum_decision_score
5,44,1272-141231-0004,1272/141231,LibriSpeech_1272,LibriSpeech_1272,1,39.32624608234266,maximum_decision_score
1,45,1272-141231-0005,1272/141231,LibriSpeech_1272,LibriSpeech_1272,1,39.32586986311257,maximum_decision_score
5,46,1272-141231-0006,1272/141231,LibriSpeech_1272,LibriSpeech_1272,1,39.32604734151316,maximum_decision_score
5,47,1272-141231-0007,1272/141231,LibriSpeech_1272,LibriSpeech_1272,1,39.32704717876515,maximum_decision_score
5,48,1272-141231-0008,1272/141231,LibriSpeech_1272,LibriSpeech_1272,1,39.32677747961929,maximum_decision_score
3,49,1272-141231-0009,1272/141231,LibriSpeech_1272,LibriSpeech_1272,1,39.32660755691676,maximum_decision_score
1,50,1272-141231-0010,1272/141231,LibriSpeech_1272,LibriSpeech_1272,1,39.326436794453386,maximum_decision_score
1,51,1272-141231-0011,1272/141231,LibriSpeech_1272,LibriSpeech_1272,1,39.32573901068677,maximum_decision_score
3,52,1272-141231-0012,1272/141231,LibriSpeech_1272,LibriSpeech_1272,1,39.32652918043051,maximum_decision_score
2,53,1272-141231-0013,1272/141231,LibriSpeech_1272,LibriSpeech_1272,1,39.32747599837582,maximum_decision_score
4,54,1272-141231-0014,1272/141231,LibriSpeech_1272,LibriSpeech_1272,1,39.32549125205154,maximum_decision_score
4,55,1272-141231-0015,1272/141231,LibriSpeech_1272,LibriSpeech_1272,1,39.32683039725722,maximum_decision_score
1,56,1272-141231-0016,1272/141231,LibriSpeech_1272,LibriSpeech_1272,1,39.32708850954125,maximum_decision_score
2,57,1272-141231-0017,1272/141231,LibriSpeech_1272,LibriSpeech_1272,1,39.326930323626144,maximum_decision_score
3,58,1272-141231-0018,1272/141231,LibriSpeech_1272,LibriSpeech_1272,1,39.32656131760247,maximum_decision_score
3,59,1272-141231-0019,1272/141231,LibriSpeech_1272,LibriSpeech_1272,1,39.32636460206136,maximum_decision_score
2,60,1272-141231-0020,1272/141231,LibriSpeech_1272,LibriSpeech_1272,1,39.32709743369398,maximum_decision_score
4,61,1272-141231-0021,1272/141231,LibriSpeech_1272,LibriSpeech_1272,1,39.325782091034256,maximum_decision_score
1,62,1272-141231-0022,1272/141231,LibriSpeech_1272,LibriSpeech_1272,1,39.32659893851442,maximum_decision_score
2,63,1272-141231-0023,1272/141231,LibriSpeech_1272,LibriSpeech_1272,1,39.326066489867614,maximum_decision_score
1,64,1272-141231-0024,1272/141231,LibriSpeech_1272,LibriSpeech_1272,1,39.32563366677916,maximum_decision_score
2,65,1272-141231-0025,1272/141231,LibriSpeech_1272,LibriSpeech_1272,1,39.32664438238958,maximum_decision_score
5,66,1272-141231-0026,1272/141231,LibriSpeech_1272,LibriSpeech_1272,1,39.325860166140004,maximum_decision_score
2,67,1272-141231-0027,1272/141231,LibriSpeech_1272,LibriSpeech_1272,1,39.3267642433903,maximum_decision_score
2,68,1272-141231-0028,1272/141231,LibriSpeech_1272,LibriSpeech_1272,1,39.3266381561334,maximum_decision_score
3,69,1272-141231-0029,1272/141231,LibriSpeech_1272,LibriSpeech_1272,1,39.32647212637625,maximum_decision_score
3,70,1272-141231-0030,1272/141231,LibriSpeech_1272,LibriSpeech_1272,1,39.32641622085624,maximum_decision_score
1,71,1272-141231-0031,1272/141231,LibriSpeech_1272,LibriSpeech_1272,1,39.3261661440326,maximum_decision_score
2,72,1272-141231-0032,1272/141231,LibriSpeech_1272,LibriSpeech_1272,1,39.32700108302906,maximum_decision_score
1,73,1462-170138-0000,1462/170138,LibriSpeech_1462,LibriSpeech_1462,1,39.32702019797041,maximum_decision_score
1,74,1462-170138-0001,1462/170138,LibriSpeech_1462,LibriSpeech_1462,1,39.326864087836306,maximum_decision_score
5,75,1462-170138-0002,1462/170138,LibriSpeech_1462,LibriSpeech_1462,1,39.32511356224756,maximum_decision_score
1,76,1462-170138-0003,1462/170138,LibriSpeech_1462,LibriSpeech_1462,1,39.32630541048745,maximum_decision_score
2,77,1462-170138-0004,1462/170138,LibriSpeech_1462,LibriSpeech_1462,1,39.326357290970975,maximum_decision_score
1,78,1462-170138-0005,1462/170138,LibriSpeech_1462,LibriSpeech_1462,1,39.32665112973322,maximum_decision_score
3,79,1462-170138-0006,1462/170138,LibriSpeech_1462,LibriSpeech_1462,1,39.32744066958212,maximum_decision_score
1,80,1462-170138-0007,1462/170138,LibriSpeech_1462,LibriSpeech_1462,1,39.32723962085764,maximum_decision_score
4,81,1462-170138-0008,1462/170138,LibriSpeech_1462,LibriSpeech_1462,1,39.32737221731572,maximum_decision_score
4,82,1462-170138-0009,1462/170138,LibriSpeech_1462,LibriSpeech_1462,1,39.327174653556824,maximum_decision_score
3,83,1462-170138-0010,1462/170138,LibriSpeech_1462,LibriSpeech_1462,1,39.32725816421882,maximum_decision_score
4,84,1462-170138-0011,1462/170138,LibriSpeech_1462,LibriSpeech_1462,1,39.327517698850066,maximum_decision_score
2,85,1462-170138-0012,1462/170138,LibriSpeech_1462,LibriSpeech_1462,1,39.32719167451187,maximum_decision_score
3,86,1462-170138-0013,1462/170138,LibriSpeech_1462,LibriSpeech_1462,1,39.32764969060612,maximum_decision_score
1,87,1462-170138-0014,1462/170138,LibriSpeech_1462,LibriSpeech_1462,1,39.3269267248277,maximum_decision_score
2,88,1462-170138-0015,1462/170138,LibriSpeech_1462,LibriSpeech_3853,0,39.32360735807214,maximum_decision_score
3,89,1462-170138-0016,1462/170138,LibriSpeech_1462,LibriSpeech_1462,1,39.327497526403896,maximum_decision_score
5,90,1462-170138-0017,1462/170138,LibriSpeech_1462,LibriSpeech_1462,1,39.327299904587214,maximum_decision_score
2,91,1462-170138-0018,1462/170138,LibriSpeech_1462,LibriSpeech_1462,1,39.326953117789714,maximum_decision_score
2,92,1462-170138-0019,1462/170138,LibriSpeech_1462,LibriSpeech_1462,1,39.32726750673293,maximum_decision_score
3,93,1462-170138-0020,1462/170138,LibriSpeech_1462,LibriSpeech_1462,1,39.32625102125859,maximum_decision_score
4,94,1462-170138-0021,1462/170138,LibriSpeech_1462,LibriSpeech_1462,1,39.32719219992753,maximum_decision_score
2,95,1462-170138-0022,1462/170138,LibriSpeech_1462,LibriSpeech_1462,1,39.327405753541484,maximum_decision_score
5,96,1462-170138-0023,1462/170138,LibriSpeech_1462,LibriSpeech_1462,1,39.32709081245325,maximum_decision_score
3,97,1462-170138-0024,1462/170138,LibriSpeech_1462,LibriSpeech_1462,1,39.326820640988096,maximum_decision_score
5,98,1462-170138-0025,1462/170138,LibriSpeech_1462,LibriSpeech_1462,1,39.32584455544079,maximum_decision_score
5,99,1462-170138-0026,1462/170138,LibriSpeech_1462,LibriSpeech_1462,1,39.32719345281598,maximum_decision_score
4,100,1462-170138-0027,1462/170138,LibriSpeech_1462,LibriSpeech_1462,1,39.327086439114694,maximum_decision_score
3,101,1462-170142-0000,1462/170142,LibriSpeech_1462,LibriSpeech_1462,1,39.32743020393436,maximum_decision_score
4,102,1462-170142-0001,1462/170142,LibriSpeech_1462,LibriSpeech_1462,1,39.3279455904411,maximum_decision_score
2,103,1462-170142-0002,1462/170142,LibriSpeech_1462,LibriSpeech_1462,1,39.327070861152116,maximum_decision_score
4,104,1462-170142-0003,1462/170142,LibriSpeech_1462,LibriSpeech_1462,1,39.32557883033863,maximum_decision_score
1,105,1462-170142-0004,1462/170142,LibriSpeech_1462,LibriSpeech_1462,1,39.327452790485694,maximum_decision_score
1,106,1462-170142-0005,1462/170142,LibriSpeech_1462,LibriSpeech_1462,1,39.32755763137308,maximum_decision_score
5,107,1462-170142-0006,1462/170142,LibriSpeech_1462,LibriSpeech_1462,1,39.32606096290922,maximum_decision_score
4,108,1462-170142-0007,1462/170142,LibriSpeech_1462,LibriSpeech_1462,1,39.32691535376872,maximum_decision_score
2,109,1462-170142-0008,1462/170142,LibriSpeech_1462,LibriSpeech_1462,1,39.327005786287636,maximum_decision_score
1,110,1462-170142-0009,1462/170142,LibriSpeech_1462,LibriSpeech_1462,1,39.32728339973726,maximum_decision_score
5,111,1462-170142-0010,1462/170142,LibriSpeech_1462,LibriSpeech_1462,1,39.327023946461,maximum_decision_score
3,112,1462-170142-0011,1462/170142,LibriSpeech_1462,LibriSpeech_1462,1,39.32767006754348,maximum_decision_score
2,113,1462-170142-0012,1462/170142,LibriSpeech_1462,LibriSpeech_1462,1,39.32596202771718,maximum_decision_score
2,114,1462-170142-0013,1462/170142,LibriSpeech_1462,LibriSpeech_1462,1,39.327336016975366,maximum_decision_score
4,115,1462-170142-0014,1462/170142,LibriSpeech_1462,LibriSpeech_1462,1,39.32749524753132,maximum_decision_score
5,116,1462-170142-0015,1462/170142,LibriSpeech_1462,LibriSpeech_1462,1,39.328024588103844,maximum_decision_score
3,117,1462-170142-0016,1462/170142,LibriSpeech_1462,LibriSpeech_1462,1,39.32615913155059,maximum_decision_score
5,118,1462-170142-0017,1462/170142,LibriSpeech_1462,LibriSpeech_1462,1,39.327552965059965,maximum_decision_score
2,119,1462-170142-0018,1462/170142,LibriSpeech_1462,LibriSpeech_1462,1,39.326761915318386,maximum_decision_score
4,120,1462-170142-0019,1462/170142,LibriSpeech_1462,LibriSpeech_1462,1,39.32748046021398,maximum_decision_score
3,121,1462-170142-0020,1462/170142,LibriSpeech_1462,LibriSpeech_1462,1,39.32769393866098,maximum_decision_score
4,122,1462-170142-0021,1462/170142,LibriSpeech_1462,LibriSpeech_1462,1,39.327169775870324,maximum_decision_score
5,123,1462-170142-0022,1462/170142,LibriSpeech_1462,LibriSpeech_1462,1,39.328453459067894,maximum_decision_score
1,124,1462-170142-0023,1462/170142,LibriSpeech_1462,LibriSpeech_1462,1,39.328178893734226,maximum_decision_score
3,125,1462-170142-0024,1462/170142,LibriSpeech_1462,LibriSpeech_1919,0,39.325675919891864,maximum_decision_score
5,126,1462-170142-0025,1462/170142,LibriSpeech_1462,LibriSpeech_1462,1,39.327754368478125,maximum_decision_score
3,127,1462-170142-0026,1462/170142,LibriSpeech_1462,LibriSpeech_1462,1,39.32757908186443,maximum_decision_score
4,128,1462-170142-0027,1462/170142,LibriSpeech_1462,LibriSpeech_1462,1,39.32663906315495,maximum_decision_score
1,129,1462-170142-0028,1462/170142,LibriSpeech_1462,LibriSpeech_1462,1,39.326202800343125,maximum_decision_score
1,130,1462-170142-0029,1462/170142,LibriSpeech_1462,LibriSpeech_1462,1,39.32815909419029,maximum_decision_score
4,131,1462-170142-0030,1462/170142,LibriSpeech_1462,LibriSpeech_1462,1,39.32724914316321,maximum_decision_score
2,132,1462-170142-0031,1462/170142,LibriSpeech_1462,LibriSpeech_1462,1,39.326729344047294,maximum_decision_score
1,133,1462-170142-0032,1462/170142,LibriSpeech_1462,LibriSpeech_1462,1,39.326667802857145,maximum_decision_score
4,134,1462-170142-0033,1462/170142,LibriSpeech_1462,LibriSpeech_1462,1,39.32762288117853,maximum_decision_score
3,135,1462-170142-0034,1462/170142,LibriSpeech_1462,LibriSpeech_1462,1,39.32755410952865,maximum_decision_score
3,136,1462-170142-0035,1462/170142,LibriSpeech_1462,LibriSpeech_1462,1,39.32630327778837,maximum_decision_score
4,137,1462-170142-0036,1462/170142,LibriSpeech_1462,LibriSpeech_1462,1,39.32632701129248,maximum_decision_score
3,138,1462-170142-0037,1462/170142,LibriSpeech_1462,LibriSpeech_1462,1,39.32588230161158,maximum_decision_score
2,139,1462-170142-0038,1462/170142,LibriSpeech_1462,LibriSpeech_1462,1,39.326970771325236,maximum_decision_score
2,140,1462-170142-0039,1462/170142,LibriSpeech_1462,LibriSpeech_1462,1,39.32720323314819,maximum_decision_score
3,141,1462-170142-0040,1462/170142,LibriSpeech_1462,LibriSpeech_1462,1,39.326992809848505,maximum_decision_score
2,142,1462-170142-0041,1462/170142,LibriSpeech_1462,LibriSpeech_1462,1,39.32617510219213,maximum_decision_score
2,143,1462-170142-0042,1462/170142,LibriSpeech_1462,LibriSpeech_1462,1,39.32618897790501,maximum_decision_score
5,144,1462-170145-0000,1462/170145,LibriSpeech_1462,LibriSpeech_1462,1,39.32677161543336,maximum_decision_score
5,145,1462-170145-0001,1462/170145,LibriSpeech_1462,LibriSpeech_1462,1,39.32769053993387,maximum_decision_score
2,146,1462-170145-0002,1462/170145,LibriSpeech_1462,LibriSpeech_1462,1,39.326063260389745,maximum_decision_score
5,147,1462-170145-0003,1462/170145,LibriSpeech_1462,LibriSpeech_1462,1,39.32742380840213,maximum_decision_score
2,148,1462-170145-0004,1462/170145,LibriSpeech_1462,LibriSpeech_1462,1,39.327236483470514,maximum_decision_score
5,149,1462-170145-0005,1462/170145,LibriSpeech_1462,LibriSpeech_1462,1,39.325767130199665,maximum_decision_score
1,150,1462-170145-0006,1462/170145,LibriSpeech_1462,LibriSpeech_1462,1,39.325995915463054,maximum_decision_score
4,151,1462-170145-0007,1462/170145,LibriSpeech_1462,LibriSpeech_1462,1,39.32765053614778,maximum_decision_score
3,152,1462-170145-0008,1462/170145,LibriSpeech_1462,LibriSpeech_1462,1,39.326295205037205,maximum_decision_score
1,153,1462-170145-0009,1462/170145,LibriSpeech_1462,LibriSpeech_1462,1,39.32671690965132,maximum_decision_score
4,154,1462-170145-0010,1462/170145,LibriSpeech_1462,LibriSpeech_1462,1,39.3263630326038,maximum_decision_score
5,155,1462-170145-0011,1462/170145,LibriSpeech_1462,LibriSpeech_1462,1,39.325965676490256,maximum_decision_score
5,156,1462-170145-0012,1462/170145,LibriSpeech_1462,LibriSpeech_1462,1,39.32679521352009,maximum_decision_score
3,157,1462-170145-0013,1462/170145,LibriSpeech_1462,LibriSpeech_1462,1,39.327328032581114,maximum_decision_score
1,158,1462-170145-0014,1462/170145,LibriSpeech_1462,LibriSpeech_1462,1,39.32761688813152,maximum_decision_score
5,159,1462-170145-0015,1462/170145,LibriSpeech_1462,LibriSpeech_1462,1,39.327388517330064,maximum_decision_score
1,160,1462-170145-0016,1462/170145,LibriSpeech_1462,LibriSpeech_1462,1,39.326547606590836,maximum_decision_score
3,161,1462-170145-0017,1462/170145,LibriSpeech_1462,LibriSpeech_1462,1,39.327181093385335,maximum_decision_score
4,162,1462-170145-0018,1462/170145,LibriSpeech_1462,LibriSpeech_1462,1,39.326732402232416,maximum_decision_score
2,163,1462-170145-0019,1462/170145,LibriSpeech_1462,LibriSpeech_1462,1,39.32584274335744,maximum_decision_score
4,164,1462-170145-0020,1462/170145,LibriSpeech_1462,LibriSpeech_1462,1,39.32783431133594,maximum_decision_score
5,165,1462-170145-0021,1462/170145,LibriSpeech_1462,LibriSpeech_1462,1,39.3272754988458,maximum_decision_score
1,166,1462-170145-0022,1462/170145,LibriSpeech_1462,LibriSpeech_1462,1,39.32702033827849,maximum_decision_score
5,167,1673-143396-0000,1673/143396,LibriSpeech_1673,LibriSpeech_1673,1,39.32561504897056,maximum_decision_score
4,168,1673-143396-0001,1673/143396,LibriSpeech_1673,LibriSpeech_1673,1,39.32516584858387,maximum_decision_score
3,169,1673-143396-0002,1673/143396,LibriSpeech_1673,LibriSpeech_1673,1,39.32578425254533,maximum_decision_score
4,170,1673-143396-0003,1673/143396,LibriSpeech_1673,LibriSpeech_1673,1,39.32560199141964,maximum_decision_score
4,171,1673-143396-0004,1673/143396,LibriSpeech_1673,LibriSpeech_1673,1,39.32578571821639,maximum_decision_score
1,172,1673-143396-0005,1673/143396,LibriSpeech_1673,LibriSpeech_1673,1,39.32650920233067,maximum_decision_score
5,173,1673-143396-0006,1673/143396,LibriSpeech_1673,LibriSpeech_1673,1,39.32649853618129,maximum_decision_score
3,174,1673-143396-0007,1673/143396,LibriSpeech_1673,LibriSpeech_1673,1,39.32673326806742,maximum_decision_score
2,175,1673-143396-0008,1673/143396,LibriSpeech_1673,LibriSpeech_1673,1,39.32629586871054,maximum_decision_score
2,176,1673-143396-0009,1673/143396,LibriSpeech_1673,LibriSpeech_1673,1,39.32656030779808,maximum_decision_score
1,177,1673-143396-0010,1673/143396,LibriSpeech_1673,LibriSpeech_1673,1,39.32634887881982,maximum_decision_score
5,178,1673-143396-0011,1673/143396,LibriSpeech_1673,LibriSpeech_1673,1,39.32526254580798,maximum_decision_score
3,179,1673-143396-0012,1673/143396,LibriSpeech_1673,LibriSpeech_1673,1,39.326440140673014,maximum_decision_score
1,180,1673-143396-0013,1673/143396,LibriSpeech_1673,LibriSpeech_1673,1,39.32621193199293,maximum_decision_score
5,181,1673-143396-0014,1673/143396,LibriSpeech_1673,LibriSpeech_1673,1,39.32604538428054,maximum_decision_score
1,182,1673-143396-0015,1673/143396,LibriSpeech_1673,LibriSpeech_1673,1,39.32705276708403,maximum_decision_score
2,183,1673-143396-0016,1673/143396,LibriSpeech_1673,LibriSpeech_1673,1,39.326726629171766,maximum_decision_score
1,184,1673-143396-0017,1673/143396,LibriSpeech_1673,LibriSpeech_1673,1,39.326833845035075,maximum_decision_score
3,185,1673-143396-0018,1673/143396,LibriSpeech_1673,LibriSpeech_1673,1,39.32660974272212,maximum_decision_score
3,186,1673-143396-0019,1673/143396,LibriSpeech_1673,LibriSpeech_1673,1,39.32632413137688,maximum_decision_score
3,187,1673-143396-0020,1673/143396,LibriSpeech_1673,LibriSpeech_1673,1,39.32628898956682,maximum_decision_score
5,188,1673-143397-0000,1673/143397,LibriSpeech_1673,LibriSpeech_1673,1,39.32703364709392,maximum_decision_score
2,189,1673-143397-0001,1673/143397,LibriSpeech_1673,LibriSpeech_1673,1,39.325847905479606,maximum_decision_score
1,190,1673-143397-0002,1673/143397,LibriSpeech_1673,LibriSpeech_1673,1,39.326405289069534,maximum_decision_score
4,191,1673-143397-0003,1673/143397,LibriSpeech_1673,LibriSpeech_1673,1,39.326189951714184,maximum_decision_score
2,192,1673-143397-0004,1673/143397,LibriSpeech_1673,LibriSpeech_1673,1,39.32538844915342,maximum_decision_score
2,193,1673-143397-0005,1673/143397,LibriSpeech_1673,LibriSpeech_1673,1,39.3266679403117,maximum_decision_score
5,194,1673-143397-0006,1673/143397,LibriSpeech_1673,LibriSpeech_1673,1,39.326847827735804,maximum_decision_score
4,195,1673-143397-0007,1673/143397,LibriSpeech_1673,LibriSpeech_1673,1,39.32325354105132,maximum_decision_score
2,196,1673-143397-0008,1673/143397,LibriSpeech_1673,LibriSpeech_1673,1,39.32528546430866,maximum_decision_score
3,197,1673-143397-0009,1673/143397,LibriSpeech_1673,LibriSpeech_1673,1,39.325654426434234,maximum_decision_score
4,198,1673-143397-0010,1673/143397,LibriSpeech_1673,LibriSpeech_1673,1,39.32590551780248,maximum_decision_score
1,199,1673-143397-0011,1673/143397,LibriSpeech_1673,LibriSpeech_1673,1,39.32694390255659,maximum_decision_score
5,200,1673-143397-0012,1673/143397,LibriSpeech_1673,LibriSpeech_1673,1,39.32607589589155,maximum_decision_score
4,201,1673-143397-0013,1673/143397,LibriSpeech_1673,LibriSpeech_1673,1,39.32617582680658,maximum_decision_score
2,202,1673-143397-0014,1673/143397,LibriSpeech_1673,LibriSpeech_1673,1,39.32618176227566,maximum_decision_score
3,203,1673-143397-0015,1673/143397,LibriSpeech_1673,LibriSpeech_1673,1,39.326126956815216,maximum_decision_score
1,204,1673-143397-0016,1673/143397,LibriSpeech_1673,LibriSpeech_1673,1,39.32666913372019,maximum_decision_score
4,205,1673-143397-0017,1673/143397,LibriSpeech_1673,LibriSpeech_1673,1,39.325567919395056,maximum_decision_score
5,206,1673-143397-0018,1673/143397,LibriSpeech_1673,LibriSpeech_1673,1,39.326999411719356,maximum_decision_score
3,207,1673-143397-0019,1673/143397,LibriSpeech_1673,LibriSpeech_1673,1,39.32651073546313,maximum_decision_score
4,208,1673-143397-0020,1673/143397,LibriSpeech_1673,LibriSpeech_1673,1,39.32624107200775,maximum_decision_score
3,209,174-168635-0000,174/168635,LibriSpeech_174,LibriSpeech_174,1,39.325801462652194,maximum_decision_score
5,210,174-168635-0001,174/168635,LibriSpeech_174,LibriSpeech_174,1,39.325733879983254,maximum_decision_score
2,211,174-168635-0002,174/168635,LibriSpeech_174,LibriSpeech_174,1,39.327490690782945,maximum_decision_score
3,212,174-168635-0003,174/168635,LibriSpeech_174,LibriSpeech_174,1,39.32716995250668,maximum_decision_score
2,213,174-168635-0004,174/168635,LibriSpeech_174,LibriSpeech_174,1,39.32617796640185,maximum_decision_score
4,214,174-168635-0005,174/168635,LibriSpeech_174,LibriSpeech_174,1,39.32569293076598,maximum_decision_score
5,215,174-168635-0006,174/168635,LibriSpeech_174,LibriSpeech_174,1,39.32661418176655,maximum_decision_score
3,216,174-168635-0007,174/168635,LibriSpeech_174,LibriSpeech_174,1,39.327234539940406,maximum_decision_score
2,217,174-168635-0008,174/168635,LibriSpeech_174,LibriSpeech_174,1,39.326888556935245,maximum_decision_score
5,218,174-168635-0009,174/168635,LibriSpeech_174,LibriSpeech_174,1,39.32760315605333,maximum_decision_score
3,219,174-168635-0010,174/168635,LibriSpeech_174,LibriSpeech_174,1,39.3273607809069,maximum_decision_score
1,220,174-168635-0011,174/168635,LibriSpeech_174,LibriSpeech_174,1,39.326513378519515,maximum_decision_score
5,221,174-168635-0012,174/168635,LibriSpeech_174,LibriSpeech_174,1,39.32706140224099,maximum_decision_score
2,222,174-168635-0013,174/168635,LibriSpeech_174,LibriSpeech_174,1,39.327759787565924,maximum_decision_score
4,223,174-168635-0014,174/168635,LibriSpeech_174,LibriSpeech_174,1,39.325900939281865,maximum_decision_score
5,224,174-168635-0015,174/168635,LibriSpeech_174,LibriSpeech_174,1,39.32623948987231,maximum_decision_score
5,225,174-168635-0016,174/168635,LibriSpeech_174,LibriSpeech_174,1,39.32737073656116,maximum_decision_score
4,226,174-168635-0017,174/168635,LibriSpeech_174,LibriSpeech_174,1,39.326280621166354,maximum_decision_score
4,227,174-168635-0018,174/168635,LibriSpeech_174,LibriSpeech_174,1,39.327103415994586,maximum_decision_score
1,228,174-168635-0019,174/168635,LibriSpeech_174,LibriSpeech_174,1,39.326713726925604,maximum_decision_score
1,229,174-168635-0020,174/168635,LibriSpeech_174,LibriSpeech_174,1,39.325785913735984,maximum_decision_score
3,230,174-168635-0021,174/168635,LibriSpeech_174,LibriSpeech_174,1,39.32644591370297,maximum_decision_score
5,231,174-168635-0022,174/168635,LibriSpeech_174,LibriSpeech_174,1,39.32632831914851,maximum_decision_score
1,232,174-50561-0000,174/50561,LibriSpeech_174,LibriSpeech_174,1,39.32604395589856,maximum_decision_score
5,233,174-50561-0001,174/50561,LibriSpeech_174,LibriSpeech_174,1,39.327305181164334,maximum_decision_score
1,234,174-50561-0002,174/50561,LibriSpeech_174,LibriSpeech_174,1,39.32446948640406,maximum_decision_score
4,235,174-50561-0003,174/50561,LibriSpeech_174,LibriSpeech_174,1,39.325533164262524,maximum_decision_score
1,236,174-50561-0004,174/50561,LibriSpeech_174,LibriSpeech_174,1,39.32717133268865,maximum_decision_score
2,237,174-50561-0005,174/50561,LibriSpeech_174,LibriSpeech_174,1,39.327060786269165,maximum_decision_score
4,238,174-50561-0006,174/50561,LibriSpeech_174,LibriSpeech_174,1,39.32670837004571,maximum_decision_score
2,239,174-50561-0007,174/50561,LibriSpeech_174,LibriSpeech_174,1,39.32689185957149,maximum_decision_score
4,240,174-50561-0008,174/50561,LibriSpeech_174,LibriSpeech_174,1,39.32732816966169,maximum_decision_score
5,241,174-50561-0009,174/50561,LibriSpeech_174,LibriSpeech_174,1,39.327865148130904,maximum_decision_score
1,242,174-50561-0010,174/50561,LibriSpeech_174,LibriSpeech_174,1,39.327510890262744,maximum_decision_score
3,243,174-50561-0011,174/50561,LibriSpeech_174,LibriSpeech_174,1,39.32695748349675,maximum_decision_score
3,244,174-50561-0012,174/50561,LibriSpeech_174,LibriSpeech_174,1,39.32630789963309,maximum_decision_score
4,245,174-50561-0013,174/50561,LibriSpeech_174,LibriSpeech_174,1,39.326814680279405,maximum_decision_score
1,246,174-50561-0014,174/50561,LibriSpeech_174,LibriSpeech_174,1,39.32464674894125,maximum_decision_score
3,247,174-50561-0015,174/50561,LibriSpeech_174,LibriSpeech_174,1,39.32751074426525,maximum_decision_score
1,248,174-50561-0016,174/50561,LibriSpeech_174,LibriSpeech_174,1,39.32746928249689,maximum_decision_score
5,249,174-50561-0017,174/50561,LibriSpeech_174,LibriSpeech_174,1,39.325726519100385,maximum_decision_score
4,250,174-50561-0018,174/50561,LibriSpeech_174,LibriSpeech_3853,0,39.32593027297653,maximum_decision_score
4,251,174-50561-0019,174/50561,LibriSpeech_174,LibriSpeech_174,1,39.32533407639235,maximum_decision_score
2,252,174-84280-0000,174/84280,LibriSpeech_174,LibriSpeech_2428,0,39.32511928019567,maximum_decision_score
2,253,174-84280-0001,174/84280,LibriSpeech_174,LibriSpeech_174,1,39.32708983208162,maximum_decision_score
2,254,174-84280-0002,174/84280,LibriSpeech_174,LibriSpeech_174,1,39.32742025943567,maximum_decision_score
1,255,174-84280-0003,174/84280,LibriSpeech_174,LibriSpeech_174,1,39.326527117484005,maximum_decision_score
4,256,174-84280-0004,174/84280,LibriSpeech_174,LibriSpeech_174,1,39.326260514662025,maximum_decision_score
5,257,174-84280-0005,174/84280,LibriSpeech_174,LibriSpeech_174,1,39.327183061176605,maximum_decision_score
5,258,174-84280-0006,174/84280,LibriSpeech_174,LibriSpeech_174,1,39.32684611043684,maximum_decision_score
3,259,174-84280-0007,174/84280,LibriSpeech_174,LibriSpeech_174,1,39.32724934201916,maximum_decision_score
1,260,174-84280-0008,174/84280,LibriSpeech_174,LibriSpeech_174,1,39.32670527078718,maximum_decision_score
2,261,174-84280-0009,174/84280,LibriSpeech_174,LibriSpeech_174,1,39.327238115301995,maximum_decision_score
3,262,174-84280-0010,174/84280,LibriSpeech_174,LibriSpeech_174,1,39.327302655210566,maximum_decision_score
2,263,174-84280-0011,174/84280,LibriSpeech_174,LibriSpeech_174,1,39.326396878847056,maximum_decision_score
1,264,174-84280-0012,174/84280,LibriSpeech_174,LibriSpeech_174,1,39.32689636683998,maximum_decision_score
2,265,174-84280-0013,174/84280,LibriSpeech_174,LibriSpeech_174,1,39.32727023325411,maximum_decision_score
4,266,174-84280-0014,174/84280,LibriSpeech_174,LibriSpeech_174,1,39.3247194168411,maximum_decision_score
3,267,174-84280-0015,174/84280,LibriSpeech_174,LibriSpeech_174,1,39.32673070139591,maximum_decision_score
5,268,1919-142785-0000,1919/142785,LibriSpeech_1919,LibriSpeech_1919,1,39.3267574331931,maximum_decision_score
4,269,1919-142785-0001,1919/142785,LibriSpeech_1919,LibriSpeech_1919,1,39.32726436093221,maximum_decision_score
3,270,1919-142785-0002,1919/142785,LibriSpeech_1919,LibriSpeech_1919,1,39.32694536603402,maximum_decision_score
2,271,1919-142785-0003,1919/142785,LibriSpeech_1919,LibriSpeech_1919,1,39.32734792894657,maximum_decision_score
3,272,1919-142785-0004,1919/142785,LibriSpeech_1919,LibriSpeech_1919,1,39.3270499484564,maximum_decision_score
4,273,1919-142785-0005,1919/142785,LibriSpeech_1919,LibriSpeech_1919,1,39.326934800654286,maximum_decision_score
4,274,1919-142785-0006,1919/142785,LibriSpeech_1919,LibriSpeech_1919,1,39.326552125450526,maximum_decision_score
5,275,1919-142785-0007,1919/142785,LibriSpeech_1919,LibriSpeech_1919,1,39.32540964837865,maximum_decision_score
3,276,1919-142785-0008,1919/142785,LibriSpeech_1919,LibriSpeech_1919,1,39.326470282898136,maximum_decision_score
2,277,1919-142785-0009,1919/142785,LibriSpeech_1919,LibriSpeech_1919,1,39.32613387511508,maximum_decision_score
5,278,1919-142785-0010,1919/142785,LibriSpeech_1919,LibriSpeech_1919,1,39.32723907158714,maximum_decision_score
1,279,1919-142785-0011,1919/142785,LibriSpeech_1919,LibriSpeech_1919,1,39.327127952719756,maximum_decision_score
2,280,1919-142785-0012,1919/142785,LibriSpeech_1919,LibriSpeech_1919,1,39.32727112041442,maximum_decision_score
3,281,1919-142785-0013,1919/142785,LibriSpeech_1919,LibriSpeech_1919,1,39.32765197945103,maximum_decision_score
2,282,1919-142785-0014,1919/142785,LibriSpeech_1919,LibriSpeech_1919,1,39.326420588230135,maximum_decision_score
5,283,1919-142785-0015,1919/142785,LibriSpeech_1919,LibriSpeech_1919,1,39.327291032159714,maximum_decision_score
3,284,1919-142785-0016,1919/142785,LibriSpeech_1919,LibriSpeech_1919,1,39.32771641944211,maximum_decision_score
2,285,1919-142785-0017,1919/142785,LibriSpeech_1919,LibriSpeech_1919,1,39.32662118182736,maximum_decision_score
1,286,1919-142785-0018,1919/142785,LibriSpeech_1919,LibriSpeech_1919,1,39.326570459987614,maximum_decision_score
4,287,1919-142785-0019,1919/142785,LibriSpeech_1919,LibriSpeech_1919,1,39.32686213155224,maximum_decision_score
3,288,1919-142785-0020,1919/142785,LibriSpeech_1919,LibriSpeech_1919,1,39.3268105199553,maximum_decision_score
2,289,1919-142785-0021,1919/142785,LibriSpeech_1919,LibriSpeech_1919,1,38.32767230321117,maximum_decision_score
3,290,1919-142785-0022,1919/142785,LibriSpeech_1919,LibriSpeech_1919,1,39.326374687058355,maximum_decision_score
5,291,1919-142785-0023,1919/142785,LibriSpeech_1919,LibriSpeech_1919,1,39.324777504682224,maximum_decision_score
5,292,1919-142785-0024,1919/142785,LibriSpeech_1919,LibriSpeech_1919,1,39.326911261005755,maximum_decision_score
2,293,1919-142785-0025,1919/142785,LibriSpeech_1919,LibriSpeech_1919,1,39.3259571142591,maximum_decision_score
5,294,1919-142785-0026,1919/142785,LibriSpeech_1919,LibriSpeech_1919,1,39.32565194951917,maximum_decision_score
3,295,1919-142785-0027,1919/142785,LibriSpeech_1919,LibriSpeech_1919,1,39.32613498328904,maximum_decision_score
1,296,1919-142785-0028,1919/142785,LibriSpeech_1919,LibriSpeech_1919,1,39.3256094338993,maximum_decision_score
1,297,1919-142785-0029,1919/142785,LibriSpeech_1919,LibriSpeech_1919,1,39.32697921548903,maximum_decision_score
3,298,1919-142785-0030,1919/142785,LibriSpeech_1919,LibriSpeech_1919,1,39.32661830387624,maximum_decision_score
4,299,1919-142785-0031,1919/142785,LibriSpeech_1919,LibriSpeech_1919,1,39.32669111784686,maximum_decision_score
1,300,1919-142785-0032,1919/142785,LibriSpeech_1919,LibriSpeech_1919,1,39.326594761339095,maximum_decision_score
1,301,1919-142785-0033,1919/142785,LibriSpeech_1919,LibriSpeech_1919,1,39.326145872741705,maximum_decision_score
3,302,1919-142785-0034,1919/142785,LibriSpeech_1919,LibriSpeech_1919,1,39.324170342775496,maximum_decision_score
3,303,1919-142785-0035,1919/142785,LibriSpeech_1919,LibriSpeech_1919,1,39.32490884922759,maximum_decision_score
3,304,1919-142785-0036,1919/142785,LibriSpeech_1919,LibriSpeech_1919,1,39.32644427538583,maximum_decision_score
4,305,1919-142785-0037,1919/142785,LibriSpeech_1919,LibriSpeech_1919,1,39.3278279226455,maximum_decision_score
1,306,1919-142785-0038,1919/142785,LibriSpeech_1919,LibriSpeech_1919,1,39.32584918396503,maximum_decision_score
2,307,1919-142785-0039,1919/142785,LibriSpeech_1919,LibriSpeech_1919,1,39.32717138052271,maximum_decision_score
5,308,1919-142785-0040,1919/142785,LibriSpeech_1919,LibriSpeech_1919,1,39.32714609173809,maximum_decision_score
2,309,1919-142785-0041,1919/142785,LibriSpeech_1919,LibriSpeech_1919,1,39.32673118736149,maximum_decision_score
4,310,1919-142785-0042,1919/142785,LibriSpeech_1919,LibriSpeech_1919,1,39.326111392922826,maximum_decision_score
5,311,1919-142785-0043,1919/142785,LibriSpeech_1919,LibriSpeech_1919,1,39.32609745928104,maximum_decision_score
1,312,1919-142785-0044,1919/142785,LibriSpeech_1919,LibriSpeech_1919,1,39.325695405282474,maximum_decision_score
5,313,1919-142785-0045,1919/142785,LibriSpeech_1919,LibriSpeech_1919,1,39.325561201717676,maximum_decision_score
4,314,1919-142785-0046,1919/142785,LibriSpeech_1919,LibriSpeech_1919,1,39.32608601648367,maximum_decision_score
2,315,1919-142785-0047,1919/142785,LibriSpeech_1919,LibriSpeech_1919,1,39.3259970751838,maximum_decision_score
4,316,1919-142785-0048,1919/142785,LibriSpeech_1919,LibriSpeech_1919,1,39.3277688111947,maximum_decision_score
2,317,1919-142785-0049,1919/142785,LibriSpeech_1919,LibriSpeech_1919,1,39.32563506243795,maximum_decision_score
4,318,1919-142785-0050,1919/142785,LibriSpeech_1919,LibriSpeech_1919,1,39.32702693859548,maximum_decision_score
5,319,1919-142785-0051,1919/142785,LibriSpeech_1919,LibriSpeech_1919,1,39.32615551968834,maximum_decision_score
2,320,1919-142785-0052,1919/142785,LibriSpeech_1919,LibriSpeech_1919,1,39.3276708033616,maximum_decision_score
2,321,1919-142785-0053,1919/142785,LibriSpeech_1919,LibriSpeech_1919,1,39.326651642765675,maximum_decision_score
1,322,1919-142785-0054,1919/142785,LibriSpeech_1919,LibriSpeech_1919,1,39.32672573614633,maximum_decision_score
4,323,1919-142785-0055,1919/142785,LibriSpeech_1919,LibriSpeech_1919,1,39.32640276697923,maximum_decision_score
1,324,1919-142785-0056,1919/142785,LibriSpeech_1919,LibriSpeech_1919,1,39.32714611174771,maximum_decision_score
5,325,1919-142785-0057,1919/142785,LibriSpeech_1919,LibriSpeech_1919,1,39.327544677572746,maximum_decision_score
1,326,1919-142785-0058,1919/142785,LibriSpeech_1919,LibriSpeech_7850,0,39.324816226119026,maximum_decision_score
1,327,1919-142785-0059,1919/142785,LibriSpeech_1919,LibriSpeech_1919,1,39.32729095188438,maximum_decision_score
4,328,1919-142785-0060,1919/142785,LibriSpeech_1919,LibriSpeech_1919,1,39.32701502654351,maximum_decision_score
1,329,1919-142785-0061,1919/142785,LibriSpeech_1919,LibriSpeech_1919,1,39.32612107706626,maximum_decision_score
3,330,1919-142785-0062,1919/142785,LibriSpeech_1919,LibriSpeech_1919,1,39.32714866191511,maximum_decision_score
5,331,1919-142785-0063,1919/142785,LibriSpeech_1919,LibriSpeech_1919,1,39.32790182856065,maximum_decision_score
2,332,1988-147956-0000,1988/147956,LibriSpeech_1988,LibriSpeech_1988,1,39.32716614475633,maximum_decision_score
3,333,1988-147956-0001,1988/147956,LibriSpeech_1988,LibriSpeech_1988,1,39.327674177526205,maximum_decision_score
1,334,1988-147956-0002,1988/147956,LibriSpeech_1988,LibriSpeech_1988,1,39.32482051206342,maximum_decision_score
5,335,1988-147956-0003,1988/147956,LibriSpeech_1988,LibriSpeech_1919,0,38.32566920763527,maximum_decision_score
3,336,1988-147956-0004,1988/147956,LibriSpeech_1988,LibriSpeech_1988,1,39.32755890072704,maximum_decision_score
1,337,1988-147956-0005,1988/147956,LibriSpeech_1988,LibriSpeech_1988,1,39.32528257782119,maximum_decision_score
4,338,1988-147956-0006,1988/147956,LibriSpeech_1988,LibriSpeech_1988,1,39.324811062461734,maximum_decision_score
1,339,1988-147956-0007,1988/147956,LibriSpeech_1988,LibriSpeech_1988,1,39.3269310691666,maximum_decision_score
5,340,1988-147956-0008,1988/147956,LibriSpeech_1988,LibriSpeech_1988,1,39.32691352384948,maximum_decision_score
3,341,1988-147956-0009,1988/147956,LibriSpeech_1988,LibriSpeech_1988,1,39.32731297615344,maximum_decision_score
2,342,1988-147956-0010,1988/147956,LibriSpeech_1988,LibriSpeech_1988,1,39.32609206697556,maximum_decision_score
2,343,1988-147956-0011,1988/147956,LibriSpeech_1988,LibriSpeech_1988,1,39.3273212324975,maximum_decision_score
4,344,1988-147956-0012,1988/147956,LibriSpeech_1988,LibriSpeech_1988,1,39.326498918260434,maximum_decision_score
4,345,1988-147956-0013,1988/147956,LibriSpeech_1988,LibriSpeech_1988,1,39.32615809345594,maximum_decision_score
4,346,1988-147956-0014,1988/147956,LibriSpeech_1988,LibriSpeech_1988,1,39.326075025574674,maximum_decision_score
4,347,1988-147956-0015,1988/147956,LibriSpeech_1988,LibriSpeech_1988,1,39.32695589906343,maximum_decision_score
3,348,1988-147956-0016,1988/147956,LibriSpeech_1988,LibriSpeech_1988,1,39.32730823777646,maximum_decision_score
1,349,1988-147956-0017,1988/147956,LibriSpeech_1988,LibriSpeech_1988,1,39.327387650647466,maximum_decision_score
4,350,1988-147956-0018,1988/147956,LibriSpeech_1988,LibriSpeech_1988,1,39.32736993734789,maximum_decision_score
2,351,1988-147956-0019,1988/147956,LibriSpeech_1988,LibriSpeech_1988,1,39.327647986823294,maximum_decision_score
3,352,1988-147956-0020,1988/147956,LibriSpeech_1988,LibriSpeech_1988,1,39.32781269979647,maximum_decision_score
1,353,1988-147956-0021,1988/147956,LibriSpeech_1988,LibriSpeech_1988,1,39.32732236960038,maximum_decision_score
1,354,1988-147956-0022,1988/147956,LibriSpeech_1988,LibriSpeech_1988,1,39.327674152163276,maximum_decision_score
3,355,1988-147956-0023,1988/147956,LibriSpeech_1988,LibriSpeech_1988,1,39.32744726421033,maximum_decision_score
2,356,1988-147956-0024,1988/147956,LibriSpeech_1988,LibriSpeech_1988,1,39.32687196301859,maximum_decision_score
1,357,1988-147956-0025,1988/147956,LibriSpeech_1988,LibriSpeech_1988,1,39.3275378999114,maximum_decision_score
5,358,1988-147956-0026,1988/147956,LibriSpeech_1988,LibriSpeech_1988,1,39.32724335594123,maximum_decision_score
5,359,1988-147956-0027,1988/147956,LibriSpeech_1988,LibriSpeech_1988,1,39.32685855972922,maximum_decision_score
2,360,1988-147956-0028,1988/147956,LibriSpeech_1988,LibriSpeech_1988,1,39.327349609178356,maximum_decision_score
3,361,1988-147956-0029,1988/147956,LibriSpeech_1988,LibriSpeech_1988,1,39.32694732175568,maximum_decision_score
5,362,1988-148538-0000,1988/148538,LibriSpeech_1988,LibriSpeech_1988,1,39.32640778455649,maximum_decision_score
1,363,1988-148538-0001,1988/148538,LibriSpeech_1988,LibriSpeech_1988,1,39.32603935157224,maximum_decision_score
3,364,1988-148538-0002,1988/148538,LibriSpeech_1988,LibriSpeech_1988,1,39.32653692544431,maximum_decision_score
3,365,1988-148538-0003,1988/148538,LibriSpeech_1988,LibriSpeech_1988,1,39.325388945151,maximum_decision_score
3,366,1988-148538-0004,1988/148538,LibriSpeech_1988,LibriSpeech_1988,1,39.32697908900778,maximum_decision_score
1,367,1988-148538-0005,1988/148538,LibriSpeech_1988,LibriSpeech_1988,1,39.32625440414344,maximum_decision_score
5,368,1988-148538-0006,1988/148538,LibriSpeech_1988,LibriSpeech_1988,1,39.32594411811006,maximum_decision_score
5,369,1988-148538-0007,1988/148538,LibriSpeech_1988,LibriSpeech_1988,1,39.326408879345195,maximum_decision_score
2,370,1988-148538-0008,1988/148538,LibriSpeech_1988,LibriSpeech_1988,1,39.3260888817078,maximum_decision_score
2,371,1988-148538-0009,1988/148538,LibriSpeech_1988,LibriSpeech_1988,1,39.32694298523859,maximum_decision_score
5,372,1988-148538-0010,1988/148538,LibriSpeech_1988,LibriSpeech_1988,1,39.32668687412915,maximum_decision_score
1,373,1988-148538-0011,1988/148538,LibriSpeech_1988,LibriSpeech_1988,1,39.32666353730782,maximum_decision_score
4,374,1988-148538-0012,1988/148538,LibriSpeech_1988,LibriSpeech_1988,1,39.32613105275435,maximum_decision_score
3,375,1988-148538-0013,1988/148538,LibriSpeech_1988,LibriSpeech_1988,1,39.32682921167636,maximum_decision_score
1,376,1988-148538-0014,1988/148538,LibriSpeech_1988,LibriSpeech_1988,1,39.32684641394646,maximum_decision_score
2,377,1988-148538-0015,1988/148538,LibriSpeech_1988,LibriSpeech_1988,1,39.326455948171095,maximum_decision_score
2,378,1988-24833-0000,1988/24833,LibriSpeech_1988,LibriSpeech_1988,1,39.32677964125016,maximum_decision_score
4,379,1988-24833-0001,1988/24833,LibriSpeech_1988,LibriSpeech_1988,1,39.32719225180722,maximum_decision_score
3,380,1988-24833-0002,1988/24833,LibriSpeech_1988,LibriSpeech_1988,1,39.32719393521123,maximum_decision_score
2,381,1988-24833-0003,1988/24833,LibriSpeech_1988,LibriSpeech_1988,1,39.32737002660266,maximum_decision_score
2,382,1988-24833-0004,1988/24833,LibriSpeech_1988,LibriSpeech_1988,1,39.32703575965888,maximum_decision_score
5,383,1988-24833-0005,1988/24833,LibriSpeech_1988,LibriSpeech_1988,1,39.32633639196869,maximum_decision_score
1,384,1988-24833-0006,1988/24833,LibriSpeech_1988,LibriSpeech_1988,1,39.326463644604345,maximum_decision_score
4,385,1988-24833-0007,1988/24833,LibriSpeech_1988,LibriSpeech_1988,1,39.326921384212504,maximum_decision_score
2,386,1988-24833-0008,1988/24833,LibriSpeech_1988,LibriSpeech_1988,1,39.32548017299332,maximum_decision_score
4,387,1988-24833-0009,1988/24833,LibriSpeech_1988,LibriSpeech_1988,1,39.32716289018958,maximum_decision_score
2,388,1988-24833-0010,1988/24833,LibriSpeech_1988,LibriSpeech_2086,0,39.32295876130724,maximum_decision_score
5,389,1988-24833-0011,1988/24833,LibriSpeech_1988,LibriSpeech_1988,1,39.327016608749545,maximum_decision_score
5,390,1988-24833-0012,1988/24833,LibriSpeech_1988,LibriSpeech_1988,1,39.32664348965734,maximum_decision_score
3,391,1988-24833-0013,1988/24833,LibriSpeech_1988,LibriSpeech_1988,1,39.326971231545635,maximum_decision_score
2,392,1988-24833-0014,1988/24833,LibriSpeech_1988,LibriSpeech_1988,1,39.326794196548605,maximum_decision_score
4,393,1988-24833-0015,1988/24833,LibriSpeech_1988,LibriSpeech_1988,1,39.326312930526264,maximum_decision_score
4,394,1988-24833-0016,1988/24833,LibriSpeech_1988,LibriSpeech_1988,1,39.3251609063995,maximum_decision_score
5,395,1988-24833-0017,1988/24833,LibriSpeech_1988,LibriSpeech_1988,1,39.32701058896491,maximum_decision_score
5,396,1988-24833-0018,1988/24833,LibriSpeech_1988,LibriSpeech_1988,1,39.326068663595855,maximum_decision_score
1,397,1988-24833-0019,1988/24833,LibriSpeech_1988,LibriSpeech_1988,1,39.3272770120696,maximum_decision_score
3,398,1988-24833-0020,1988/24833,LibriSpeech_1988,LibriSpeech_1988,1,39.327391570596745,maximum_decision_score
4,399,1988-24833-0021,1988/24833,LibriSpeech_1988,LibriSpeech_1988,1,39.32767324068953,maximum_decision_score
5,400,1988-24833-0022,1988/24833,LibriSpeech_1988,LibriSpeech_1988,1,39.3273136947751,maximum_decision_score
4,401,1988-24833-0023,1988/24833,LibriSpeech_1988,LibriSpeech_1988,1,39.327011372543936,maximum_decision_score
5,402,1988-24833-0024,1988/24833,LibriSpeech_1988,LibriSpeech_1988,1,39.32731817935706,maximum_decision_score
4,403,1988-24833-0025,1988/24833,LibriSpeech_1988,LibriSpeech_1988,1,39.3279140045313,maximum_decision_score
1,404,1988-24833-0026,1988/24833,LibriSpeech_1988,LibriSpeech_1988,1,39.32711104136998,maximum_decision_score
1,405,1988-24833-0027,1988/24833,LibriSpeech_1988,LibriSpeech_1988,1,39.327505843707726,maximum_decision_score
3,406,1988-24833-0028,1988/24833,LibriSpeech_1988,LibriSpeech_1988,1,39.3269169168736,maximum_decision_score
1,407,1993-147149-0000,1993/147149,LibriSpeech_1993,LibriSpeech_1993,1,39.32694227575117,maximum_decision_score
3,408,1993-147149-0001,1993/147149,LibriSpeech_1993,LibriSpeech_1993,1,39.32590449691408,maximum_decision_score
4,409,1993-147149-0002,1993/147149,LibriSpeech_1993,LibriSpeech_1993,1,39.32686888808775,maximum_decision_score
3,410,1993-147149-0003,1993/147149,LibriSpeech_1993,LibriSpeech_1993,1,39.3254886903672,maximum_decision_score
1,411,1993-147149-0004,1993/147149,LibriSpeech_1993,LibriSpeech_1993,1,39.32682545376975,maximum_decision_score
2,412,1993-147149-0005,1993/147149,LibriSpeech_1993,LibriSpeech_1993,1,39.32682625488446,maximum_decision_score
5,413,1993-147149-0006,1993/147149,LibriSpeech_1993,LibriSpeech_1993,1,39.32617304220414,maximum_decision_score
4,414,1993-147149-0007,1993/147149,LibriSpeech_1993,LibriSpeech_1993,1,39.326622274916716,maximum_decision_score
4,415,1993-147149-0008,1993/147149,LibriSpeech_1993,LibriSpeech_1993,1,39.326444638196996,maximum_decision_score
5,416,1993-147149-0009,1993/147149,LibriSpeech_1993,LibriSpeech_1993,1,39.32696651382732,maximum_decision_score
5,417,1993-147149-0010,1993/147149,LibriSpeech_1993,LibriSpeech_1993,1,39.32513482699391,maximum_decision_score
5,418,1993-147149-0011,1993/147149,LibriSpeech_1993,LibriSpeech_1993,1,39.32710824346795,maximum_decision_score
2,419,1993-147149-0012,1993/147149,LibriSpeech_1993,LibriSpeech_1993,1,39.32650499696855,maximum_decision_score
5,420,1993-147149-0013,1993/147149,LibriSpeech_1993,LibriSpeech_1993,1,39.326010335706364,maximum_decision_score
3,421,1993-147149-0014,1993/147149,LibriSpeech_1993,LibriSpeech_1993,1,39.326910677537484,maximum_decision_score
2,422,1993-147149-0015,1993/147149,LibriSpeech_1993,LibriSpeech_1993,1,39.3273459779384,maximum_decision_score
4,423,1993-147149-0016,1993/147149,LibriSpeech_1993,LibriSpeech_1993,1,39.32656708982716,maximum_decision_score
2,424,1993-147149-0017,1993/147149,LibriSpeech_1993,LibriSpeech_1993,1,39.327676882323026,maximum_decision_score
1,425,1993-147149-0018,1993/147149,LibriSpeech_1993,LibriSpeech_1993,1,39.326118790236265,maximum_decision_score
1,426,1993-147149-0019,1993/147149,LibriSpeech_1993,LibriSpeech_1993,1,39.32750195825481,maximum_decision_score
2,427,1993-147149-0020,1993/147149,LibriSpeech_1993,LibriSpeech_1993,1,39.32627901287754,maximum_decision_score
3,428,1993-147149-0021,1993/147149,LibriSpeech_1993,LibriSpeech_1993,1,39.32649250499756,maximum_decision_score
1,429,1993-147149-0022,1993/147149,LibriSpeech_1993,LibriSpeech_1993,1,39.32680048046145,maximum_decision_score
4,430,1993-147149-0023,1993/147149,LibriSpeech_1993,LibriSpeech_1993,1,39.325500554368716,maximum_decision_score
2,431,1993-147149-0024,1993/147149,LibriSpeech_1993,LibriSpeech_1993,1,39.326480762253745,maximum_decision_score
3,432,1993-147149-0025,1993/147149,LibriSpeech_1993,LibriSpeech_1993,1,39.3263013284155,maximum_decision_score
3,433,1993-147149-0026,1993/147149,LibriSpeech_1993,LibriSpeech_1993,1,39.3237430461697,maximum_decision_score
5,434,1993-147149-0027,1993/147149,LibriSpeech_1993,LibriSpeech_1993,1,39.326736308452766,maximum_decision_score
3,435,1993-147149-0028,1993/147149,LibriSpeech_1993,LibriSpeech_1993,1,39.32673768044669,maximum_decision_score
4,436,1993-147149-0029,1993/147149,LibriSpeech_1993,LibriSpeech_1993,1,39.325109893647856,maximum_decision_score
1,437,1993-147149-0030,1993/147149,LibriSpeech_1993,LibriSpeech_1993,1,39.32521707349046,maximum_decision_score
5,438,1993-147964-0000,1993/147964,LibriSpeech_1993,LibriSpeech_1993,1,39.32639118151817,maximum_decision_score
4,439,1993-147964-0001,1993/147964,LibriSpeech_1993,LibriSpeech_1993,1,39.326722233274594,maximum_decision_score
1,440,1993-147964-0002,1993/147964,LibriSpeech_1993,LibriSpeech_1993,1,39.32640037239779,maximum_decision_score
2,441,1993-147964-0003,1993/147964,LibriSpeech_1993,LibriSpeech_1993,1,39.326787562390926,maximum_decision_score
5,442,1993-147964-0004,1993/147964,LibriSpeech_1993,LibriSpeech_1993,1,39.32574349124053,maximum_decision_score
1,443,1993-147964-0005,1993/147964,LibriSpeech_1993,LibriSpeech_1993,1,39.32653767511987,maximum_decision_score
2,444,1993-147964-0006,1993/147964,LibriSpeech_1993,LibriSpeech_1993,1,39.326758101040866,maximum_decision_score
3,445,1993-147964-0007,1993/147964,LibriSpeech_1993,LibriSpeech_1993,1,39.325746977855665,maximum_decision_score
5,446,1993-147964-0008,1993/147964,LibriSpeech_1993,LibriSpeech_1993,1,39.32666904870298,maximum_decision_score
4,447,1993-147964-0009,1993/147964,LibriSpeech_1993,LibriSpeech_1993,1,39.32603599634594,maximum_decision_score
2,448,1993-147964-0010,1993/147964,LibriSpeech_1993,LibriSpeech_1993,1,39.325948985514586,maximum_decision_score
4,449,1993-147965-0000,1993/147965,LibriSpeech_1993,LibriSpeech_1993,1,39.32553460141184,maximum_decision_score
1,450,1993-147965-0001,1993/147965,LibriSpeech_1993,LibriSpeech_1919,0,39.32453805534834,maximum_decision_score
4,451,1993-147965-0002,1993/147965,LibriSpeech_1993,LibriSpeech_1993,1,39.32594970165006,maximum_decision_score
2,452,1993-147965-0003,1993/147965,LibriSpeech_1993,LibriSpeech_1993,1,39.32740565174833,maximum_decision_score
4,453,1993-147965-0004,1993/147965,LibriSpeech_1993,LibriSpeech_1993,1,39.325122538989646,maximum_decision_score
5,454,1993-147965-0005,1993/147965,LibriSpeech_1993,LibriSpeech_1993,1,39.32672351468941,maximum_decision_score
1,455,1993-147965-0006,1993/147965,LibriSpeech_1993,LibriSpeech_1993,1,39.32587210479643,maximum_decision_score
4,456,1993-147965-0007,1993/147965,LibriSpeech_1993,LibriSpeech_1993,1,39.32573202612446,maximum_decision_score
5,457,1993-147965-0008,1993/147965,LibriSpeech_1993,LibriSpeech_1993,1,39.32547042800777,maximum_decision_score
3,458,1993-147966-0000,1993/147966,LibriSpeech_1993,LibriSpeech_1993,1,39.32586854848599,maximum_decision_score
3,459,1993-147966-0001,1993/147966,LibriSpeech_1993,LibriSpeech_1993,1,39.32612880185062,maximum_decision_score
1,460,1993-147966-0002,1993/147966,LibriSpeech_1993,LibriSpeech_1993,1,39.32590331348744,maximum_decision_score
2,461,1993-147966-0003,1993/147966,LibriSpeech_1993,LibriSpeech_1993,1,39.32719946380634,maximum_decision_score
3,462,1993-147966-0004,1993/147966,LibriSpeech_1993,LibriSpeech_1993,1,39.32576637670795,maximum_decision_score
2,463,1993-147966-0005,1993/147966,LibriSpeech_1993,LibriSpeech_1993,1,39.32569367223568,maximum_decision_score
3,464,1993-147966-0006,1993/147966,LibriSpeech_1993,LibriSpeech_1993,1,39.32725774578155,maximum_decision_score
2,465,2035-147960-0000,2035/147960,LibriSpeech_2035,LibriSpeech_2035,1,39.32709190807222,maximum_decision_score
5,466,2035-147960-0001,2035/147960,LibriSpeech_2035,LibriSpeech_2035,1,39.32708431664924,maximum_decision_score
4,467,2035-147960-0002,2035/147960,LibriSpeech_2035,LibriSpeech_2035,1,39.32673151312724,maximum_decision_score
4,468,2035-147960-0003,2035/147960,LibriSpeech_2035,LibriSpeech_2035,1,39.32725031827549,maximum_decision_score
1,469,2035-147960-0004,2035/147960,LibriSpeech_2035,LibriSpeech_2035,1,39.32640343285644,maximum_decision_score
4,470,2035-147960-0005,2035/147960,LibriSpeech_2035,LibriSpeech_2035,1,39.32718895981555,maximum_decision_score
3,471,2035-147960-0006,2035/147960,LibriSpeech_2035,LibriSpeech_2035,1,39.32446852335842,maximum_decision_score
4,472,2035-147960-0007,2035/147960,LibriSpeech_2035,LibriSpeech_2035,1,39.32726632037791,maximum_decision_score
5,473,2035-147960-0008,2035/147960,LibriSpeech_2035,LibriSpeech_2035,1,39.32658940756497,maximum_decision_score
4,474,2035-147960-0009,2035/147960,LibriSpeech_2035,LibriSpeech_2035,1,39.327295987731986,maximum_decision_score
3,475,2035-147960-0010,2035/147960,LibriSpeech_2035,LibriSpeech_2035,1,39.326312934845674,maximum_decision_score
5,476,2035-147960-0011,2035/147960,LibriSpeech_2035,LibriSpeech_2035,1,39.3276693439039,maximum_decision_score
3,477,2035-147960-0012,2035/147960,LibriSpeech_2035,LibriSpeech_2035,1,39.32635612579263,maximum_decision_score
2,478,2035-147960-0013,2035/147960,LibriSpeech_2035,LibriSpeech_2035,1,39.32532845470097,maximum_decision_score
2,479,2035-147960-0014,2035/147960,LibriSpeech_2035,LibriSpeech_2035,1,39.3243727492443,maximum_decision_score
4,480,2035-147960-0015,2035/147960,LibriSpeech_2035,LibriSpeech_2035,1,39.32502270272575,maximum_decision_score
5,481,2035-147960-0016,2035/147960,LibriSpeech_2035,LibriSpeech_2035,1,39.325646852407935,maximum_decision_score
1,482,2035-147961-0000,2035/147961,LibriSpeech_2035,LibriSpeech_2035,1,39.32677310299088,maximum_decision_score
5,483,2035-147961-0001,2035/147961,LibriSpeech_2035,LibriSpeech_2035,1,39.327550716596846,maximum_decision_score
5,484,2035-147961-0002,2035/147961,LibriSpeech_2035,LibriSpeech_2035,1,39.32690703854942,maximum_decision_score
1,485,2035-147961-0003,2035/147961,LibriSpeech_2035,LibriSpeech_2035,1,39.32602399776088,maximum_decision_score
1,486,2035-147961-0004,2035/147961,LibriSpeech_2035,LibriSpeech_2035,1,39.32651491031291,maximum_decision_score
3,487,2035-147961-0005,2035/147961,LibriSpeech_2035,LibriSpeech_2035,1,39.327571913124615,maximum_decision_score
3,488,2035-147961-0006,2035/147961,LibriSpeech_2035,LibriSpeech_2035,1,39.32687194015111,maximum_decision_score
4,489,2035-147961-0007,2035/147961,LibriSpeech_2035,LibriSpeech_2035,1,39.32630364094183,maximum_decision_score
2,490,2035-147961-0008,2035/147961,LibriSpeech_2035,LibriSpeech_2035,1,39.325243249761115,maximum_decision_score
3,491,2035-147961-0009,2035/147961,LibriSpeech_2035,LibriSpeech_2035,1,39.32695388481233,maximum_decision_score
3,492,2035-147961-0010,2035/147961,LibriSpeech_2035,LibriSpeech_2035,1,39.32564522714008,maximum_decision_score
4,493,2035-147961-0011,2035/147961,LibriSpeech_2035,LibriSpeech_2035,1,39.32698299257265,maximum_decision_score
1,494,2035-147961-0012,2035/147961,LibriSpeech_2035,LibriSpeech_2035,1,39.32568150193509,maximum_decision_score
3,495,2035-147961-0013,2035/147961,LibriSpeech_2035,LibriSpeech_2035,1,39.327506651160455,maximum_decision_score
1,496,2035-147961-0014,2035/147961,LibriSpeech_2035,LibriSpeech_2035,1,39.326990679928095,maximum_decision_score
2,497,2035-147961-0015,2035/147961,LibriSpeech_2035,LibriSpeech_2035,1,39.32745368074175,maximum_decision_score
3,498,2035-147961-0016,2035/147961,LibriSpeech_2035,LibriSpeech_2035,1,39.327477126858824,maximum_decision_score
3,499,2035-147961-0017,2035/147961,LibriSpeech_2035,LibriSpeech_2035,1,39.327023808512706,maximum_decision_score
2,500,2035-147961-0018,2035/147961,LibriSpeech_2035,LibriSpeech_2035,1,39.327356901738575,maximum_decision_score
5,501,2035-147961-0019,2035/147961,LibriSpeech_2035,LibriSpeech_2035,1,39.32706433335593,maximum_decision_score
2,502,2035-147961-0020,2035/147961,LibriSpeech_2035,LibriSpeech_2035,1,39.32805225689993,maximum_decision_score
4,503,2035-147961-0021,2035/147961,LibriSpeech_2035,LibriSpeech_2035,1,39.32648047925979,maximum_decision_score
5,504,2035-147961-0022,2035/147961,LibriSpeech_2035,LibriSpeech_2035,1,39.32682634700615,maximum_decision_score
1,505,2035-147961-0023,2035/147961,LibriSpeech_2035,LibriSpeech_2035,1,39.32576367327268,maximum_decision_score
1,506,2035-147961-0024,2035/147961,LibriSpeech_2035,LibriSpeech_2412,0,39.325226373900364,maximum_decision_score
2,507,2035-147961-0025,2035/147961,LibriSpeech_2035,LibriSpeech_2035,1,39.32577896570627,maximum_decision_score
5,508,2035-147961-0026,2035/147961,LibriSpeech_2035,LibriSpeech_2035,1,39.32589140115173,maximum_decision_score
2,509,2035-147961-0027,2035/147961,LibriSpeech_2035,LibriSpeech_3536,0,39.32671897600419,maximum_decision_score
3,510,2035-147961-0028,2035/147961,LibriSpeech_2035,LibriSpeech_2035,1,39.32673210684615,maximum_decision_score
1,511,2035-147961-0029,2035/147961,LibriSpeech_2035,LibriSpeech_2035,1,39.325160433735725,maximum_decision_score
5,512,2035-147961-0030,2035/147961,LibriSpeech_2035,LibriSpeech_2035,1,39.32510632842126,maximum_decision_score
4,513,2035-147961-0031,2035/147961,LibriSpeech_2035,LibriSpeech_2035,1,39.326729418402614,maximum_decision_score
4,514,2035-147961-0032,2035/147961,LibriSpeech_2035,LibriSpeech_2035,1,39.32806281580498,maximum_decision_score
3,515,2035-147961-0033,2035/147961,LibriSpeech_2035,LibriSpeech_2035,1,39.32667400821413,maximum_decision_score
3,516,2035-147961-0034,2035/147961,LibriSpeech_2035,LibriSpeech_2035,1,39.32702307853104,maximum_decision_score
4,517,2035-147961-0035,2035/147961,LibriSpeech_2035,LibriSpeech_2035,1,39.32558450125088,maximum_decision_score
1,518,2035-147961-0036,2035/147961,LibriSpeech_2035,LibriSpeech_2035,1,39.32740701512311,maximum_decision_score
3,519,2035-147961-0037,2035/147961,LibriSpeech_2035,LibriSpeech_2035,1,39.32642633010875,maximum_decision_score
4,520,2035-147961-0038,2035/147961,LibriSpeech_2035,LibriSpeech_2035,1,39.32644273890618,maximum_decision_score
3,521,2035-147961-0039,2035/147961,LibriSpeech_2035,LibriSpeech_2035,1,39.32750914825809,maximum_decision_score
5,522,2035-147961-0040,2035/147961,LibriSpeech_2035,LibriSpeech_2035,1,39.32689237468787,maximum_decision_score
1,523,2035-152373-0000,2035/152373,LibriSpeech_2035,LibriSpeech_2035,1,39.3256949971158,maximum_decision_score
3,524,2035-152373-0001,2035/152373,LibriSpeech_2035,LibriSpeech_2035,1,39.326721054049415,maximum_decision_score
2,525,2035-152373-0002,2035/152373,LibriSpeech_2035,LibriSpeech_2035,1,39.32663645050753,maximum_decision_score
5,526,2035-152373-0003,2035/152373,LibriSpeech_2035,LibriSpeech_2035,1,39.32661092258348,maximum_decision_score
2,527,2035-152373-0004,2035/152373,LibriSpeech_2035,LibriSpeech_2035,1,39.32678692857141,maximum_decision_score
1,528,2035-152373-0005,2035/152373,LibriSpeech_2035,LibriSpeech_2035,1,39.32692626670893,maximum_decision_score
2,529,2035-152373-0006,2035/152373,LibriSpeech_2035,LibriSpeech_2035,1,39.325585765559396,maximum_decision_score
5,530,2035-152373-0007,2035/152373,LibriSpeech_2035,LibriSpeech_2035,1,39.3262762541328,maximum_decision_score
1,531,2035-152373-0008,2035/152373,LibriSpeech_2035,LibriSpeech_2035,1,39.32724498332767,maximum_decision_score
1,532,2035-152373-0009,2035/152373,LibriSpeech_2035,LibriSpeech_2035,1,39.32616664074756,maximum_decision_score
5,533,2035-152373-0010,2035/152373,LibriSpeech_2035,LibriSpeech_2035,1,39.32598780391689,maximum_decision_score
2,534,2035-152373-0011,2035/152373,LibriSpeech_2035,LibriSpeech_2035,1,39.32621541852002,maximum_decision_score
4,535,2035-152373-0012,2035/152373,LibriSpeech_2035,LibriSpeech_2035,1,39.32509614855448,maximum_decision_score
1,536,2035-152373-0013,2035/152373,LibriSpeech_2035,LibriSpeech_2035,1,39.32676007344592,maximum_decision_score
5,537,2035-152373-0014,2035/152373,LibriSpeech_2035,LibriSpeech_2035,1,39.326138909369924,maximum_decision_score
4,538,2035-152373-0015,2035/152373,LibriSpeech_2035,LibriSpeech_2035,1,39.32595350201599,maximum_decision_score
2,539,2035-152373-0016,2035/152373,LibriSpeech_2035,LibriSpeech_2035,1,39.32676755185385,maximum_decision_score
2,540,2035-152373-0017,2035/152373,LibriSpeech_2035,LibriSpeech_2035,1,39.325871616613846,maximum_decision_score
4,541,2035-152373-0018,2035/152373,LibriSpeech_2035,LibriSpeech_2035,1,39.32601143052919,maximum_decision_score
4,542,2078-142845-0000,2078/142845,LibriSpeech_2078,LibriSpeech_2078,1,39.32656275605543,maximum_decision_score
3,543,2078-142845-0001,2078/142845,LibriSpeech_2078,LibriSpeech_2078,1,39.326459132946376,maximum_decision_score
5,544,2078-142845-0002,2078/142845,LibriSpeech_2078,LibriSpeech_6313,0,39.326750230104615,maximum_decision_score
1,545,2078-142845-0003,2078/142845,LibriSpeech_2078,LibriSpeech_2078,1,39.326491381308664,maximum_decision_score
4,546,2078-142845-0004,2078/142845,LibriSpeech_2078,LibriSpeech_2078,1,39.32635386438069,maximum_decision_score
2,547,2078-142845-0005,2078/142845,LibriSpeech_2078,LibriSpeech_2078,1,39.326510371326656,maximum_decision_score
4,548,2078-142845-0006,2078/142845,LibriSpeech_2078,LibriSpeech_2078,1,39.32657063581935,maximum_decision_score
3,549,2078-142845-0007,2078/142845,LibriSpeech_2078,LibriSpeech_2078,1,39.32634877984905,maximum_decision_score
5,550,2078-142845-0008,2078/142845,LibriSpeech_2078,LibriSpeech_2078,1,39.32603551024254,maximum_decision_score
1,551,2078-142845-0009,2078/142845,LibriSpeech_2078,LibriSpeech_2078,1,39.32702530566085,maximum_decision_score
3,552,2078-142845-0010,2078/142845,LibriSpeech_2078,LibriSpeech_2078,1,39.32630191526155,maximum_decision_score
4,553,2078-142845-0011,2078/142845,LibriSpeech_2078,LibriSpeech_2078,1,39.32613065463592,maximum_decision_score
3,554,2078-142845-0012,2078/142845,LibriSpeech_2078,LibriSpeech_2078,1,39.32659523994981,maximum_decision_score
1,555,2078-142845-0013,2078/142845,LibriSpeech_2078,LibriSpeech_2078,1,39.3264613650241,maximum_decision_score
3,556,2078-142845-0014,2078/142845,LibriSpeech_2078,LibriSpeech_2078,1,39.32659811691218,maximum_decision_score
1,557,2078-142845-0015,2078/142845,LibriSpeech_2078,LibriSpeech_2078,1,39.3254576039093,maximum_decision_score
1,558,2078-142845-0016,2078/142845,LibriSpeech_2078,LibriSpeech_2078,1,39.325500500958675,maximum_decision_score
1,559,2078-142845-0017,2078/142845,LibriSpeech_2078,LibriSpeech_2078,1,39.3262455797392,maximum_decision_score
5,560,2078-142845-0018,2078/142845,LibriSpeech_2078,LibriSpeech_2078,1,39.32690558995277,maximum_decision_score
5,561,2078-142845-0019,2078/142845,LibriSpeech_2078,LibriSpeech_2078,1,39.325609640257724,maximum_decision_score
4,562,2078-142845-0020,2078/142845,LibriSpeech_2078,LibriSpeech_2078,1,39.32548843810245,maximum_decision_score
5,563,2078-142845-0021,2078/142845,LibriSpeech_2078,LibriSpeech_2078,1,39.32608613878727,maximum_decision_score
4,564,2078-142845-0022,2078/142845,LibriSpeech_2078,LibriSpeech_2078,1,39.324581858407115,maximum_decision_score
4,565,2078-142845-0023,2078/142845,LibriSpeech_2078,LibriSpeech_6313,0,39.32747626079602,maximum_decision_score
3,566,2078-142845-0024,2078/142845,LibriSpeech_2078,LibriSpeech_2078,1,39.32557869544752,maximum_decision_score
5,567,2078-142845-0025,2078/142845,LibriSpeech_2078,LibriSpeech_2078,1,39.325210198035826,maximum_decision_score
5,568,2078-142845-0026,2078/142845,LibriSpeech_2078,LibriSpeech_2078,1,39.32600587481855,maximum_decision_score
3,569,2078-142845-0027,2078/142845,LibriSpeech_2078,LibriSpeech_2078,1,39.32668810326345,maximum_decision_score
5,570,2078-142845-0028,2078/142845,LibriSpeech_2078,LibriSpeech_2078,1,39.32642843331267,maximum_decision_score
1,571,2078-142845-0029,2078/142845,LibriSpeech_2078,LibriSpeech_2078,1,39.32658453385252,maximum_decision_score
4,572,2078-142845-0030,2078/142845,LibriSpeech_2078,LibriSpeech_2078,1,39.32596074250945,maximum_decision_score
4,573,2078-142845-0031,2078/142845,LibriSpeech_2078,LibriSpeech_2078,1,39.32577303187381,maximum_decision_score
2,574,2078-142845-0032,2078/142845,LibriSpeech_2078,LibriSpeech_2078,1,39.326183982705786,maximum_decision_score
4,575,2078-142845-0033,2078/142845,LibriSpeech_2078,LibriSpeech_2078,1,39.32579304722695,maximum_decision_score
3,576,2078-142845-0034,2078/142845,LibriSpeech_2078,LibriSpeech_2078,1,39.32617128296921,maximum_decision_score
2,577,2078-142845-0035,2078/142845,LibriSpeech_2078,LibriSpeech_2078,1,39.326358712547744,maximum_decision_score
1,578,2078-142845-0036,2078/142845,LibriSpeech_2078,LibriSpeech_2078,1,39.327105589371484,maximum_decision_score
2,579,2078-142845-0037,2078/142845,LibriSpeech_2078,LibriSpeech_2078,1,39.32549274388971,maximum_decision_score
3,580,2078-142845-0038,2078/142845,LibriSpeech_2078,LibriSpeech_2078,1,39.325965811167755,maximum_decision_score
1,581,2078-142845-0039,2078/142845,LibriSpeech_2078,LibriSpeech_2078,1,39.325404604191355,maximum_decision_score
2,582,2078-142845-0040,2078/142845,LibriSpeech_2078,LibriSpeech_2078,1,39.326428983241705,maximum_decision_score
3,583,2078-142845-0041,2078/142845,LibriSpeech_2078,LibriSpeech_2078,1,39.32648983307733,maximum_decision_score
1,584,2078-142845-0042,2078/142845,LibriSpeech_2078,LibriSpeech_2078,1,39.326547833359804,maximum_decision_score
2,585,2078-142845-0043,2078/142845,LibriSpeech_2078,LibriSpeech_2078,1,39.32565457603593,maximum_decision_score
2,586,2078-142845-0044,2078/142845,LibriSpeech_2078,LibriSpeech_2078,1,39.32722008468024,maximum_decision_score
2,587,2078-142845-0045,2078/142845,LibriSpeech_2078,LibriSpeech_2078,1,39.32638800575537,maximum_decision_score
5,588,2078-142845-0046,2078/142845,LibriSpeech_2078,LibriSpeech_2078,1,39.325795597352744,maximum_decision_score
2,589,2078-142845-0047,2078/142845,LibriSpeech_2078,LibriSpeech_2078,1,39.32586020160088,maximum_decision_score
5,590,2078-142845-0048,2078/142845,LibriSpeech_2078,LibriSpeech_2078,1,39.3262368389218,maximum_decision_score
4,591,2078-142845-0049,2078/142845,LibriSpeech_2078,LibriSpeech_2078,1,39.32605193646181,maximum_decision_score
2,592,2078-142845-0050,2078/142845,LibriSpeech_2078,LibriSpeech_2078,1,39.32662346498409,maximum_decision_score
5,593,2078-142845-0051,2078/142845,LibriSpeech_2078,LibriSpeech_2078,1,39.32516018429668,maximum_decision_score
4,594,2086-149214-0000,2086/149214,LibriSpeech_2086,LibriSpeech_2086,1,39.326881431103544,maximum_decision_score
5,595,2086-149214-0001,2086/149214,LibriSpeech_2086,LibriSpeech_2086,1,39.32634973787105,maximum_decision_score
5,596,2086-149214-0002,2086/149214,LibriSpeech_2086,LibriSpeech_2086,1,39.326121881924614,maximum_decision_score
3,597,2086-149214-0003,2086/149214,LibriSpeech_2086,LibriSpeech_2086,1,39.326032916691105,maximum_decision_score
2,598,2086-149214-0004,2086/149214,LibriSpeech_2086,LibriSpeech_2086,1,39.32586811237262,maximum_decision_score
2,599,2086-149220-0000,2086/149220,LibriSpeech_2086,LibriSpeech_2086,1,39.32672947450119,maximum_decision_score
4,600,2086-149220-0001,2086/149220,LibriSpeech_2086,LibriSpeech_2086,1,39.327017683480605,maximum_decision_score
5,601,2086-149220-0002,2086/149220,LibriSpeech_2086,LibriSpeech_2086,1,39.326922212982275,maximum_decision_score
3,602,2086-149220-0003,2086/149220,LibriSpeech_2086,LibriSpeech_2086,1,39.326243910403996,maximum_decision_score
4,603,2086-149220-0004,2086/149220,LibriSpeech_2086,LibriSpeech_2086,1,39.327076211435056,maximum_decision_score
4,604,2086-149220-0005,2086/149220,LibriSpeech_2086,LibriSpeech_2086,1,39.32603762665586,maximum_decision_score
1,605,2086-149220-0006,2086/149220,LibriSpeech_2086,LibriSpeech_2086,1,39.32728814706071,maximum_decision_score
4,606,2086-149220-0007,2086/149220,LibriSpeech_2086,LibriSpeech_2086,1,39.32606484629272,maximum_decision_score
5,607,2086-149220-0008,2086/149220,LibriSpeech_2086,LibriSpeech_2086,1,39.32664773744767,maximum_decision_score
5,608,2086-149220-0009,2086/149220,LibriSpeech_2086,LibriSpeech_2086,1,39.32710455186671,maximum_decision_score
4,609,2086-149220-0010,2086/149220,LibriSpeech_2086,LibriSpeech_2086,1,39.32652715107855,maximum_decision_score
4,610,2086-149220-0011,2086/149220,LibriSpeech_2086,LibriSpeech_2086,1,39.32707002005354,maximum_decision_score
2,611,2086-149220-0012,2086/149220,LibriSpeech_2086,LibriSpeech_2086,1,39.32681293617487,maximum_decision_score
3,612,2086-149220-0013,2086/149220,LibriSpeech_2086,LibriSpeech_2086,1,39.32660659351373,maximum_decision_score
5,613,2086-149220-0014,2086/149220,LibriSpeech_2086,LibriSpeech_2086,1,39.32640197298905,maximum_decision_score
1,614,2086-149220-0015,2086/149220,LibriSpeech_2086,LibriSpeech_2086,1,39.32667750443026,maximum_decision_score
1,615,2086-149220-0016,2086/149220,LibriSpeech_2086,LibriSpeech_2086,1,39.324748377658565,maximum_decision_score
3,616,2086-149220-0017,2086/149220,LibriSpeech_2086,LibriSpeech_2086,1,39.32710518946382,maximum_decision_score
5,617,2086-149220-0018,2086/149220,LibriSpeech_2086,LibriSpeech_2086,1,39.32570159035646,maximum_decision_score
1,618,2086-149220-0019,2086/149220,LibriSpeech_2086,LibriSpeech_2086,1,39.32650362493689,maximum_decision_score
5,619,2086-149220-0020,2086/149220,LibriSpeech_2086,LibriSpeech_2086,1,39.32685263592689,maximum_decision_score
1,620,2086-149220-0021,2086/149220,LibriSpeech_2086,LibriSpeech_2086,1,39.32617745263954,maximum_decision_score
3,621,2086-149220-0022,2086/149220,LibriSpeech_2086,LibriSpeech_2086,1,39.32680103251098,maximum_decision_score
1,622,2086-149220-0023,2086/149220,LibriSpeech_2086,LibriSpeech_2086,1,39.32667857042137,maximum_decision_score
2,623,2086-149220-0024,2086/149220,LibriSpeech_2086,LibriSpeech_2086,1,39.3270946109304,maximum_decision_score
2,624,2086-149220-0025,2086/149220,LibriSpeech_2086,LibriSpeech_2086,1,39.327126395695,maximum_decision_score
3,625,2086-149220-0026,2086/149220,LibriSpeech_2086,LibriSpeech_2086,1,39.326518428607365,maximum_decision_score
3,626,2086-149220-0027,2086/149220,LibriSpeech_2086,LibriSpeech_2086,1,39.32613865942251,maximum_decision_score
4,627,2086-149220-0028,2086/149220,LibriSpeech_2086,LibriSpeech_2086,1,39.32719699741064,maximum_decision_score
3,628,2086-149220-0029,2086/149220,LibriSpeech_2086,LibriSpeech_2086,1,39.32700287103517,maximum_decision_score
2,629,2086-149220-0030,2086/149220,LibriSpeech_2086,LibriSpeech_2086,1,39.3261909737818,maximum_decision_score
2,630,2086-149220-0031,2086/149220,LibriSpeech_2086,LibriSpeech_2086,1,39.32734257441513,maximum_decision_score
1,631,2086-149220-0032,2086/149220,LibriSpeech_2086,LibriSpeech_2086,1,39.32563980096521,maximum_decision_score
4,632,2086-149220-0033,2086/149220,LibriSpeech_2086,LibriSpeech_2086,1,39.32671409085633,maximum_decision_score
3,633,2086-149220-0034,2086/149220,LibriSpeech_2086,LibriSpeech_2086,1,39.3265740780615,maximum_decision_score
5,634,2086-149220-0035,2086/149220,LibriSpeech_2086,LibriSpeech_2086,1,39.32702683866969,maximum_decision_score
2,635,2086-149220-0036,2086/149220,LibriSpeech_2086,LibriSpeech_2086,1,39.32666782764763,maximum_decision_score
2,636,2086-149220-0037,2086/149220,LibriSpeech_2086,LibriSpeech_2086,1,39.326437647183035,maximum_decision_score
1,637,2086-149220-0038,2086/149220,LibriSpeech_2086,LibriSpeech_2086,1,39.326768356375716,maximum_decision_score
1,638,2086-149220-0039,2086/149220,LibriSpeech_2086,LibriSpeech_2086,1,39.32426765221642,maximum_decision_score
3,639,2086-149220-0040,2086/149220,LibriSpeech_2086,LibriSpeech_2086,1,39.32514756588615,maximum_decision_score
4,640,2086-149220-0041,2086/149220,LibriSpeech_2086,LibriSpeech_2086,1,39.327033198681804,maximum_decision_score
1,641,2086-149220-0042,2086/149220,LibriSpeech_2086,LibriSpeech_2086,1,39.32598171673405,maximum_decision_score
5,642,2086-149220-0043,2086/149220,LibriSpeech_2086,LibriSpeech_2086,1,39.32556404015715,maximum_decision_score
3,643,2086-149220-0044,2086/149220,LibriSpeech_2086,LibriSpeech_2086,1,39.32706835535088,maximum_decision_score
5,644,2086-149220-0045,2086/149220,LibriSpeech_2086,LibriSpeech_2086,1,39.32724394485356,maximum_decision_score
1,645,2086-149220-0046,2086/149220,LibriSpeech_2086,LibriSpeech_2086,1,39.323371961372764,maximum_decision_score
2,646,2086-149220-0047,2086/149220,LibriSpeech_2086,LibriSpeech_2086,1,39.32711031814409,maximum_decision_score
2,647,2086-149220-0048,2086/149220,LibriSpeech_2086,LibriSpeech_2086,1,39.32719680577287,maximum_decision_score
4,648,2086-149220-0049,2086/149220,LibriSpeech_2086,LibriSpeech_2086,1,39.32656118655641,maximum_decision_score
2,649,2277-149874-0000,2277/149874,LibriSpeech_2277,LibriSpeech_2277,1,39.326796356375084,maximum_decision_score
1,650,2277-149874-0001,2277/149874,LibriSpeech_2277,LibriSpeech_2277,1,39.32713588025247,maximum_decision_score
1,651,2277-149874-0002,2277/149874,LibriSpeech_2277,LibriSpeech_2277,1,39.32750009438329,maximum_decision_score
3,652,2277-149874-0003,2277/149874,LibriSpeech_2277,LibriSpeech_2277,1,39.32651484992712,maximum_decision_score
5,653,2277-149874-0004,2277/149874,LibriSpeech_2277,LibriSpeech_2277,1,39.32622506439967,maximum_decision_score
2,654,2277-149874-0005,2277/149874,LibriSpeech_2277,LibriSpeech_2277,1,39.3250163114053,maximum_decision_score
5,655,2277-149874-0006,2277/149874,LibriSpeech_2277,LibriSpeech_2277,1,39.32562384471075,maximum_decision_score
2,656,2277-149874-0007,2277/149874,LibriSpeech_2277,LibriSpeech_2277,1,39.325827849013685,maximum_decision_score
2,657,2277-149874-0008,2277/149874,LibriSpeech_2277,LibriSpeech_2277,1,39.327068052252905,maximum_decision_score
4,658,2277-149874-0009,2277/149874,LibriSpeech_2277,LibriSpeech_2277,1,39.32686093099927,maximum_decision_score
3,659,2277-149874-0010,2277/149874,LibriSpeech_2277,LibriSpeech_2277,1,39.32535535589533,maximum_decision_score
5,660,2277-149874-0011,2277/149874,LibriSpeech_2277,LibriSpeech_2277,1,39.32559472823807,maximum_decision_score
4,661,2277-149874-0012,2277/149874,LibriSpeech_2277,LibriSpeech_2277,1,39.32642167564478,maximum_decision_score
4,662,2277-149874-0013,2277/149874,LibriSpeech_2277,LibriSpeech_2277,1,39.3264382872966,maximum_decision_score
3,663,2277-149874-0014,2277/149874,LibriSpeech_2277,LibriSpeech_2277,1,39.32673548938502,maximum_decision_score
4,664,2277-149874-0015,2277/149874,LibriSpeech_2277,LibriSpeech_2277,1,39.326617166647594,maximum_decision_score
4,665,2277-149874-0016,2277/149874,LibriSpeech_2277,LibriSpeech_2277,1,39.32722068826533,maximum_decision_score
5,666,2277-149874-0017,2277/149874,LibriSpeech_2277,LibriSpeech_2277,1,39.326813037751585,maximum_decision_score
1,667,2277-149874-0018,2277/149874,LibriSpeech_2277,LibriSpeech_2277,1,39.327254370474215,maximum_decision_score
3,668,2277-149874-0019,2277/149874,LibriSpeech_2277,LibriSpeech_2277,1,39.32685657208389,maximum_decision_score
4,669,2277-149874-0020,2277/149874,LibriSpeech_2277,LibriSpeech_2277,1,39.3271804774913,maximum_decision_score
2,670,2277-149874-0021,2277/149874,LibriSpeech_2277,LibriSpeech_1673,0,39.32467059949792,maximum_decision_score
5,671,2277-149896-0000,2277/149896,LibriSpeech_2277,LibriSpeech_2277,1,39.32697452553546,maximum_decision_score
1,672,2277-149896-0001,2277/149896,LibriSpeech_2277,LibriSpeech_2277,1,39.326499238718306,maximum_decision_score
3,673,2277-149896-0002,2277/149896,LibriSpeech_2277,LibriSpeech_2277,1,39.326836414575396,maximum_decision_score
1,674,2277-149896-0003,2277/149896,LibriSpeech_2277,LibriSpeech_2277,1,39.32766808898957,maximum_decision_score
4,675,2277-149896-0004,2277/149896,LibriSpeech_2277,LibriSpeech_2277,1,39.32762295551178,maximum_decision_score
4,676,2277-149896-0005,2277/149896,LibriSpeech_2277,LibriSpeech_2277,1,39.32641114441621,maximum_decision_score
1,677,2277-149896-0006,2277/149896,LibriSpeech_2277,LibriSpeech_2277,1,39.32702159170563,maximum_decision_score
2,678,2277-149896-0007,2277/149896,LibriSpeech_2277,LibriSpeech_2277,1,39.32634543045898,maximum_decision_score
1,679,2277-149896-0008,2277/149896,LibriSpeech_2277,LibriSpeech_2277,1,39.32733904955112,maximum_decision_score
1,680,2277-149896-0009,2277/149896,LibriSpeech_2277,LibriSpeech_2277,1,39.3276170072375,maximum_decision_score
4,681,2277-149896-0010,2277/149896,LibriSpeech_2277,LibriSpeech_2277,1,39.32760327618258,maximum_decision_score
2,682,2277-149896-0011,2277/149896,LibriSpeech_2277,LibriSpeech_2277,1,39.32707329070016,maximum_decision_score
2,683,2277-149896-0012,2277/149896,LibriSpeech_2277,LibriSpeech_2277,1,39.327096489840095,maximum_decision_score
3,684,2277-149896-0013,2277/149896,LibriSpeech_2277,LibriSpeech_2277,1,39.32619741104356,maximum_decision_score
3,685,2277-149896-0014,2277/149896,LibriSpeech_2277,LibriSpeech_2277,1,39.32662410957688,maximum_decision_score
5,686,2277-149896-0015,2277/149896,LibriSpeech_2277,LibriSpeech_2277,1,39.3275981790631,maximum_decision_score
2,687,2277-149896-0016,2277/149896,LibriSpeech_2277,LibriSpeech_2277,1,39.32835933647755,maximum_decision_score
4,688,2277-149896-0017,2277/149896,LibriSpeech_2277,LibriSpeech_2277,1,39.32736012915484,maximum_decision_score
3,689,2277-149896-0018,2277/149896,LibriSpeech_2277,LibriSpeech_2277,1,39.327252589644495,maximum_decision_score
2,690,2277-149896-0019,2277/149896,LibriSpeech_2277,LibriSpeech_2277,1,39.3265416929051,maximum_decision_score
1,691,2277-149896-0020,2277/149896,LibriSpeech_2277,LibriSpeech_2277,1,39.326956440509385,maximum_decision_score
5,692,2277-149896-0021,2277/149896,LibriSpeech_2277,LibriSpeech_1673,0,39.32576224185447,maximum_decision_score
2,693,2277-149896-0022,2277/149896,LibriSpeech_2277,LibriSpeech_2277,1,39.327829981407405,maximum_decision_score
4,694,2277-149896-0023,2277/149896,LibriSpeech_2277,LibriSpeech_2277,1,39.32729486208727,maximum_decision_score
4,695,2277-149896-0024,2277/149896,LibriSpeech_2277,LibriSpeech_2277,1,39.327815360410774,maximum_decision_score
2,696,2277-149896-0025,2277/149896,LibriSpeech_2277,LibriSpeech_2277,1,39.327271998929156,maximum_decision_score
3,697,2277-149896-0026,2277/149896,LibriSpeech_2277,LibriSpeech_2277,1,39.32747334758016,maximum_decision_score
3,698,2277-149896-0027,2277/149896,LibriSpeech_2277,LibriSpeech_2277,1,39.32664006886847,maximum_decision_score
1,699,2277-149896-0028,2277/149896,LibriSpeech_2277,LibriSpeech_2277,1,39.32862242833258,maximum_decision_score
2,700,2277-149896-0029,2277/149896,LibriSpeech_2277,LibriSpeech_2277,1,39.32684653484657,maximum_decision_score
2,701,2277-149896-0030,2277/149896,LibriSpeech_2277,LibriSpeech_2277,1,39.32701916787446,maximum_decision_score
3,702,2277-149896-0031,2277/149896,LibriSpeech_2277,LibriSpeech_2277,1,39.32752851721469,maximum_decision_score
1,703,2277-149896-0032,2277/149896,LibriSpeech_2277,LibriSpeech_2277,1,39.32764209641648,maximum_decision_score
3,704,2277-149896-0033,2277/149896,LibriSpeech_2277,LibriSpeech_2277,1,39.32603690693806,maximum_decision_score
5,705,2277-149896-0034,2277/149896,LibriSpeech_2277,LibriSpeech_2277,1,39.327100201890694,maximum_decision_score
2,706,2277-149897-0000,2277/149897,LibriSpeech_2277,LibriSpeech_2277,1,39.32671771992938,maximum_decision_score
4,707,2277-149897-0001,2277/149897,LibriSpeech_2277,LibriSpeech_2277,1,39.32784111559877,maximum_decision_score
1,708,2277-149897-0002,2277/149897,LibriSpeech_2277,LibriSpeech_2277,1,39.326105898953,maximum_decision_score
1,709,2277-149897-0003,2277/149897,LibriSpeech_2277,LibriSpeech_2277,1,39.32811194139477,maximum_decision_score
3,710,2277-149897-0004,2277/149897,LibriSpeech_2277,LibriSpeech_2277,1,39.327885029314395,maximum_decision_score
5,711,2277-149897-0005,2277/149897,LibriSpeech_2277,LibriSpeech_2277,1,39.327530643611084,maximum_decision_score
1,712,2277-149897-0006,2277/149897,LibriSpeech_2277,LibriSpeech_2277,1,39.32441094169198,maximum_decision_score
2,713,2277-149897-0007,2277/149897,LibriSpeech_2277,LibriSpeech_2277,1,39.32775466317724,maximum_decision_score
3,714,2277-149897-0008,2277/149897,LibriSpeech_2277,LibriSpeech_2277,1,39.32735224674955,maximum_decision_score
3,715,2277-149897-0009,2277/149897,LibriSpeech_2277,LibriSpeech_2277,1,39.32723463380064,maximum_decision_score
2,716,2277-149897-0010,2277/149897,LibriSpeech_2277,LibriSpeech_2277,1,39.32691015962197,maximum_decision_score
5,717,2277-149897-0011,2277/149897,LibriSpeech_2277,LibriSpeech_2277,1,39.32723768801056,maximum_decision_score
1,718,2277-149897-0012,2277/149897,LibriSpeech_2277,LibriSpeech_2277,1,39.32498878850119,maximum_decision_score
5,719,2277-149897-0013,2277/149897,LibriSpeech_2277,LibriSpeech_2277,1,39.32715984284035,maximum_decision_score
1,720,2277-149897-0014,2277/149897,LibriSpeech_2277,LibriSpeech_2277,1,39.327392160399,maximum_decision_score
5,721,2277-149897-0015,2277/149897,LibriSpeech_2277,LibriSpeech_2277,1,39.32643086332565,maximum_decision_score
1,722,2277-149897-0016,2277/149897,LibriSpeech_2277,LibriSpeech_2277,1,39.3277251778855,maximum_decision_score
5,723,2277-149897-0017,2277/149897,LibriSpeech_2277,LibriSpeech_2277,1,39.32744164069636,maximum_decision_score
5,724,2277-149897-0018,2277/149897,LibriSpeech_2277,LibriSpeech_2277,1,39.32774235592564,maximum_decision_score
5,725,2277-149897-0019,2277/149897,LibriSpeech_2277,LibriSpeech_2277,1,39.3267115460509,maximum_decision_score
5,726,2277-149897-0020,2277/149897,LibriSpeech_2277,LibriSpeech_2277,1,39.326945869402785,maximum_decision_score
2,727,2277-149897-0021,2277/149897,LibriSpeech_2277,LibriSpeech_2277,1,39.32828641028291,maximum_decision_score
3,728,2277-149897-0022,2277/149897,LibriSpeech_2277,LibriSpeech_2277,1,39.32791491545588,maximum_decision_score
1,729,2277-149897-0023,2277/149897,LibriSpeech_2277,LibriSpeech_2277,1,39.327275418559786,maximum_decision_score
5,730,2277-149897-0024,2277/149897,LibriSpeech_2277,LibriSpeech_2277,1,39.327339302909635,maximum_decision_score
3,731,2277-149897-0025,2277/149897,LibriSpeech_2277,LibriSpeech_2277,1,39.327255737939616,maximum_decision_score
4,732,2277-149897-0026,2277/149897,LibriSpeech_2277,LibriSpeech_2277,1,39.32692607543904,maximum_decision_score
4,733,2277-149897-0027,2277/149897,LibriSpeech_2277,LibriSpeech_2277,1,39.328257185151536,maximum_decision_score
4,734,2277-149897-0028,2277/149897,LibriSpeech_2277,LibriSpeech_2277,1,39.327939143601064,maximum_decision_score
1,735,2277-149897-0029,2277/149897,LibriSpeech_2277,LibriSpeech_2277,1,39.327998390221616,maximum_decision_score
4,736,2277-149897-0030,2277/149897,LibriSpeech_2277,LibriSpeech_2277,1,39.3279758582568,maximum_decision_score
4,737,2277-149897-0031,2277/149897,LibriSpeech_2277,LibriSpeech_2277,1,39.32618316719093,maximum_decision_score
5,738,2277-149897-0032,2277/149897,LibriSpeech_2277,LibriSpeech_2277,1,39.32739722690323,maximum_decision_score
5,739,2277-149897-0033,2277/149897,LibriSpeech_2277,LibriSpeech_2277,1,39.32470841455832,maximum_decision_score
4,740,2277-149897-0034,2277/149897,LibriSpeech_2277,LibriSpeech_2277,1,39.326847911221364,maximum_decision_score
3,741,2277-149897-0035,2277/149897,LibriSpeech_2277,LibriSpeech_2277,1,39.32700391417606,maximum_decision_score
3,742,2277-149897-0036,2277/149897,LibriSpeech_2277,LibriSpeech_2277,1,39.32687226252591,maximum_decision_score
2,743,2277-149897-0037,2277/149897,LibriSpeech_2277,LibriSpeech_2277,1,39.32753318381543,maximum_decision_score
5,744,2412-153947-0000,2412/153947,LibriSpeech_2412,LibriSpeech_2412,1,39.324559218920115,maximum_decision_score
1,745,2412-153947-0001,2412/153947,LibriSpeech_2412,LibriSpeech_2412,1,39.32688476008065,maximum_decision_score
3,746,2412-153947-0002,2412/153947,LibriSpeech_2412,LibriSpeech_2412,1,39.32312279783606,maximum_decision_score
1,747,2412-153947-0003,2412/153947,LibriSpeech_2412,LibriSpeech_2412,1,39.32667911371968,maximum_decision_score
4,748,2412-153947-0004,2412/153947,LibriSpeech_2412,LibriSpeech_2412,1,39.32593906583481,maximum_decision_score
1,749,2412-153947-0005,2412/153947,LibriSpeech_2412,LibriSpeech_2412,1,39.32646177653971,maximum_decision_score
3,750,2412-153947-0006,2412/153947,LibriSpeech_2412,LibriSpeech_2412,1,39.327020351248116,maximum_decision_score
4,751,2412-153947-0007,2412/153947,LibriSpeech_2412,LibriSpeech_2412,1,39.32682416374455,maximum_decision_score
2,752,2412-153947-0008,2412/153947,LibriSpeech_2412,LibriSpeech_2412,1,39.325843309126654,maximum_decision_score
4,753,2412-153947-0009,2412/153947,LibriSpeech_2412,LibriSpeech_2412,1,39.32692488133233,maximum_decision_score
3,754,2412-153947-0010,2412/153947,LibriSpeech_2412,LibriSpeech_2412,1,39.32589382522606,maximum_decision_score
3,755,2412-153947-0011,2412/153947,LibriSpeech_2412,LibriSpeech_2412,1,39.32660686184303,maximum_decision_score
4,756,2412-153947-0012,2412/153947,LibriSpeech_2412,LibriSpeech_1993,0,39.32675222911887,maximum_decision_score
5,757,2412-153947-0013,2412/153947,LibriSpeech_2412,LibriSpeech_2412,1,39.32614625042524,maximum_decision_score
2,758,2412-153947-0014,2412/153947,LibriSpeech_2412,LibriSpeech_2412,1,39.32692538827041,maximum_decision_score
4,759,2412-153947-0015,2412/153947,LibriSpeech_2412,LibriSpeech_2412,1,39.32650096336786,maximum_decision_score
3,760,2412-153947-0016,2412/153947,LibriSpeech_2412,LibriSpeech_2412,1,39.32529052117053,maximum_decision_score
5,761,2412-153948-0000,2412/153948,LibriSpeech_2412,LibriSpeech_2412,1,39.32679326457288,maximum_decision_score
1,762,2412-153948-0001,2412/153948,LibriSpeech_2412,LibriSpeech_2412,1,39.32702522963866,maximum_decision_score
2,763,2412-153948-0002,2412/153948,LibriSpeech_2412,LibriSpeech_2412,1,39.326576937120755,maximum_decision_score
4,764,2412-153948-0003,2412/153948,LibriSpeech_2412,LibriSpeech_2412,1,39.32734017445011,maximum_decision_score
5,765,2412-153948-0004,2412/153948,LibriSpeech_2412,LibriSpeech_2412,1,39.32734342959348,maximum_decision_score
3,766,2412-153948-0005,2412/153948,LibriSpeech_2412,LibriSpeech_2412,1,39.32615402679959,maximum_decision_score
5,767,2412-153948-0006,2412/153948,LibriSpeech_2412,LibriSpeech_2412,1,39.326709710771,maximum_decision_score
2,768,2412-153948-0007,2412/153948,LibriSpeech_2412,LibriSpeech_2412,1,39.3265826689563,maximum_decision_score
2,769,2412-153948-0008,2412/153948,LibriSpeech_2412,LibriSpeech_2412,1,39.32739958321096,maximum_decision_score
1,770,2412-153948-0009,2412/153948,LibriSpeech_2412,LibriSpeech_2412,1,39.32657567557717,maximum_decision_score
5,771,2412-153948-0010,2412/153948,LibriSpeech_2412,LibriSpeech_2412,1,39.32688596053363,maximum_decision_score
4,772,2412-153948-0011,2412/153948,LibriSpeech_2412,LibriSpeech_2412,1,39.326461361253166,maximum_decision_score
5,773,2412-153948-0012,2412/153948,LibriSpeech_2412,LibriSpeech_2412,1,39.32665799917247,maximum_decision_score
3,774,2412-153948-0013,2412/153948,LibriSpeech_2412,LibriSpeech_2412,1,39.325799012774176,maximum_decision_score
3,775,2412-153948-0014,2412/153948,LibriSpeech_2412,LibriSpeech_2412,1,39.32727409061653,maximum_decision_score
2,776,2412-153948-0015,2412/153948,LibriSpeech_2412,LibriSpeech_2412,1,39.32551917173481,maximum_decision_score
4,777,2412-153954-0000,2412/153954,LibriSpeech_2412,LibriSpeech_2412,1,39.32619538372143,maximum_decision_score
2,778,2412-153954-0001,2412/153954,LibriSpeech_2412,LibriSpeech_2412,1,39.32687212759932,maximum_decision_score
3,779,2412-153954-0002,2412/153954,LibriSpeech_2412,LibriSpeech_2412,1,39.326646310149165,maximum_decision_score
1,780,2412-153954-0003,2412/153954,LibriSpeech_2412,LibriSpeech_2412,1,39.32667533681881,maximum_decision_score
5,781,2412-153954-0004,2412/153954,LibriSpeech_2412,LibriSpeech_2412,1,39.32577455830278,maximum_decision_score
5,782,2412-153954-0005,2412/153954,LibriSpeech_2412,LibriSpeech_2412,1,39.32483591209845,maximum_decision_score
3,783,2412-153954-0006,2412/153954,LibriSpeech_2412,LibriSpeech_2412,1,39.32674252976549,maximum_decision_score
1,784,2412-153954-0007,2412/153954,LibriSpeech_2412,LibriSpeech_2412,1,39.327379580012376,maximum_decision_score
1,785,2412-153954-0008,2412/153954,LibriSpeech_2412,LibriSpeech_2412,1,39.326267865836925,maximum_decision_score
3,786,2412-153954-0009,2412/153954,LibriSpeech_2412,LibriSpeech_2412,1,39.32627631172432,maximum_decision_score
2,787,2412-153954-0010,2412/153954,LibriSpeech_2412,LibriSpeech_2412,1,39.326011422654666,maximum_decision_score
2,788,2412-153954-0011,2412/153954,LibriSpeech_2412,LibriSpeech_2412,1,39.32571900048495,maximum_decision_score
4,789,2412-153954-0012,2412/153954,LibriSpeech_2412,LibriSpeech_2412,1,39.32714798189675,maximum_decision_score
2,790,2412-153954-0013,2412/153954,LibriSpeech_2412,LibriSpeech_2412,1,39.324006891870944,maximum_decision_score
5,791,2412-153954-0014,2412/153954,LibriSpeech_2412,LibriSpeech_2412,1,39.326452641135006,maximum_decision_score
5,792,2412-153954-0015,2412/153954,LibriSpeech_2412,LibriSpeech_2412,1,39.32725511440174,maximum_decision_score
1,793,2412-153954-0016,2412/153954,LibriSpeech_2412,LibriSpeech_2412,1,39.32722564808227,maximum_decision_score
2,794,2412-153954-0017,2412/153954,LibriSpeech_2412,LibriSpeech_2412,1,39.32675206238674,maximum_decision_score
4,795,2412-153954-0018,2412/153954,LibriSpeech_2412,LibriSpeech_2412,1,39.326832697071886,maximum_decision_score
4,796,2412-153954-0019,2412/153954,LibriSpeech_2412,LibriSpeech_2412,1,39.32592600752538,maximum_decision_score
4,797,2412-153954-0020,2412/153954,LibriSpeech_2412,LibriSpeech_2412,1,39.326284596811604,maximum_decision_score
3,798,2412-153954-0021,2412/153954,LibriSpeech_2412,LibriSpeech_2412,1,39.32530225910746,maximum_decision_score
1,799,2412-153954-0022,2412/153954,LibriSpeech_2412,LibriSpeech_2412,1,39.32670119767289,maximum_decision_score
2,800,2412-153954-0023,2412/153954,LibriSpeech_2412,LibriSpeech_2412,1,39.32612452513477,maximum_decision_score
1,801,2412-153954-0024,2412/153954,LibriSpeech_2412,LibriSpeech_2412,1,39.32700787129754,maximum_decision_score
4,802,2428-83699-0000,2428/83699,LibriSpeech_2428,LibriSpeech_2428,1,39.32735688622736,maximum_decision_score
4,803,2428-83699-0001,2428/83699,LibriSpeech_2428,LibriSpeech_2428,1,39.32738307524755,maximum_decision_score
5,804,2428-83699-0002,2428/83699,LibriSpeech_2428,LibriSpeech_2428,1,39.32731609761484,maximum_decision_score
1,805,2428-83699-0003,2428/83699,LibriSpeech_2428,LibriSpeech_2428,1,39.32730446643609,maximum_decision_score
1,806,2428-83699-0004,2428/83699,LibriSpeech_2428,LibriSpeech_2428,1,39.32744466971392,maximum_decision_score
5,807,2428-83699-0005,2428/83699,LibriSpeech_2428,LibriSpeech_2428,1,39.32717738786082,maximum_decision_score
2,808,2428-83699-0006,2428/83699,LibriSpeech_2428,LibriSpeech_2428,1,39.32693526544142,maximum_decision_score
5,809,2428-83699-0007,2428/83699,LibriSpeech_2428,LibriSpeech_2428,1,39.325245134736676,maximum_decision_score
5,810,2428-83699-0008,2428/83699,LibriSpeech_2428,LibriSpeech_2428,1,39.326873642547895,maximum_decision_score
1,811,2428-83699-0009,2428/83699,LibriSpeech_2428,LibriSpeech_2428,1,39.327987836400006,maximum_decision_score
1,812,2428-83699-0010,2428/83699,LibriSpeech_2428,LibriSpeech_2428,1,39.32672178842104,maximum_decision_score
3,813,2428-83699-0011,2428/83699,LibriSpeech_2428,LibriSpeech_2428,1,39.32678010770027,maximum_decision_score
1,814,2428-83699-0012,2428/83699,LibriSpeech_2428,LibriSpeech_2428,1,39.32679819711056,maximum_decision_score
2,815,2428-83699-0013,2428/83699,LibriSpeech_2428,LibriSpeech_2428,1,39.326947132914114,maximum_decision_score
3,816,2428-83699-0014,2428/83699,LibriSpeech_2428,LibriSpeech_2428,1,39.326803623604796,maximum_decision_score
4,817,2428-83699-0015,2428/83699,LibriSpeech_2428,LibriSpeech_2428,1,39.32647908482133,maximum_decision_score
4,818,2428-83699-0016,2428/83699,LibriSpeech_2428,LibriSpeech_2428,1,39.32687911509862,maximum_decision_score
5,819,2428-83699-0017,2428/83699,LibriSpeech_2428,LibriSpeech_2428,1,39.32688831940589,maximum_decision_score
4,820,2428-83699-0018,2428/83699,LibriSpeech_2428,LibriSpeech_2428,1,39.32684945529864,maximum_decision_score
1,821,2428-83699-0019,2428/83699,LibriSpeech_2428,LibriSpeech_3000,0,39.32414352761526,maximum_decision_score
4,822,2428-83699-0020,2428/83699,LibriSpeech_2428,LibriSpeech_2428,1,39.32754352741373,maximum_decision_score
1,823,2428-83699-0021,2428/83699,LibriSpeech_2428,LibriSpeech_2428,1,39.326789414381246,maximum_decision_score
4,824,2428-83699-0022,2428/83699,LibriSpeech_2428,LibriSpeech_2428,1,39.327662464737614,maximum_decision_score
2,825,2428-83699-0023,2428/83699,LibriSpeech_2428,LibriSpeech_2428,1,39.32786515366404,maximum_decision_score
2,826,2428-83699-0024,2428/83699,LibriSpeech_2428,LibriSpeech_2428,1,39.32705443525011,maximum_decision_score
5,827,2428-83699-0025,2428/83699,LibriSpeech_2428,LibriSpeech_2428,1,39.32717317494899,maximum_decision_score
3,828,2428-83699-0026,2428/83699,LibriSpeech_2428,LibriSpeech_2428,1,39.32680407149541,maximum_decision_score
5,829,2428-83699-0027,2428/83699,LibriSpeech_2428,LibriSpeech_2428,1,39.32749101790084,maximum_decision_score
5,830,2428-83699-0028,2428/83699,LibriSpeech_2428,LibriSpeech_2428,1,39.32746061466997,maximum_decision_score
3,831,2428-83699-0029,2428/83699,LibriSpeech_2428,LibriSpeech_2428,1,39.327601608362734,maximum_decision_score
2,832,2428-83699-0030,2428/83699,LibriSpeech_2428,LibriSpeech_2428,1,39.32725429730459,maximum_decision_score
1,833,2428-83699-0031,2428/83699,LibriSpeech_2428,LibriSpeech_2428,1,39.32676906098839,maximum_decision_score
2,834,2428-83699-0032,2428/83699,LibriSpeech_2428,LibriSpeech_2428,1,39.326749636699915,maximum_decision_score
5,835,2428-83699-0033,2428/83699,LibriSpeech_2428,LibriSpeech_2428,1,39.327412098845166,maximum_decision_score
1,836,2428-83699-0034,2428/83699,LibriSpeech_2428,LibriSpeech_2428,1,39.32728384996425,maximum_decision_score
2,837,2428-83699-0035,2428/83699,LibriSpeech_2428,LibriSpeech_2428,1,39.32690294081397,maximum_decision_score
3,838,2428-83699-0036,2428/83699,LibriSpeech_2428,LibriSpeech_2428,1,39.327279718500925,maximum_decision_score
2,839,2428-83699-0037,2428/83699,LibriSpeech_2428,LibriSpeech_2428,1,39.32749502679393,maximum_decision_score
1,840,2428-83699-0038,2428/83699,LibriSpeech_2428,LibriSpeech_2428,1,39.32676902794895,maximum_decision_score
4,841,2428-83699-0039,2428/83699,LibriSpeech_2428,LibriSpeech_2428,1,39.327500924164276,maximum_decision_score
2,842,2428-83699-0040,2428/83699,LibriSpeech_2428,LibriSpeech_2428,1,39.32748554221093,maximum_decision_score
1,843,2428-83699-0041,2428/83699,LibriSpeech_2428,LibriSpeech_2428,1,39.325670224036074,maximum_decision_score
2,844,2428-83699-0042,2428/83699,LibriSpeech_2428,LibriSpeech_2428,1,39.32694951402483,maximum_decision_score
2,845,2428-83705-0000,2428/83705,LibriSpeech_2428,LibriSpeech_2428,1,39.32699926017564,maximum_decision_score
3,846,2428-83705-0001,2428/83705,LibriSpeech_2428,LibriSpeech_2428,1,39.3270327108342,maximum_decision_score
2,847,2428-83705-0002,2428/83705,LibriSpeech_2428,LibriSpeech_2428,1,39.32700187045997,maximum_decision_score
3,848,2428-83705-0003,2428/83705,LibriSpeech_2428,LibriSpeech_2428,1,39.32713139728575,maximum_decision_score
1,849,2428-83705-0004,2428/83705,LibriSpeech_2428,LibriSpeech_2428,1,39.32684697982628,maximum_decision_score
4,850,2428-83705-0005,2428/83705,LibriSpeech_2428,LibriSpeech_2428,1,39.32751351933832,maximum_decision_score
3,851,2428-83705-0006,2428/83705,LibriSpeech_2428,LibriSpeech_2428,1,39.326266275199494,maximum_decision_score
3,852,2428-83705-0007,2428/83705,LibriSpeech_2428,LibriSpeech_2428,1,39.327119797438264,maximum_decision_score
3,853,2428-83705-0008,2428/83705,LibriSpeech_2428,LibriSpeech_2428,1,39.3267651755395,maximum_decision_score
4,854,2428-83705-0009,2428/83705,LibriSpeech_2428,LibriSpeech_2428,1,39.32571762172678,maximum_decision_score
2,855,2428-83705-0010,2428/83705,LibriSpeech_2428,LibriSpeech_2428,1,39.32704856010401,maximum_decision_score
4,856,2428-83705-0011,2428/83705,LibriSpeech_2428,LibriSpeech_2428,1,39.32665580776612,maximum_decision_score
5,857,2428-83705-0012,2428/83705,LibriSpeech_2428,LibriSpeech_2428,1,39.32682551402036,maximum_decision_score
2,858,2428-83705-0013,2428/83705,LibriSpeech_2428,LibriSpeech_2428,1,39.326877033626054,maximum_decision_score
5,859,2428-83705-0014,2428/83705,LibriSpeech_2428,LibriSpeech_2428,1,39.32664126895263,maximum_decision_score
5,860,2428-83705-0015,2428/83705,LibriSpeech_2428,LibriSpeech_2428,1,39.326303516929485,maximum_decision_score
2,861,2428-83705-0016,2428/83705,LibriSpeech_2428,LibriSpeech_2428,1,39.32697265430922,maximum_decision_score
3,862,2428-83705-0017,2428/83705,LibriSpeech_2428,LibriSpeech_2428,1,39.32599577780837,maximum_decision_score
3,863,2428-83705-0018,2428/83705,LibriSpeech_2428,LibriSpeech_2428,1,39.32672791307784,maximum_decision_score
5,864,2428-83705-0019,2428/83705,LibriSpeech_2428,LibriSpeech_2428,1,39.327038994778334,maximum_decision_score
1,865,2428-83705-0020,2428/83705,LibriSpeech_2428,LibriSpeech_2428,1,39.32711379543882,maximum_decision_score
4,866,2428-83705-0021,2428/83705,LibriSpeech_2428,LibriSpeech_2428,1,39.32713240412267,maximum_decision_score
4,867,2428-83705-0022,2428/83705,LibriSpeech_2428,LibriSpeech_2428,1,39.32746344538586,maximum_decision_score
5,868,2428-83705-0023,2428/83705,LibriSpeech_2428,LibriSpeech_2428,1,39.32572672676232,maximum_decision_score
3,869,2428-83705-0024,2428/83705,LibriSpeech_2428,LibriSpeech_2428,1,39.327064146712885,maximum_decision_score
1,870,2428-83705-0025,2428/83705,LibriSpeech_2428,LibriSpeech_2428,1,39.32705333903305,maximum_decision_score
5,871,2428-83705-0026,2428/83705,LibriSpeech_2428,LibriSpeech_2428,1,39.32603789984869,maximum_decision_score
1,872,2428-83705-0027,2428/83705,LibriSpeech_2428,LibriSpeech_2428,1,39.32568717258241,maximum_decision_score
5,873,2428-83705-0028,2428/83705,LibriSpeech_2428,LibriSpeech_2428,1,39.3261330946812,maximum_decision_score
4,874,2428-83705-0029,2428/83705,LibriSpeech_2428,LibriSpeech_2428,1,39.32722505085674,maximum_decision_score
1,875,2428-83705-0030,2428/83705,LibriSpeech_2428,LibriSpeech_2428,1,39.32660079997702,maximum_decision_score
3,876,2428-83705-0031,2428/83705,LibriSpeech_2428,LibriSpeech_2428,1,39.326024707975506,maximum_decision_score
3,877,2428-83705-0032,2428/83705,LibriSpeech_2428,LibriSpeech_2428,1,39.32656889695142,maximum_decision_score
3,878,2428-83705-0033,2428/83705,LibriSpeech_2428,LibriSpeech_2428,1,39.3266669332922,maximum_decision_score
5,879,2428-83705-0034,2428/83705,LibriSpeech_2428,LibriSpeech_2428,1,39.325780177378334,maximum_decision_score
3,880,2428-83705-0035,2428/83705,LibriSpeech_2428,LibriSpeech_2428,1,39.326589015459035,maximum_decision_score
1,881,2428-83705-0036,2428/83705,LibriSpeech_2428,LibriSpeech_2428,1,39.324744368013874,maximum_decision_score
2,882,2428-83705-0037,2428/83705,LibriSpeech_2428,LibriSpeech_2428,1,39.32653244138004,maximum_decision_score
4,883,2428-83705-0038,2428/83705,LibriSpeech_2428,LibriSpeech_2428,1,39.326028743538785,maximum_decision_score
3,884,2428-83705-0039,2428/83705,LibriSpeech_2428,LibriSpeech_2428,1,39.32604924343879,maximum_decision_score
4,885,2428-83705-0040,2428/83705,LibriSpeech_2428,LibriSpeech_2428,1,39.326997055075616,maximum_decision_score
4,886,2428-83705-0041,2428/83705,LibriSpeech_2428,LibriSpeech_2428,1,39.32646147673036,maximum_decision_score
2,887,2428-83705-0042,2428/83705,LibriSpeech_2428,LibriSpeech_2428,1,39.32645688306894,maximum_decision_score
4,888,2428-83705-0043,2428/83705,LibriSpeech_2428,LibriSpeech_2428,1,39.326876249495484,maximum_decision_score
2,889,251-118436-0000,251/118436,LibriSpeech_251,LibriSpeech_251,1,39.32756745979476,maximum_decision_score
5,890,251-118436-0001,251/118436,LibriSpeech_251,LibriSpeech_251,1,39.32753874121914,maximum_decision_score
3,891,251-118436-0002,251/118436,LibriSpeech_251,LibriSpeech_251,1,39.327119917092205,maximum_decision_score
1,892,251-118436-0003,251/118436,LibriSpeech_251,LibriSpeech_251,1,39.3274606313317,maximum_decision_score
1,893,251-118436-0004,251/118436,LibriSpeech_251,LibriSpeech_251,1,39.32742137414473,maximum_decision_score
3,894,251-118436-0005,251/118436,LibriSpeech_251,LibriSpeech_251,1,39.32752781668192,maximum_decision_score
1,895,251-118436-0006,251/118436,LibriSpeech_251,LibriSpeech_251,1,39.327667863562645,maximum_decision_score
3,896,251-118436-0007,251/118436,LibriSpeech_251,LibriSpeech_251,1,39.32733434213002,maximum_decision_score
3,897,251-118436-0008,251/118436,LibriSpeech_251,LibriSpeech_251,1,39.327447561559886,maximum_decision_score
3,898,251-118436-0009,251/118436,LibriSpeech_251,LibriSpeech_251,1,39.32705656788267,maximum_decision_score
5,899,251-118436-0010,251/118436,LibriSpeech_251,LibriSpeech_251,1,39.32641894190438,maximum_decision_score
5,900,251-118436-0011,251/118436,LibriSpeech_251,LibriSpeech_251,1,39.326621168403456,maximum_decision_score
4,901,251-118436-0012,251/118436,LibriSpeech_251,LibriSpeech_251,1,39.32621804954602,maximum_decision_score
4,902,251-118436-0013,251/118436,LibriSpeech_251,LibriSpeech_251,1,39.326420469814565,maximum_decision_score
5,903,251-118436-0014,251/118436,LibriSpeech_251,LibriSpeech_251,1,39.32755756282765,maximum_decision_score
4,904,251-118436-0015,251/118436,LibriSpeech_251,LibriSpeech_251,1,39.32674063146652,maximum_decision_score
3,905,251-118436-0016,251/118436,LibriSpeech_251,LibriSpeech_251,1,39.32732663565683,maximum_decision_score
1,906,251-118436-0017,251/118436,LibriSpeech_251,LibriSpeech_251,1,39.32775000990014,maximum_decision_score
3,907,251-118436-0018,251/118436,LibriSpeech_251,LibriSpeech_251,1,39.32755186173316,maximum_decision_score
4,908,251-118436-0019,251/118436,LibriSpeech_251,LibriSpeech_251,1,39.32505527349782,maximum_decision_score
1,909,251-118436-0020,251/118436,LibriSpeech_251,LibriSpeech_251,1,39.32708238516759,maximum_decision_score
3,910,251-118436-0021,251/118436,LibriSpeech_251,LibriSpeech_251,1,39.32786813416803,maximum_decision_score
3,911,251-118436-0022,251/118436,LibriSpeech_251,LibriSpeech_251,1,39.32710564209179,maximum_decision_score
1,912,251-118436-0023,251/118436,LibriSpeech_251,LibriSpeech_251,1,39.32743678672217,maximum_decision_score
4,913,251-136532-0000,251/136532,LibriSpeech_251,LibriSpeech_251,1,39.3261014334828,maximum_decision_score
1,914,251-136532-0001,251/136532,LibriSpeech_251,LibriSpeech_251,1,39.32658750505537,maximum_decision_score
5,915,251-136532-0002,251/136532,LibriSpeech_251,LibriSpeech_251,1,39.32640807991027,maximum_decision_score
5,916,251-136532-0003,251/136532,LibriSpeech_251,LibriSpeech_251,1,39.326659928433415,maximum_decision_score
5,917,251-136532-0004,251/136532,LibriSpeech_251,LibriSpeech_251,1,39.326387082152586,maximum_decision_score
2,918,251-136532-0005,251/136532,LibriSpeech_251,LibriSpeech_251,1,39.326752558414164,maximum_decision_score
3,919,251-136532-0006,251/136532,LibriSpeech_251,LibriSpeech_251,1,39.327131162406744,maximum_decision_score
2,920,251-136532-0007,251/136532,LibriSpeech_251,LibriSpeech_251,1,39.32625093886252,maximum_decision_score
2,921,251-136532-0008,251/136532,LibriSpeech_251,LibriSpeech_251,1,39.32612478162914,maximum_decision_score
5,922,251-136532-0009,251/136532,LibriSpeech_251,LibriSpeech_251,1,39.32692150018312,maximum_decision_score
4,923,251-136532-0010,251/136532,LibriSpeech_251,LibriSpeech_251,1,39.32584991615729,maximum_decision_score
3,924,251-136532-0011,251/136532,LibriSpeech_251,LibriSpeech_251,1,39.32706392640019,maximum_decision_score
4,925,251-136532-0012,251/136532,LibriSpeech_251,LibriSpeech_251,1,39.326296993144425,maximum_decision_score
4,926,251-136532-0013,251/136532,LibriSpeech_251,LibriSpeech_251,1,39.32715899905627,maximum_decision_score
4,927,251-136532-0014,251/136532,LibriSpeech_251,LibriSpeech_251,1,39.32675683952337,maximum_decision_score
2,928,251-136532-0015,251/136532,LibriSpeech_251,LibriSpeech_251,1,39.32613803508128,maximum_decision_score
2,929,251-136532-0016,251/136532,LibriSpeech_251,LibriSpeech_251,1,39.32620301840477,maximum_decision_score
4,930,251-136532-0017,251/136532,LibriSpeech_251,LibriSpeech_251,1,39.32643586190149,maximum_decision_score
3,931,251-136532-0018,251/136532,LibriSpeech_251,LibriSpeech_251,1,39.32729977243982,maximum_decision_score
5,932,251-136532-0019,251/136532,LibriSpeech_251,LibriSpeech_251,1,39.326687626803086,maximum_decision_score
5,933,251-136532-0020,251/136532,LibriSpeech_251,LibriSpeech_251,1,39.32678404531643,maximum_decision_score
5,934,251-136532-0021,251/136532,LibriSpeech_251,LibriSpeech_251,1,39.32676708242707,maximum_decision_score
2,935,251-136532-0022,251/136532,LibriSpeech_251,LibriSpeech_2428,0,38.323817181181404,maximum_decision_score
4,936,251-136532-0023,251/136532,LibriSpeech_251,LibriSpeech_251,1,39.32681239693818,maximum_decision_score
5,937,251-137823-0000,251/137823,LibriSpeech_251,LibriSpeech_251,1,39.32593474054828,maximum_decision_score
1,938,251-137823-0001,251/137823,LibriSpeech_251,LibriSpeech_251,1,39.327139057039886,maximum_decision_score
4,939,251-137823-0002,251/137823,LibriSpeech_251,LibriSpeech_251,1,39.32793088669817,maximum_decision_score
1,940,251-137823-0003,251/137823,LibriSpeech_251,LibriSpeech_251,1,39.32733006594269,maximum_decision_score
4,941,251-137823-0004,251/137823,LibriSpeech_251,LibriSpeech_251,1,39.32696154387491,maximum_decision_score
1,942,251-137823-0005,251/137823,LibriSpeech_251,LibriSpeech_251,1,39.32707398063858,maximum_decision_score
1,943,251-137823-0006,251/137823,LibriSpeech_251,LibriSpeech_251,1,39.32756998903021,maximum_decision_score
2,944,251-137823-0007,251/137823,LibriSpeech_251,LibriSpeech_251,1,39.326613331386106,maximum_decision_score
1,945,251-137823-0008,251/137823,LibriSpeech_251,LibriSpeech_251,1,39.32747695305828,maximum_decision_score
2,946,251-137823-0009,251/137823,LibriSpeech_251,LibriSpeech_251,1,39.32700698936742,maximum_decision_score
5,947,251-137823-0010,251/137823,LibriSpeech_251,LibriSpeech_251,1,39.32758410500793,maximum_decision_score
5,948,251-137823-0011,251/137823,LibriSpeech_251,LibriSpeech_251,1,39.32693767019438,maximum_decision_score
5,949,251-137823-0012,251/137823,LibriSpeech_251,LibriSpeech_251,1,39.32581641689644,maximum_decision_score
3,950,251-137823-0013,251/137823,LibriSpeech_251,LibriSpeech_251,1,39.3271328829806,maximum_decision_score
1,951,251-137823-0014,251/137823,LibriSpeech_251,LibriSpeech_251,1,39.327363992014625,maximum_decision_score
2,952,251-137823-0015,251/137823,LibriSpeech_251,LibriSpeech_251,1,39.32633036435851,maximum_decision_score
1,953,251-137823-0016,251/137823,LibriSpeech_251,LibriSpeech_251,1,39.327201474007836,maximum_decision_score
2,954,251-137823-0017,251/137823,LibriSpeech_251,LibriSpeech_251,1,39.325523916697925,maximum_decision_score
2,955,251-137823-0018,251/137823,LibriSpeech_251,LibriSpeech_251,1,39.327065763473946,maximum_decision_score
4,956,251-137823-0019,251/137823,LibriSpeech_251,LibriSpeech_251,1,39.32701719750677,maximum_decision_score
3,957,251-137823-0020,251/137823,LibriSpeech_251,LibriSpeech_251,1,39.32667562724548,maximum_decision_score
2,958,251-137823-0021,251/137823,LibriSpeech_251,LibriSpeech_251,1,39.32686593238626,maximum_decision_score
3,959,251-137823-0022,251/137823,LibriSpeech_251,LibriSpeech_251,1,39.327081376693336,maximum_decision_score
2,960,251-137823-0023,251/137823,LibriSpeech_251,LibriSpeech_251,1,39.32623869632272,maximum_decision_score
1,961,251-137823-0024,251/137823,LibriSpeech_251,LibriSpeech_251,1,39.3264340562587,maximum_decision_score
4,962,251-137823-0025,251/137823,LibriSpeech_251,LibriSpeech_3000,0,39.32318146127699,maximum_decision_score
2,963,251-137823-0026,251/137823,LibriSpeech_251,LibriSpeech_251,1,39.323718211903646,maximum_decision_score
2,964,2803-154320-0000,2803/154320,LibriSpeech_2803,LibriSpeech_2803,1,39.32605499936646,maximum_decision_score
1,965,2803-154320-0001,2803/154320,LibriSpeech_2803,LibriSpeech_2803,1,39.32551008467838,maximum_decision_score
2,966,2803-154320-0002,2803/154320,LibriSpeech_2803,LibriSpeech_2803,1,39.3258238436579,maximum_decision_score
4,967,2803-154320-0003,2803/154320,LibriSpeech_2803,LibriSpeech_2803,1,39.32563048215305,maximum_decision_score
1,968,2803-154320-0004,2803/154320,LibriSpeech_2803,LibriSpeech_2803,1,39.325905379520556,maximum_decision_score
2,969,2803-154320-0005,2803/154320,LibriSpeech_2803,LibriSpeech_2803,1,39.32525417605551,maximum_decision_score
3,970,2803-154320-0006,2803/154320,LibriSpeech_2803,LibriSpeech_2803,1,39.32483032223152,maximum_decision_score
3,971,2803-154320-0007,2803/154320,LibriSpeech_2803,LibriSpeech_2803,1,39.3271267133552,maximum_decision_score
4,972,2803-154320-0008,2803/154320,LibriSpeech_2803,LibriSpeech_2803,1,39.3263109376328,maximum_decision_score
1,973,2803-154320-0009,2803/154320,LibriSpeech_2803,LibriSpeech_2803,1,39.32474656309503,maximum_decision_score
5,974,2803-154320-0010,2803/154320,LibriSpeech_2803,LibriSpeech_2803,1,39.32485423960558,maximum_decision_score
3,975,2803-154320-0011,2803/154320,LibriSpeech_2803,LibriSpeech_2803,1,39.327037612500135,maximum_decision_score
5,976,2803-154320-0012,2803/154320,LibriSpeech_2803,LibriSpeech_2803,1,39.32659717803989,maximum_decision_score
1,977,2803-154320-0013,2803/154320,LibriSpeech_2803,LibriSpeech_2803,1,39.32587487432977,maximum_decision_score
3,978,2803-154320-0014,2803/154320,LibriSpeech_2803,LibriSpeech_2803,1,39.326204752023045,maximum_decision_score
1,979,2803-154328-0000,2803/154328,LibriSpeech_2803,LibriSpeech_2803,1,39.32586466757692,maximum_decision_score
2,980,2803-154328-0001,2803/154328,LibriSpeech_2803,LibriSpeech_2803,1,39.32600678188113,maximum_decision_score
5,981,2803-154328-0002,2803/154328,LibriSpeech_2803,LibriSpeech_2803,1,39.32652647240313,maximum_decision_score
3,982,2803-154328-0003,2803/154328,LibriSpeech_2803,LibriSpeech_2803,1,39.32656063921708,maximum_decision_score
5,983,2803-154328-0004,2803/154328,LibriSpeech_2803,LibriSpeech_2803,1,39.32661560013313,maximum_decision_score
1,984,2803-154328-0005,2803/154328,LibriSpeech_2803,LibriSpeech_2803,1,39.32528089377577,maximum_decision_score
2,985,2803-154328-0006,2803/154328,LibriSpeech_2803,LibriSpeech_2803,1,39.32651199823494,maximum_decision_score
5,986,2803-154328-0007,2803/154328,LibriSpeech_2803,LibriSpeech_2803,1,39.325910276154616,maximum_decision_score
1,987,2803-154328-0008,2803/154328,LibriSpeech_2803,LibriSpeech_2803,1,39.325843905017905,maximum_decision_score
2,988,2803-154328-0009,2803/154328,LibriSpeech_2803,LibriSpeech_2803,1,39.32627414663856,maximum_decision_score
4,989,2803-154328-0010,2803/154328,LibriSpeech_2803,LibriSpeech_2803,1,39.32568621911311,maximum_decision_score
3,990,2803-154328-0011,2803/154328,LibriSpeech_2803,LibriSpeech_2803,1,39.32532980907336,maximum_decision_score
4,991,2803-154328-0012,2803/154328,LibriSpeech_2803,LibriSpeech_2803,1,39.325832627700194,maximum_decision_score
5,992,2803-154328-0013,2803/154328,LibriSpeech_2803,LibriSpeech_2803,1,39.326410957832046,maximum_decision_score
4,993,2803-154328-0014,2803/154328,LibriSpeech_2803,LibriSpeech_2803,1,39.32652242294714,maximum_decision_score
5,994,2803-154328-0015,2803/154328,LibriSpeech_2803,LibriSpeech_2803,1,39.326301871072204,maximum_decision_score
2,995,2803-154328-0016,2803/154328,LibriSpeech_2803,LibriSpeech_2803,1,39.32535425620033,maximum_decision_score
1,996,2803-154328-0017,2803/154328,LibriSpeech_2803,LibriSpeech_2803,1,39.32580663392014,maximum_decision_score
5,997,2803-154328-0018,2803/154328,LibriSpeech_2803,LibriSpeech_2803,1,39.325304766394794,maximum_decision_score
2,998,2803-154328-0019,2803/154328,LibriSpeech_2803,LibriSpeech_2803,1,39.32640648150482,maximum_decision_score
5,999,2803-154328-0020,2803/154328,LibriSpeech_2803,LibriSpeech_2803,1,39.32619590188557,maximum_decision_score
5,1000,2803-154328-0021,2803/154328,LibriSpeech_2803,LibriSpeech_2803,1,39.32606465016223,maximum_decision_score
3,1001,2803-154328-0022,2803/154328,LibriSpeech_2803,LibriSpeech_2803,1,39.3263987722949,maximum_decision_score
3,1002,2803-154328-0023,2803/154328,LibriSpeech_2803,LibriSpeech_2803,1,39.326996281194916,maximum_decision_score
2,1003,2803-161169-0000,2803/161169,LibriSpeech_2803,LibriSpeech_2803,1,39.32558018886635,maximum_decision_score
2,1004,2803-161169-0001,2803/161169,LibriSpeech_2803,LibriSpeech_2803,1,39.325122700544185,maximum_decision_score
3,1005,2803-161169-0002,2803/161169,LibriSpeech_2803,LibriSpeech_2803,1,39.32734998190631,maximum_decision_score
1,1006,2803-161169-0003,2803/161169,LibriSpeech_2803,LibriSpeech_2803,1,39.325651619511675,maximum_decision_score
2,1007,2803-161169-0004,2803/161169,LibriSpeech_2803,LibriSpeech_2803,1,39.325434423429584,maximum_decision_score
3,1008,2803-161169-0005,2803/161169,LibriSpeech_2803,LibriSpeech_2803,1,39.32538315787728,maximum_decision_score
4,1009,2803-161169-0006,2803/161169,LibriSpeech_2803,LibriSpeech_2803,1,39.32614281928408,maximum_decision_score
4,1010,2803-161169-0007,2803/161169,LibriSpeech_2803,LibriSpeech_2803,1,39.32523727202199,maximum_decision_score
5,1011,2803-161169-0008,2803/161169,LibriSpeech_2803,LibriSpeech_2803,1,39.32612481864084,maximum_decision_score
1,1012,2803-161169-0009,2803/161169,LibriSpeech_2803,LibriSpeech_2803,1,39.32603052653613,maximum_decision_score
4,1013,2803-161169-0010,2803/161169,LibriSpeech_2803,LibriSpeech_2803,1,39.325576752994984,maximum_decision_score
1,1014,2803-161169-0011,2803/161169,LibriSpeech_2803,LibriSpeech_2803,1,39.324995795014466,maximum_decision_score
4,1015,2803-161169-0012,2803/161169,LibriSpeech_2803,LibriSpeech_2803,1,39.32572984227611,maximum_decision_score
5,1016,2803-161169-0013,2803/161169,LibriSpeech_2803,LibriSpeech_2803,1,39.325569223160244,maximum_decision_score
4,1017,2803-161169-0014,2803/161169,LibriSpeech_2803,LibriSpeech_2803,1,39.325630907492894,maximum_decision_score
1,1018,2803-161169-0015,2803/161169,LibriSpeech_2803,LibriSpeech_2803,1,39.325753999691564,maximum_decision_score
4,1019,2803-161169-0016,2803/161169,LibriSpeech_2803,LibriSpeech_2803,1,39.32673919799095,maximum_decision_score
3,1020,2803-161169-0017,2803/161169,LibriSpeech_2803,LibriSpeech_2803,1,39.32616526730406,maximum_decision_score
4,1021,2902-9006-0000,2902/9006,LibriSpeech_2902,LibriSpeech_2902,1,39.325977177523384,maximum_decision_score
5,1022,2902-9006-0001,2902/9006,LibriSpeech_2902,LibriSpeech_2902,1,39.32614446011029,maximum_decision_score
5,1023,2902-9006-0002,2902/9006,LibriSpeech_2902,LibriSpeech_2902,1,39.32640430112837,maximum_decision_score
5,1024,2902-9006-0003,2902/9006,LibriSpeech_2902,LibriSpeech_2902,1,39.326013569485156,maximum_decision_score
3,1025,2902-9006-0004,2902/9006,LibriSpeech_2902,LibriSpeech_2902,1,39.326022703211336,maximum_decision_score
5,1026,2902-9006-0005,2902/9006,LibriSpeech_2902,LibriSpeech_2902,1,39.3259777369082,maximum_decision_score
1,1027,2902-9006-0006,2902/9006,LibriSpeech_2902,LibriSpeech_2902,1,39.32663154544559,maximum_decision_score
1,1028,2902-9006-0007,2902/9006,LibriSpeech_2902,LibriSpeech_2902,1,39.32640490932384,maximum_decision_score
4,1029,2902-9006-0008,2902/9006,LibriSpeech_2902,LibriSpeech_2902,1,39.326044741221374,maximum_decision_score
1,1030,2902-9006-0009,2902/9006,LibriSpeech_2902,LibriSpeech_2902,1,39.32597218543774,maximum_decision_score
2,1031,2902-9006-0010,2902/9006,LibriSpeech_2902,LibriSpeech_2902,1,39.326069788308054,maximum_decision_score
1,1032,2902-9006-0011,2902/9006,LibriSpeech_2902,LibriSpeech_2902,1,39.325275789388684,maximum_decision_score
4,1033,2902-9006-0012,2902/9006,LibriSpeech_2902,LibriSpeech_2902,1,39.32570485962426,maximum_decision_score
1,1034,2902-9006-0013,2902/9006,LibriSpeech_2902,LibriSpeech_2902,1,39.32555794314638,maximum_decision_score
5,1035,2902-9006-0014,2902/9006,LibriSpeech_2902,LibriSpeech_2902,1,39.32570228001019,maximum_decision_score
3,1036,2902-9006-0015,2902/9006,LibriSpeech_2902,LibriSpeech_2902,1,39.32602474387719,maximum_decision_score
3,1037,2902-9006-0016,2902/9006,LibriSpeech_2902,LibriSpeech_2902,1,39.32582073731504,maximum_decision_score
2,1038,2902-9006-0017,2902/9006,LibriSpeech_2902,LibriSpeech_2902,1,39.32626741495374,maximum_decision_score
1,1039,2902-9006-0018,2902/9006,LibriSpeech_2902,LibriSpeech_2902,1,39.32631773360802,maximum_decision_score
2,1040,2902-9006-0019,2902/9006,LibriSpeech_2902,LibriSpeech_2902,1,39.32631991762424,maximum_decision_score
3,1041,2902-9006-0020,2902/9006,LibriSpeech_2902,LibriSpeech_2902,1,39.325967902088536,maximum_decision_score
1,1042,2902-9008-0000,2902/9008,LibriSpeech_2902,LibriSpeech_2902,1,39.32576556976452,maximum_decision_score
2,1043,2902-9008-0001,2902/9008,LibriSpeech_2902,LibriSpeech_2902,1,39.326031960132525,maximum_decision_score
4,1044,2902-9008-0002,2902/9008,LibriSpeech_2902,LibriSpeech_2902,1,39.326175283984206,maximum_decision_score
3,1045,2902-9008-0003,2902/9008,LibriSpeech_2902,LibriSpeech_2902,1,39.32609264201994,maximum_decision_score
1,1046,2902-9008-0004,2902/9008,LibriSpeech_2902,LibriSpeech_2902,1,39.32582101513775,maximum_decision_score
5,1047,2902-9008-0005,2902/9008,LibriSpeech_2902,LibriSpeech_2902,1,39.325975355233986,maximum_decision_score
5,1048,2902-9008-0006,2902/9008,LibriSpeech_2902,LibriSpeech_2902,1,39.32479591379459,maximum_decision_score
2,1049,2902-9008-0007,2902/9008,LibriSpeech_2902,LibriSpeech_2902,1,39.32531829696871,maximum_decision_score
3,1050,2902-9008-0008,2902/9008,LibriSpeech_2902,LibriSpeech_2902,1,39.326874396863936,maximum_decision_score
4,1051,2902-9008-0009,2902/9008,LibriSpeech_2902,LibriSpeech_2902,1,39.32645178683219,maximum_decision_score
2,1052,2902-9008-0010,2902/9008,LibriSpeech_2902,LibriSpeech_2902,1,39.326033994376374,maximum_decision_score
3,1053,2902-9008-0011,2902/9008,LibriSpeech_2902,LibriSpeech_2902,1,39.32576482706486,maximum_decision_score
3,1054,2902-9008-0012,2902/9008,LibriSpeech_2902,LibriSpeech_2902,1,39.323949782157925,maximum_decision_score
2,1055,2902-9008-0013,2902/9008,LibriSpeech_2902,LibriSpeech_2902,1,39.325801711742066,maximum_decision_score
2,1056,2902-9008-0014,2902/9008,LibriSpeech_2902,LibriSpeech_2902,1,39.32586920812053,maximum_decision_score
4,1057,2902-9008-0015,2902/9008,LibriSpeech_2902,LibriSpeech_2902,1,39.32531989309529,maximum_decision_score
4,1058,2902-9008-0016,2902/9008,LibriSpeech_2902,LibriSpeech_2902,1,39.32579821877345,maximum_decision_score
3,1059,3000-15664-0000,3000/15664,LibriSpeech_3000,LibriSpeech_3000,1,39.3264923611018,maximum_decision_score
3,1060,3000-15664-0001,3000/15664,LibriSpeech_3000,LibriSpeech_3000,1,39.32633415534733,maximum_decision_score
4,1061,3000-15664-0002,3000/15664,LibriSpeech_3000,LibriSpeech_3000,1,39.32591895102825,maximum_decision_score
3,1062,3000-15664-0003,3000/15664,LibriSpeech_3000,LibriSpeech_3000,1,39.324915530620785,maximum_decision_score
5,1063,3000-15664-0004,3000/15664,LibriSpeech_3000,LibriSpeech_3000,1,39.326510818894704,maximum_decision_score
2,1064,3000-15664-0005,3000/15664,LibriSpeech_3000,LibriSpeech_3000,1,39.32627819181825,maximum_decision_score
1,1065,3000-15664-0006,3000/15664,LibriSpeech_3000,LibriSpeech_3000,1,39.325697793000266,maximum_decision_score
1,1066,3000-15664-0007,3000/15664,LibriSpeech_3000,LibriSpeech_3000,1,39.32582435781612,maximum_decision_score
5,1067,3000-15664-0008,3000/15664,LibriSpeech_3000,LibriSpeech_3000,1,39.325685744609686,maximum_decision_score
1,1068,3000-15664-0009,3000/15664,LibriSpeech_3000,LibriSpeech_3000,1,39.32598347987129,maximum_decision_score
3,1069,3000-15664-0010,3000/15664,LibriSpeech_3000,LibriSpeech_3000,1,39.32671670820454,maximum_decision_score
1,1070,3000-15664-0011,3000/15664,LibriSpeech_3000,LibriSpeech_3000,1,39.32574528057569,maximum_decision_score
3,1071,3000-15664-0012,3000/15664,LibriSpeech_3000,LibriSpeech_3000,1,39.32572205494244,maximum_decision_score
5,1072,3000-15664-0013,3000/15664,LibriSpeech_3000,LibriSpeech_3000,1,39.325577461263634,maximum_decision_score
2,1073,3000-15664-0014,3000/15664,LibriSpeech_3000,LibriSpeech_3000,1,39.32579682476784,maximum_decision_score
1,1074,3000-15664-0015,3000/15664,LibriSpeech_3000,LibriSpeech_3000,1,39.32681367320258,maximum_decision_score
1,1075,3000-15664-0016,3000/15664,LibriSpeech_3000,LibriSpeech_3000,1,39.32643116741232,maximum_decision_score
5,1076,3000-15664-0017,3000/15664,LibriSpeech_3000,LibriSpeech_3000,1,39.32598894691822,maximum_decision_score
2,1077,3000-15664-0018,3000/15664,LibriSpeech_3000,LibriSpeech_3000,1,39.326049946165334,maximum_decision_score
5,1078,3000-15664-0019,3000/15664,LibriSpeech_3000,LibriSpeech_3000,1,39.325476648257954,maximum_decision_score
5,1079,3000-15664-0020,3000/15664,LibriSpeech_3000,LibriSpeech_3000,1,39.32611148415931,maximum_decision_score
4,1080,3000-15664-0021,3000/15664,LibriSpeech_3000,LibriSpeech_3000,1,39.32651072068787,maximum_decision_score
4,1081,3000-15664-0022,3000/15664,LibriSpeech_3000,LibriSpeech_3000,1,39.32653644245952,maximum_decision_score
3,1082,3000-15664-0023,3000/15664,LibriSpeech_3000,LibriSpeech_3000,1,39.32621086558264,maximum_decision_score
3,1083,3000-15664-0024,3000/15664,LibriSpeech_3000,LibriSpeech_3000,1,39.32608985182946,maximum_decision_score
4,1084,3000-15664-0025,3000/15664,LibriSpeech_3000,LibriSpeech_3000,1,39.32631579657913,maximum_decision_score
4,1085,3000-15664-0026,3000/15664,LibriSpeech_3000,LibriSpeech_3000,1,39.325730857693806,maximum_decision_score
2,1086,3000-15664-0027,3000/15664,LibriSpeech_3000,LibriSpeech_3000,1,39.32576326803945,maximum_decision_score
3,1087,3000-15664-0028,3000/15664,LibriSpeech_3000,LibriSpeech_3000,1,39.326224977860385,maximum_decision_score
2,1088,3000-15664-0029,3000/15664,LibriSpeech_3000,LibriSpeech_3000,1,39.32663213082842,maximum_decision_score
4,1089,3000-15664-0030,3000/15664,LibriSpeech_3000,LibriSpeech_8297,0,39.325275028546386,maximum_decision_score
4,1090,3000-15664-0031,3000/15664,LibriSpeech_3000,LibriSpeech_3000,1,39.32631678858789,maximum_decision_score
1,1091,3000-15664-0032,3000/15664,LibriSpeech_3000,LibriSpeech_3000,1,39.325844713473074,maximum_decision_score
4,1092,3000-15664-0033,3000/15664,LibriSpeech_3000,LibriSpeech_3000,1,39.326272993724714,maximum_decision_score
2,1093,3000-15664-0034,3000/15664,LibriSpeech_3000,LibriSpeech_3000,1,39.32627777159314,maximum_decision_score
2,1094,3000-15664-0035,3000/15664,LibriSpeech_3000,LibriSpeech_3000,1,39.32630465449925,maximum_decision_score
1,1095,3000-15664-0036,3000/15664,LibriSpeech_3000,LibriSpeech_3000,1,39.32615360336333,maximum_decision_score
5,1096,3000-15664-0037,3000/15664,LibriSpeech_3000,LibriSpeech_3000,1,39.32520503814771,maximum_decision_score
5,1097,3000-15664-0038,3000/15664,LibriSpeech_3000,LibriSpeech_3000,1,39.326228684989864,maximum_decision_score
5,1098,3000-15664-0039,3000/15664,LibriSpeech_3000,LibriSpeech_3000,1,39.32645085437739,maximum_decision_score
3,1099,3000-15664-0040,3000/15664,LibriSpeech_3000,LibriSpeech_3000,1,39.32653323766839,maximum_decision_score
2,1100,3000-15664-0041,3000/15664,LibriSpeech_3000,LibriSpeech_3000,1,39.326496945654874,maximum_decision_score
1,1101,3000-15664-0042,3000/15664,LibriSpeech_3000,LibriSpeech_3000,1,39.32611065516684,maximum_decision_score
4,1102,3000-15664-0043,3000/15664,LibriSpeech_3000,LibriSpeech_3000,1,39.326296565732655,maximum_decision_score
2,1103,3000-15664-0044,3000/15664,LibriSpeech_3000,LibriSpeech_3000,1,39.326256969627224,maximum_decision_score
2,1104,3000-15664-0045,3000/15664,LibriSpeech_3000,LibriSpeech_3000,1,39.326661105920614,maximum_decision_score
3,1105,3000-15664-0046,3000/15664,LibriSpeech_3000,LibriSpeech_3000,1,39.32526865028279,maximum_decision_score
2,1106,3081-166546-0000,3081/166546,LibriSpeech_3081,LibriSpeech_3081,1,39.325824715744616,maximum_decision_score
2,1107,3081-166546-0001,3081/166546,LibriSpeech_3081,LibriSpeech_3081,1,39.32630394165456,maximum_decision_score
4,1108,3081-166546-0002,3081/166546,LibriSpeech_3081,LibriSpeech_3081,1,39.328124837998104,maximum_decision_score
1,1109,3081-166546-0003,3081/166546,LibriSpeech_3081,LibriSpeech_3081,1,39.327343454162616,maximum_decision_score
2,1110,3081-166546-0004,3081/166546,LibriSpeech_3081,LibriSpeech_3081,1,39.32722688307563,maximum_decision_score
5,1111,3081-166546-0005,3081/166546,LibriSpeech_3081,LibriSpeech_3081,1,39.327796607280284,maximum_decision_score
1,1112,3081-166546-0006,3081/166546,LibriSpeech_3081,LibriSpeech_3081,1,39.32668748280971,maximum_decision_score
5,1113,3081-166546-0007,3081/166546,LibriSpeech_3081,LibriSpeech_3081,1,39.32772156394226,maximum_decision_score
4,1114,3081-166546-0008,3081/166546,LibriSpeech_3081,LibriSpeech_6345,0,39.32635506890978,maximum_decision_score
1,1115,3081-166546-0009,3081/166546,LibriSpeech_3081,LibriSpeech_3081,1,39.32658268562521,maximum_decision_score
3,1116,3081-166546-0010,3081/166546,LibriSpeech_3081,LibriSpeech_3081,1,39.325761754268584,maximum_decision_score
2,1117,3081-166546-0011,3081/166546,LibriSpeech_3081,LibriSpeech_3081,1,39.32537706938639,maximum_decision_score
5,1118,3081-166546-0012,3081/166546,LibriSpeech_3081,LibriSpeech_3081,1,39.32707265775718,maximum_decision_score
5,1119,3081-166546-0013,3081/166546,LibriSpeech_3081,LibriSpeech_3081,1,39.3269704044414,maximum_decision_score
3,1120,3081-166546-0014,3081/166546,LibriSpeech_3081,LibriSpeech_3081,1,39.32684126093548,maximum_decision_score
4,1121,3081-166546-0015,3081/166546,LibriSpeech_3081,LibriSpeech_1919,0,38.32543152766145,maximum_decision_score
2,1122,3081-166546-0016,3081/166546,LibriSpeech_3081,LibriSpeech_3081,1,39.326357267693744,maximum_decision_score
3,1123,3081-166546-0017,3081/166546,LibriSpeech_3081,LibriSpeech_3081,1,39.326466027723754,maximum_decision_score
1,1124,3081-166546-0018,3081/166546,LibriSpeech_3081,LibriSpeech_3081,1,39.327567309019344,maximum_decision_score
4,1125,3081-166546-0019,3081/166546,LibriSpeech_3081,LibriSpeech_3081,1,39.327409820293305,maximum_decision_score
2,1126,3081-166546-0020,3081/166546,LibriSpeech_3081,LibriSpeech_3081,1,39.326209323314366,maximum_decision_score
3,1127,3081-166546-0021,3081/166546,LibriSpeech_3081,LibriSpeech_3081,1,39.327678921151644,maximum_decision_score
4,1128,3081-166546-0022,3081/166546,LibriSpeech_3081,LibriSpeech_3081,1,39.32584765083593,maximum_decision_score
2,1129,3081-166546-0023,3081/166546,LibriSpeech_3081,LibriSpeech_3081,1,39.327036205584655,maximum_decision_score
4,1130,3081-166546-0024,3081/166546,LibriSpeech_3081,LibriSpeech_3081,1,39.32705361072378,maximum_decision_score
4,1131,3081-166546-0025,3081/166546,LibriSpeech_3081,LibriSpeech_3081,1,39.32792426502592,maximum_decision_score
1,1132,3081-166546-0026,3081/166546,LibriSpeech_3081,LibriSpeech_3081,1,39.32621317006932,maximum_decision_score
5,1133,3081-166546-0027,3081/166546,LibriSpeech_3081,LibriSpeech_3081,1,39.32665920156487,maximum_decision_score
5,1134,3081-166546-0028,3081/166546,LibriSpeech_3081,LibriSpeech_3081,1,39.32506437410898,maximum_decision_score
5,1135,3081-166546-0029,3081/166546,LibriSpeech_3081,LibriSpeech_3081,1,39.32728751706464,maximum_decision_score
3,1136,3081-166546-0030,3081/166546,LibriSpeech_3081,LibriSpeech_3081,1,39.326481257491075,maximum_decision_score
2,1137,3081-166546-0031,3081/166546,LibriSpeech_3081,LibriSpeech_3081,1,39.326630175580355,maximum_decision_score
1,1138,3081-166546-0032,3081/166546,LibriSpeech_3081,LibriSpeech_3081,1,39.32523579490109,maximum_decision_score
3,1139,3081-166546-0033,3081/166546,LibriSpeech_3081,LibriSpeech_3081,1,39.32738425334317,maximum_decision_score
1,1140,3081-166546-0034,3081/166546,LibriSpeech_3081,LibriSpeech_3081,1,39.32684089908174,maximum_decision_score
3,1141,3081-166546-0035,3081/166546,LibriSpeech_3081,LibriSpeech_3081,1,39.32764279928979,maximum_decision_score
5,1142,3081-166546-0036,3081/166546,LibriSpeech_3081,LibriSpeech_3081,1,39.325816058160754,maximum_decision_score
4,1143,3081-166546-0037,3081/166546,LibriSpeech_3081,LibriSpeech_3081,1,39.32602945048936,maximum_decision_score
5,1144,3081-166546-0038,3081/166546,LibriSpeech_3081,LibriSpeech_3081,1,39.32621344703359,maximum_decision_score
5,1145,3081-166546-0039,3081/166546,LibriSpeech_3081,LibriSpeech_3081,1,39.32632062221892,maximum_decision_score
3,1146,3081-166546-0040,3081/166546,LibriSpeech_3081,LibriSpeech_3081,1,39.32630442511538,maximum_decision_score
5,1147,3081-166546-0041,3081/166546,LibriSpeech_3081,LibriSpeech_3081,1,39.32632843041695,maximum_decision_score
2,1148,3081-166546-0042,3081/166546,LibriSpeech_3081,LibriSpeech_3081,1,39.32638515949151,maximum_decision_score
3,1149,3081-166546-0043,3081/166546,LibriSpeech_3081,LibriSpeech_3081,1,39.327011015875605,maximum_decision_score
5,1150,3081-166546-0044,3081/166546,LibriSpeech_3081,LibriSpeech_3081,1,39.32751863807557,maximum_decision_score
2,1151,3081-166546-0045,3081/166546,LibriSpeech_3081,LibriSpeech_3081,1,39.32719918662967,maximum_decision_score
1,1152,3081-166546-0046,3081/166546,LibriSpeech_3081,LibriSpeech_3081,1,39.32729887489607,maximum_decision_score
4,1153,3081-166546-0047,3081/166546,LibriSpeech_3081,LibriSpeech_3081,1,39.32656144487685,maximum_decision_score
1,1154,3081-166546-0048,3081/166546,LibriSpeech_3081,LibriSpeech_3081,1,39.32723473102324,maximum_decision_score
3,1155,3081-166546-0049,3081/166546,LibriSpeech_3081,LibriSpeech_3081,1,39.32752697729816,maximum_decision_score
5,1156,3081-166546-0050,3081/166546,LibriSpeech_3081,LibriSpeech_3081,1,39.327150412459076,maximum_decision_score
3,1157,3081-166546-0051,3081/166546,LibriSpeech_3081,LibriSpeech_3081,1,39.32691927116843,maximum_decision_score
5,1158,3081-166546-0052,3081/166546,LibriSpeech_3081,LibriSpeech_3081,1,39.32703779104809,maximum_decision_score
1,1159,3081-166546-0053,3081/166546,LibriSpeech_3081,LibriSpeech_3081,1,39.32580841606081,maximum_decision_score
5,1160,3081-166546-0054,3081/166546,LibriSpeech_3081,LibriSpeech_3081,1,39.32551612164991,maximum_decision_score
2,1161,3081-166546-0055,3081/166546,LibriSpeech_3081,LibriSpeech_3081,1,39.326641107565024,maximum_decision_score
5,1162,3081-166546-0056,3081/166546,LibriSpeech_3081,LibriSpeech_3081,1,39.327124218522385,maximum_decision_score
2,1163,3081-166546-0057,3081/166546,LibriSpeech_3081,LibriSpeech_3081,1,39.32797754075657,maximum_decision_score
3,1164,3081-166546-0058,3081/166546,LibriSpeech_3081,LibriSpeech_3081,1,39.327081873731416,maximum_decision_score
5,1165,3081-166546-0059,3081/166546,LibriSpeech_3081,LibriSpeech_3081,1,39.32706427049355,maximum_decision_score
1,1166,3081-166546-0060,3081/166546,LibriSpeech_3081,LibriSpeech_3081,1,39.327923152453614,maximum_decision_score
3,1167,3081-166546-0061,3081/166546,LibriSpeech_3081,LibriSpeech_3081,1,39.32718199763853,maximum_decision_score
4,1168,3081-166546-0062,3081/166546,LibriSpeech_3081,LibriSpeech_3081,1,39.32715028534326,maximum_decision_score
2,1169,3081-166546-0063,3081/166546,LibriSpeech_3081,LibriSpeech_3081,1,39.3277656881034,maximum_decision_score
1,1170,3081-166546-0064,3081/166546,LibriSpeech_3081,LibriSpeech_3081,1,39.327980372890195,maximum_decision_score
2,1171,3081-166546-0065,3081/166546,LibriSpeech_3081,LibriSpeech_3081,1,39.32710710478703,maximum_decision_score
3,1172,3081-166546-0066,3081/166546,LibriSpeech_3081,LibriSpeech_3081,1,39.3266974781872,maximum_decision_score
1,1173,3081-166546-0067,3081/166546,LibriSpeech_3081,LibriSpeech_3081,1,39.32651376900668,maximum_decision_score
3,1174,3081-166546-0068,3081/166546,LibriSpeech_3081,LibriSpeech_3081,1,39.32694743464987,maximum_decision_score
3,1175,3081-166546-0069,3081/166546,LibriSpeech_3081,LibriSpeech_3081,1,39.32704488074156,maximum_decision_score
1,1176,3081-166546-0070,3081/166546,LibriSpeech_3081,LibriSpeech_3081,1,39.32597422206194,maximum_decision_score
5,1177,3081-166546-0071,3081/166546,LibriSpeech_3081,LibriSpeech_3081,1,39.32714322135273,maximum_decision_score
4,1178,3081-166546-0072,3081/166546,LibriSpeech_3081,LibriSpeech_3081,1,39.327573420826354,maximum_decision_score
4,1179,3081-166546-0073,3081/166546,LibriSpeech_3081,LibriSpeech_3081,1,39.32748006973743,maximum_decision_score
1,1180,3081-166546-0074,3081/166546,LibriSpeech_3081,LibriSpeech_3081,1,39.326824325490335,maximum_decision_score
3,1181,3081-166546-0075,3081/166546,LibriSpeech_3081,LibriSpeech_3081,1,39.32597905140256,maximum_decision_score
1,1182,3081-166546-0076,3081/166546,LibriSpeech_3081,LibriSpeech_3081,1,39.327336767842326,maximum_decision_score
2,1183,3081-166546-0077,3081/166546,LibriSpeech_3081,LibriSpeech_3081,1,39.326770475714255,maximum_decision_score
4,1184,3081-166546-0078,3081/166546,LibriSpeech_3081,LibriSpeech_3081,1,39.32768025368091,maximum_decision_score
2,1185,3081-166546-0079,3081/166546,LibriSpeech_3081,LibriSpeech_3081,1,39.32617613704934,maximum_decision_score
4,1186,3081-166546-0080,3081/166546,LibriSpeech_3081,LibriSpeech_3081,1,39.32649876223174,maximum_decision_score
1,1187,3081-166546-0081,3081/166546,LibriSpeech_3081,LibriSpeech_3081,1,39.32724216852717,maximum_decision_score
4,1188,3081-166546-0082,3081/166546,LibriSpeech_3081,LibriSpeech_3081,1,39.32647457277099,maximum_decision_score
2,1189,3081-166546-0083,3081/166546,LibriSpeech_3081,LibriSpeech_3081,1,39.32760257402411,maximum_decision_score
4,1190,3081-166546-0084,3081/166546,LibriSpeech_3081,LibriSpeech_3081,1,39.32721291789388,maximum_decision_score
4,1191,3081-166546-0085,3081/166546,LibriSpeech_3081,LibriSpeech_3081,1,39.32635698663549,maximum_decision_score
3,1192,3081-166546-0086,3081/166546,LibriSpeech_3081,LibriSpeech_3081,1,39.32787999938067,maximum_decision_score
1,1193,3081-166546-0087,3081/166546,LibriSpeech_3081,LibriSpeech_3081,1,39.327177144048086,maximum_decision_score
4,1194,3081-166546-0088,3081/166546,LibriSpeech_3081,LibriSpeech_3081,1,39.32609873710922,maximum_decision_score
2,1195,3081-166546-0089,3081/166546,LibriSpeech_3081,LibriSpeech_3081,1,39.32349580097485,maximum_decision_score
1,1196,3170-137482-0000,3170/137482,LibriSpeech_3170,LibriSpeech_3170,1,39.326377826531996,maximum_decision_score
2,1197,3170-137482-0001,3170/137482,LibriSpeech_3170,LibriSpeech_3170,1,39.325943591441785,maximum_decision_score
2,1198,3170-137482-0002,3170/137482,LibriSpeech_3170,LibriSpeech_3170,1,39.32610542179527,maximum_decision_score
4,1199,3170-137482-0003,3170/137482,LibriSpeech_3170,LibriSpeech_3170,1,39.32606266282347,maximum_decision_score
2,1200,3170-137482-0004,3170/137482,LibriSpeech_3170,LibriSpeech_3170,1,39.32517521731377,maximum_decision_score
4,1201,3170-137482-0005,3170/137482,LibriSpeech_3170,LibriSpeech_3170,1,39.32592623722494,maximum_decision_score
1,1202,3170-137482-0006,3170/137482,LibriSpeech_3170,LibriSpeech_3170,1,39.326511447222956,maximum_decision_score
1,1203,3170-137482-0007,3170/137482,LibriSpeech_3170,LibriSpeech_3170,1,39.326407177468965,maximum_decision_score
3,1204,3170-137482-0008,3170/137482,LibriSpeech_3170,LibriSpeech_3170,1,39.32547797838116,maximum_decision_score
5,1205,3170-137482-0009,3170/137482,LibriSpeech_3170,LibriSpeech_3170,1,39.32608928991459,maximum_decision_score
4,1206,3170-137482-0010,3170/137482,LibriSpeech_3170,LibriSpeech_3170,1,39.325344852330126,maximum_decision_score
3,1207,3170-137482-0011,3170/137482,LibriSpeech_3170,LibriSpeech_3170,1,39.3264530977118,maximum_decision_score
2,1208,3170-137482-0012,3170/137482,LibriSpeech_3170,LibriSpeech_3170,1,37.324631267343975,maximum_decision_score
4,1209,3170-137482-0013,3170/137482,LibriSpeech_3170,LibriSpeech_3170,1,39.32400137174907,maximum_decision_score
3,1210,3170-137482-0014,3170/137482,LibriSpeech_3170,LibriSpeech_3170,1,39.32618013019397,maximum_decision_score
1,1211,3170-137482-0015,3170/137482,LibriSpeech_3170,LibriSpeech_3170,1,39.326267094780256,maximum_decision_score
1,1212,3170-137482-0016,3170/137482,LibriSpeech_3170,LibriSpeech_3170,1,39.326180481224576,maximum_decision_score
5,1213,3170-137482-0017,3170/137482,LibriSpeech_3170,LibriSpeech_3170,1,39.3260306654259,maximum_decision_score
1,1214,3170-137482-0018,3170/137482,LibriSpeech_3170,LibriSpeech_3170,1,39.32641205976713,maximum_decision_score
2,1215,3170-137482-0019,3170/137482,LibriSpeech_3170,LibriSpeech_3170,1,39.326703928753524,maximum_decision_score
5,1216,3170-137482-0020,3170/137482,LibriSpeech_3170,LibriSpeech_3170,1,39.325835694313454,maximum_decision_score
2,1217,3170-137482-0021,3170/137482,LibriSpeech_3170,LibriSpeech_3170,1,39.32613220854298,maximum_decision_score
5,1218,3170-137482-0022,3170/137482,LibriSpeech_3170,LibriSpeech_3170,1,39.326580360360886,maximum_decision_score
2,1219,3170-137482-0023,3170/137482,LibriSpeech_3170,LibriSpeech_3170,1,39.32647045996654,maximum_decision_score
2,1220,3170-137482-0024,3170/137482,LibriSpeech_3170,LibriSpeech_3170,1,39.326265904979785,maximum_decision_score
3,1221,3170-137482-0025,3170/137482,LibriSpeech_3170,LibriSpeech_3170,1,39.32532292835845,maximum_decision_score
3,1222,3170-137482-0026,3170/137482,LibriSpeech_3170,LibriSpeech_3170,1,39.3263952663673,maximum_decision_score
4,1223,3170-137482-0027,3170/137482,LibriSpeech_3170,LibriSpeech_3170,1,39.32598864110251,maximum_decision_score
5,1224,3170-137482-0028,3170/137482,LibriSpeech_3170,LibriSpeech_3170,1,39.32632782770408,maximum_decision_score
5,1225,3170-137482-0029,3170/137482,LibriSpeech_3170,LibriSpeech_3170,1,39.32500719654773,maximum_decision_score
4,1226,3170-137482-0030,3170/137482,LibriSpeech_3170,LibriSpeech_3170,1,39.32544228170609,maximum_decision_score
3,1227,3170-137482-0031,3170/137482,LibriSpeech_3170,LibriSpeech_3170,1,39.32603957041087,maximum_decision_score
5,1228,3170-137482-0032,3170/137482,LibriSpeech_3170,LibriSpeech_3170,1,39.32621232566691,maximum_decision_score
4,1229,3170-137482-0033,3170/137482,LibriSpeech_3170,LibriSpeech_8297,0,39.325896132415274,maximum_decision_score
3,1230,3170-137482-0034,3170/137482,LibriSpeech_3170,LibriSpeech_3170,1,39.325630884126184,maximum_decision_score
2,1231,3170-137482-0035,3170/137482,LibriSpeech_3170,LibriSpeech_3170,1,39.32558727206308,maximum_decision_score
5,1232,3170-137482-0036,3170/137482,LibriSpeech_3170,LibriSpeech_3170,1,39.32612111817805,maximum_decision_score
4,1233,3170-137482-0037,3170/137482,LibriSpeech_3170,LibriSpeech_3170,1,39.32595905382701,maximum_decision_score
2,1234,3170-137482-0038,3170/137482,LibriSpeech_3170,LibriSpeech_3170,1,39.32667277682321,maximum_decision_score
3,1235,3170-137482-0039,3170/137482,LibriSpeech_3170,LibriSpeech_3170,1,39.326288032535075,maximum_decision_score
3,1236,3170-137482-0040,3170/137482,LibriSpeech_3170,LibriSpeech_3170,1,39.32628904755621,maximum_decision_score
1,1237,3170-137482-0041,3170/137482,LibriSpeech_3170,LibriSpeech_3170,1,39.32611657659998,maximum_decision_score
4,1238,3170-137482-0042,3170/137482,LibriSpeech_3170,LibriSpeech_3170,1,39.324998082532424,maximum_decision_score
5,1239,3170-137482-0043,3170/137482,LibriSpeech_3170,LibriSpeech_3170,1,39.32586161508636,maximum_decision_score
1,1240,3170-137482-0044,3170/137482,LibriSpeech_3170,LibriSpeech_3170,1,39.326456793487594,maximum_decision_score
4,1241,3170-137482-0045,3170/137482,LibriSpeech_3170,LibriSpeech_3170,1,39.326085279218645,maximum_decision_score
1,1242,3170-137482-0046,3170/137482,LibriSpeech_3170,LibriSpeech_3170,1,39.32615869406747,maximum_decision_score
1,1243,3170-137482-0047,3170/137482,LibriSpeech_3170,LibriSpeech_3170,1,39.32653183412614,maximum_decision_score
5,1244,3170-137482-0048,3170/137482,LibriSpeech_3170,LibriSpeech_3170,1,39.32659474937029,maximum_decision_score
1,1245,3536-23268-0000,3536/23268,LibriSpeech_3536,LibriSpeech_3536,1,39.326333693188225,maximum_decision_score
5,1246,3536-23268-0001,3536/23268,LibriSpeech_3536,LibriSpeech_3536,1,39.32649743878167,maximum_decision_score
2,1247,3536-23268-0002,3536/23268,LibriSpeech_3536,LibriSpeech_3536,1,39.326568977706216,maximum_decision_score
4,1248,3536-23268-0003,3536/23268,LibriSpeech_3536,LibriSpeech_3536,1,39.32598515284415,maximum_decision_score
3,1249,3536-23268-0004,3536/23268,LibriSpeech_3536,LibriSpeech_3536,1,39.32695882493088,maximum_decision_score
5,1250,3536-23268-0005,3536/23268,LibriSpeech_3536,LibriSpeech_3536,1,39.32589029099667,maximum_decision_score
3,1251,3536-23268-0006,3536/23268,LibriSpeech_3536,LibriSpeech_3536,1,39.32716869934068,maximum_decision_score
2,1252,3536-23268-0007,3536/23268,LibriSpeech_3536,LibriSpeech_3536,1,39.326449456781326,maximum_decision_score
4,1253,3536-23268-0008,3536/23268,LibriSpeech_3536,LibriSpeech_3536,1,39.326542362327494,maximum_decision_score
3,1254,3536-23268-0009,3536/23268,LibriSpeech_3536,LibriSpeech_3536,1,39.326641062668706,maximum_decision_score
4,1255,3536-23268-0010,3536/23268,LibriSpeech_3536,LibriSpeech_3536,1,39.32567526270817,maximum_decision_score
2,1256,3536-23268-0011,3536/23268,LibriSpeech_3536,LibriSpeech_3536,1,39.32684989611039,maximum_decision_score
4,1257,3536-23268-0012,3536/23268,LibriSpeech_3536,LibriSpeech_3536,1,39.32673940140192,maximum_decision_score
4,1258,3536-23268-0013,3536/23268,LibriSpeech_3536,LibriSpeech_3536,1,39.32589258561791,maximum_decision_score
4,1259,3536-23268-0014,3536/23268,LibriSpeech_3536,LibriSpeech_3536,1,39.32475971378754,maximum_decision_score
2,1260,3536-23268-0015,3536/23268,LibriSpeech_3536,LibriSpeech_3536,1,39.325784648640756,maximum_decision_score
3,1261,3536-23268-0016,3536/23268,LibriSpeech_3536,LibriSpeech_3536,1,39.32576598127479,maximum_decision_score
1,1262,3536-23268-0017,3536/23268,LibriSpeech_3536,LibriSpeech_3536,1,39.3260778018498,maximum_decision_score
3,1263,3536-23268-0018,3536/23268,LibriSpeech_3536,LibriSpeech_3536,1,39.32738092476542,maximum_decision_score
5,1264,3536-23268-0019,3536/23268,LibriSpeech_3536,LibriSpeech_3536,1,39.32518084225384,maximum_decision_score
1,1265,3536-23268-0020,3536/23268,LibriSpeech_3536,LibriSpeech_3536,1,39.325529165153114,maximum_decision_score
3,1266,3536-23268-0021,3536/23268,LibriSpeech_3536,LibriSpeech_3536,1,39.32589098368706,maximum_decision_score
5,1267,3536-23268-0022,3536/23268,LibriSpeech_3536,LibriSpeech_3536,1,39.326870467747405,maximum_decision_score
1,1268,3536-23268-0023,3536/23268,LibriSpeech_3536,LibriSpeech_3536,1,39.325852284692346,maximum_decision_score
2,1269,3536-23268-0024,3536/23268,LibriSpeech_3536,LibriSpeech_3536,1,39.326443286523144,maximum_decision_score
4,1270,3536-23268-0025,3536/23268,LibriSpeech_3536,LibriSpeech_3536,1,39.32663075366799,maximum_decision_score
1,1271,3536-23268-0026,3536/23268,LibriSpeech_3536,LibriSpeech_3536,1,39.32629812619994,maximum_decision_score
2,1272,3536-23268-0027,3536/23268,LibriSpeech_3536,LibriSpeech_3536,1,39.32598473264965,maximum_decision_score
1,1273,3536-23268-0028,3536/23268,LibriSpeech_3536,LibriSpeech_3536,1,39.3255998826626,maximum_decision_score
3,1274,3536-23268-0029,3536/23268,LibriSpeech_3536,LibriSpeech_3536,1,39.32606935722007,maximum_decision_score
1,1275,3536-23268-0030,3536/23268,LibriSpeech_3536,LibriSpeech_3536,1,39.32512945927799,maximum_decision_score
4,1276,3536-8226-0000,3536/8226,LibriSpeech_3536,LibriSpeech_3536,1,39.32647270850436,maximum_decision_score
2,1277,3536-8226-0001,3536/8226,LibriSpeech_3536,LibriSpeech_3536,1,39.326268173466225,maximum_decision_score
5,1278,3536-8226-0002,3536/8226,LibriSpeech_3536,LibriSpeech_3536,1,39.324878604275014,maximum_decision_score
5,1279,3536-8226-0003,3536/8226,LibriSpeech_3536,LibriSpeech_3536,1,39.32699812678951,maximum_decision_score
5,1280,3536-8226-0004,3536/8226,LibriSpeech_3536,LibriSpeech_3536,1,39.32654035027006,maximum_decision_score
3,1281,3536-8226-0005,3536/8226,LibriSpeech_3536,LibriSpeech_3536,1,39.32651929402959,maximum_decision_score
3,1282,3536-8226-0006,3536/8226,LibriSpeech_3536,LibriSpeech_3536,1,39.326378706089265,maximum_decision_score
2,1283,3536-8226-0007,3536/8226,LibriSpeech_3536,LibriSpeech_3536,1,39.32666250859857,maximum_decision_score
4,1284,3536-8226-0008,3536/8226,LibriSpeech_3536,LibriSpeech_3536,1,39.32651223260958,maximum_decision_score
2,1285,3536-8226-0009,3536/8226,LibriSpeech_3536,LibriSpeech_3536,1,39.32717510765188,maximum_decision_score
5,1286,3536-8226-0010,3536/8226,LibriSpeech_3536,LibriSpeech_3536,1,39.32537261696407,maximum_decision_score
1,1287,3536-8226-0011,3536/8226,LibriSpeech_3536,LibriSpeech_3536,1,39.32697545852418,maximum_decision_score
2,1288,3536-8226-0012,3536/8226,LibriSpeech_3536,LibriSpeech_3536,1,39.326041173386585,maximum_decision_score
1,1289,3536-8226-0013,3536/8226,LibriSpeech_3536,LibriSpeech_3536,1,39.32590002296841,maximum_decision_score
4,1290,3536-8226-0014,3536/8226,LibriSpeech_3536,LibriSpeech_5338,0,38.32566389322066,maximum_decision_score
5,1291,3536-8226-0015,3536/8226,LibriSpeech_3536,LibriSpeech_3536,1,39.326774874268516,maximum_decision_score
5,1292,3536-8226-0016,3536/8226,LibriSpeech_3536,LibriSpeech_5338,0,39.32516725651907,maximum_decision_score
1,1293,3536-8226-0017,3536/8226,LibriSpeech_3536,LibriSpeech_3536,1,39.32757486921267,maximum_decision_score
5,1294,3536-8226-0018,3536/8226,LibriSpeech_3536,LibriSpeech_3536,1,39.32595916187494,maximum_decision_score
3,1295,3536-8226-0019,3536/8226,LibriSpeech_3536,LibriSpeech_3536,1,39.32628299939023,maximum_decision_score
4,1296,3536-8226-0020,3536/8226,LibriSpeech_3536,LibriSpeech_3536,1,39.3270939689005,maximum_decision_score
3,1297,3536-8226-0021,3536/8226,LibriSpeech_3536,LibriSpeech_3536,1,39.326808523944024,maximum_decision_score
1,1298,3536-8226-0022,3536/8226,LibriSpeech_3536,LibriSpeech_3536,1,39.327341253990795,maximum_decision_score
1,1299,3536-8226-0023,3536/8226,LibriSpeech_3536,LibriSpeech_3536,1,39.327171032231554,maximum_decision_score
1,1300,3536-8226-0024,3536/8226,LibriSpeech_3536,LibriSpeech_3536,1,39.326265255785664,maximum_decision_score
3,1301,3536-8226-0025,3536/8226,LibriSpeech_3536,LibriSpeech_3536,1,39.324975597594324,maximum_decision_score
5,1302,3536-8226-0026,3536/8226,LibriSpeech_3536,LibriSpeech_3536,1,39.32593690862363,maximum_decision_score
2,1303,3536-8226-0027,3536/8226,LibriSpeech_3536,LibriSpeech_3536,1,39.32696043018774,maximum_decision_score
2,1304,3536-8226-0028,3536/8226,LibriSpeech_3536,LibriSpeech_3536,1,39.32687783232897,maximum_decision_score
5,1305,3536-8226-0029,3536/8226,LibriSpeech_3536,LibriSpeech_3536,1,39.327179509148735,maximum_decision_score
2,1306,3536-8226-0030,3536/8226,LibriSpeech_3536,LibriSpeech_3536,1,39.32678259174922,maximum_decision_score
3,1307,3536-8226-0031,3536/8226,LibriSpeech_3536,LibriSpeech_3536,1,39.328141925380486,maximum_decision_score
4,1308,3536-8226-0032,3536/8226,LibriSpeech_3536,LibriSpeech_3536,1,39.326622352389215,maximum_decision_score
3,1309,3576-138058-0000,3576/138058,LibriSpeech_3576,LibriSpeech_3576,1,39.32593083376038,maximum_decision_score
2,1310,3576-138058-0001,3576/138058,LibriSpeech_3576,LibriSpeech_3576,1,39.32540985862995,maximum_decision_score
2,1311,3576-138058-0002,3576/138058,LibriSpeech_3576,LibriSpeech_3576,1,39.3270832957113,maximum_decision_score
1,1312,3576-138058-0003,3576/138058,LibriSpeech_3576,LibriSpeech_3576,1,39.32652410018662,maximum_decision_score
3,1313,3576-138058-0004,3576/138058,LibriSpeech_3576,LibriSpeech_3576,1,39.3284383663912,maximum_decision_score
3,1314,3576-138058-0005,3576/138058,LibriSpeech_3576,LibriSpeech_3576,1,39.32694919950685,maximum_decision_score
2,1315,3576-138058-0006,3576/138058,LibriSpeech_3576,LibriSpeech_3576,1,39.32815605636174,maximum_decision_score
2,1316,3576-138058-0007,3576/138058,LibriSpeech_3576,LibriSpeech_174,0,39.322359650131574,maximum_decision_score
4,1317,3576-138058-0008,3576/138058,LibriSpeech_3576,LibriSpeech_3576,1,39.32307110165592,maximum_decision_score
2,1318,3576-138058-0009,3576/138058,LibriSpeech_3576,LibriSpeech_3576,1,39.32685587696555,maximum_decision_score
4,1319,3576-138058-0010,3576/138058,LibriSpeech_3576,LibriSpeech_3576,1,39.326029235965706,maximum_decision_score
5,1320,3576-138058-0011,3576/138058,LibriSpeech_3576,LibriSpeech_3576,1,39.32622340418293,maximum_decision_score
3,1321,3576-138058-0012,3576/138058,LibriSpeech_3576,LibriSpeech_3576,1,39.32699317162029,maximum_decision_score
2,1322,3576-138058-0013,3576/138058,LibriSpeech_3576,LibriSpeech_3576,1,39.32773896132065,maximum_decision_score
4,1323,3576-138058-0014,3576/138058,LibriSpeech_3576,LibriSpeech_3576,1,39.327422754712885,maximum_decision_score
3,1324,3576-138058-0015,3576/138058,LibriSpeech_3576,LibriSpeech_3576,1,39.32456102771009,maximum_decision_score
4,1325,3576-138058-0016,3576/138058,LibriSpeech_3576,LibriSpeech_3576,1,39.32697083556354,maximum_decision_score
4,1326,3576-138058-0017,3576/138058,LibriSpeech_3576,LibriSpeech_3576,1,39.326243999656455,maximum_decision_score
1,1327,3576-138058-0018,3576/138058,LibriSpeech_3576,LibriSpeech_3576,1,39.326669280683724,maximum_decision_score
4,1328,3576-138058-0019,3576/138058,LibriSpeech_3576,LibriSpeech_3576,1,39.32696795649906,maximum_decision_score
5,1329,3576-138058-0020,3576/138058,LibriSpeech_3576,LibriSpeech_3576,1,39.328306408298836,maximum_decision_score
5,1330,3576-138058-0021,3576/138058,LibriSpeech_3576,LibriSpeech_3576,1,39.32522423186527,maximum_decision_score
1,1331,3576-138058-0022,3576/138058,LibriSpeech_3576,LibriSpeech_3576,1,39.32762303907823,maximum_decision_score
1,1332,3576-138058-0023,3576/138058,LibriSpeech_3576,LibriSpeech_3576,1,39.326008101290704,maximum_decision_score
4,1333,3576-138058-0024,3576/138058,LibriSpeech_3576,LibriSpeech_3576,1,39.32701577437152,maximum_decision_score
2,1334,3576-138058-0025,3576/138058,LibriSpeech_3576,LibriSpeech_3576,1,39.32565186107944,maximum_decision_score
5,1335,3576-138058-0026,3576/138058,LibriSpeech_3576,LibriSpeech_3576,1,39.32757521473518,maximum_decision_score
4,1336,3576-138058-0027,3576/138058,LibriSpeech_3576,LibriSpeech_3576,1,39.32627362004948,maximum_decision_score
5,1337,3576-138058-0028,3576/138058,LibriSpeech_3576,LibriSpeech_3576,1,39.325537620147934,maximum_decision_score
1,1338,3576-138058-0029,3576/138058,LibriSpeech_3576,LibriSpeech_3576,1,39.32659134453496,maximum_decision_score
5,1339,3576-138058-0030,3576/138058,LibriSpeech_3576,LibriSpeech_3576,1,39.32704098027298,maximum_decision_score
3,1340,3576-138058-0031,3576/138058,LibriSpeech_3576,LibriSpeech_3576,1,39.322292008112555,maximum_decision_score
3,1341,3576-138058-0032,3576/138058,LibriSpeech_3576,LibriSpeech_3576,1,39.326371520268836,maximum_decision_score
1,1342,3576-138058-0033,3576/138058,LibriSpeech_3576,LibriSpeech_3576,1,39.327828459139944,maximum_decision_score
5,1343,3576-138058-0034,3576/138058,LibriSpeech_3576,LibriSpeech_3576,1,39.327196145283004,maximum_decision_score
1,1344,3576-138058-0035,3576/138058,LibriSpeech_3576,LibriSpeech_3576,1,39.327717952755144,maximum_decision_score
1,1345,3576-138058-0036,3576/138058,LibriSpeech_3576,LibriSpeech_3576,1,39.326530474711696,maximum_decision_score
5,1346,3576-138058-0037,3576/138058,LibriSpeech_3576,LibriSpeech_3576,1,39.32632926957392,maximum_decision_score
1,1347,3576-138058-0038,3576/138058,LibriSpeech_3576,LibriSpeech_3576,1,39.32631757721969,maximum_decision_score
3,1348,3576-138058-0039,3576/138058,LibriSpeech_3576,LibriSpeech_3576,1,39.32693855703068,maximum_decision_score
2,1349,3576-138058-0040,3576/138058,LibriSpeech_3576,LibriSpeech_3576,1,39.32642035823655,maximum_decision_score
2,1350,3752-4943-0000,3752/4943,LibriSpeech_3752,LibriSpeech_3752,1,39.32621346883347,maximum_decision_score
1,1351,3752-4943-0001,3752/4943,LibriSpeech_3752,LibriSpeech_3752,1,39.326731518549956,maximum_decision_score
1,1352,3752-4943-0002,3752/4943,LibriSpeech_3752,LibriSpeech_3752,1,39.326582186744666,maximum_decision_score
1,1353,3752-4943-0003,3752/4943,LibriSpeech_3752,LibriSpeech_3752,1,39.326689986285686,maximum_decision_score
1,1354,3752-4943-0004,3752/4943,LibriSpeech_3752,LibriSpeech_3752,1,39.326650085996974,maximum_decision_score
3,1355,3752-4943-0005,3752/4943,LibriSpeech_3752,LibriSpeech_3752,1,39.3267467330536,maximum_decision_score
2,1356,3752-4943-0006,3752/4943,LibriSpeech_3752,LibriSpeech_3752,1,39.32581516211172,maximum_decision_score
4,1357,3752-4943-0007,3752/4943,LibriSpeech_3752,LibriSpeech_3752,1,39.325578021038204,maximum_decision_score
2,1358,3752-4943-0008,3752/4943,LibriSpeech_3752,LibriSpeech_3752,1,39.32637994373375,maximum_decision_score
2,1359,3752-4943-0009,3752/4943,LibriSpeech_3752,LibriSpeech_3752,1,39.3265202448385,maximum_decision_score
4,1360,3752-4943-0010,3752/4943,LibriSpeech_3752,LibriSpeech_3752,1,39.32689040568826,maximum_decision_score
5,1361,3752-4943-0011,3752/4943,LibriSpeech_3752,LibriSpeech_3752,1,39.3273323800908,maximum_decision_score
5,1362,3752-4943-0012,3752/4943,LibriSpeech_3752,LibriSpeech_3752,1,39.32633803743034,maximum_decision_score
5,1363,3752-4943-0013,3752/4943,LibriSpeech_3752,LibriSpeech_3752,1,39.32585289051992,maximum_decision_score
1,1364,3752-4943-0014,3752/4943,LibriSpeech_3752,LibriSpeech_3752,1,39.32658459264914,maximum_decision_score
4,1365,3752-4943-0015,3752/4943,LibriSpeech_3752,LibriSpeech_3752,1,39.32603586886881,maximum_decision_score
3,1366,3752-4943-0016,3752/4943,LibriSpeech_3752,LibriSpeech_3752,1,39.326746737939125,maximum_decision_score
3,1367,3752-4943-0017,3752/4943,LibriSpeech_3752,LibriSpeech_3752,1,39.32692798751055,maximum_decision_score
2,1368,3752-4943-0018,3752/4943,LibriSpeech_3752,LibriSpeech_3752,1,39.32598977303438,maximum_decision_score
2,1369,3752-4943-0019,3752/4943,LibriSpeech_3752,LibriSpeech_3170,0,39.32490046974283,maximum_decision_score
2,1370,3752-4943-0020,3752/4943,LibriSpeech_3752,LibriSpeech_3752,1,39.32669640290451,maximum_decision_score
1,1371,3752-4943-0021,3752/4943,LibriSpeech_3752,LibriSpeech_3752,1,39.32645099673389,maximum_decision_score
2,1372,3752-4943-0022,3752/4943,LibriSpeech_3752,LibriSpeech_3752,1,39.327168063883924,maximum_decision_score
3,1373,3752-4943-0023,3752/4943,LibriSpeech_3752,LibriSpeech_3752,1,39.32688863584817,maximum_decision_score
1,1374,3752-4943-0024,3752/4943,LibriSpeech_3752,LibriSpeech_3752,1,39.32709943678187,maximum_decision_score
2,1375,3752-4943-0025,3752/4943,LibriSpeech_3752,LibriSpeech_3752,1,39.32654285208896,maximum_decision_score
4,1376,3752-4943-0026,3752/4943,LibriSpeech_3752,LibriSpeech_3752,1,39.32702228035819,maximum_decision_score
3,1377,3752-4943-0027,3752/4943,LibriSpeech_3752,LibriSpeech_2902,0,39.32445535419271,maximum_decision_score
2,1378,3752-4943-0028,3752/4943,LibriSpeech_3752,LibriSpeech_3752,1,39.326771470188014,maximum_decision_score
5,1379,3752-4943-0029,3752/4943,LibriSpeech_3752,LibriSpeech_3752,1,39.3261663943537,maximum_decision_score
5,1380,3752-4943-0030,3752/4943,LibriSpeech_3752,LibriSpeech_3752,1,39.32642104871715,maximum_decision_score
4,1381,3752-4944-0000,3752/4944,LibriSpeech_3752,LibriSpeech_3752,1,39.3271068109955,maximum_decision_score
4,1382,3752-4944-0001,3752/4944,LibriSpeech_3752,LibriSpeech_3752,1,39.3263250312726,maximum_decision_score
3,1383,3752-4944-0002,3752/4944,LibriSpeech_3752,LibriSpeech_3752,1,39.32678837814776,maximum_decision_score
1,1384,3752-4944-0003,3752/4944,LibriSpeech_3752,LibriSpeech_3752,1,39.32534686927491,maximum_decision_score
4,1385,3752-4944-0004,3752/4944,LibriSpeech_3752,LibriSpeech_3752,1,39.32711945868353,maximum_decision_score
4,1386,3752-4944-0005,3752/4944,LibriSpeech_3752,LibriSpeech_3752,1,39.32737940381072,maximum_decision_score
4,1387,3752-4944-0006,3752/4944,LibriSpeech_3752,LibriSpeech_3752,1,39.327144055968574,maximum_decision_score
5,1388,3752-4944-0007,3752/4944,LibriSpeech_3752,LibriSpeech_3752,1,39.32665015226465,maximum_decision_score
1,1389,3752-4944-0008,3752/4944,LibriSpeech_3752,LibriSpeech_3752,1,39.32651095119612,maximum_decision_score
4,1390,3752-4944-0009,3752/4944,LibriSpeech_3752,LibriSpeech_3752,1,39.32651896175638,maximum_decision_score
5,1391,3752-4944-0010,3752/4944,LibriSpeech_3752,LibriSpeech_3752,1,39.327207524163235,maximum_decision_score
3,1392,3752-4944-0011,3752/4944,LibriSpeech_3752,LibriSpeech_3752,1,39.32682664966854,maximum_decision_score
5,1393,3752-4944-0012,3752/4944,LibriSpeech_3752,LibriSpeech_3752,1,39.32577415533143,maximum_decision_score
1,1394,3752-4944-0013,3752/4944,LibriSpeech_3752,LibriSpeech_3752,1,39.32696243887715,maximum_decision_score
5,1395,3752-4944-0014,3752/4944,LibriSpeech_3752,LibriSpeech_3752,1,39.325142300955704,maximum_decision_score
3,1396,3752-4944-0015,3752/4944,LibriSpeech_3752,LibriSpeech_3752,1,39.326379666611125,maximum_decision_score
2,1397,3752-4944-0016,3752/4944,LibriSpeech_3752,LibriSpeech_3752,1,39.32655826173009,maximum_decision_score
5,1398,3752-4944-0017,3752/4944,LibriSpeech_3752,LibriSpeech_3752,1,39.32642007442927,maximum_decision_score
2,1399,3752-4944-0018,3752/4944,LibriSpeech_3752,LibriSpeech_3752,1,39.32622172803556,maximum_decision_score
3,1400,3752-4944-0019,3752/4944,LibriSpeech_3752,LibriSpeech_3752,1,39.32447811206302,maximum_decision_score
2,1401,3752-4944-0020,3752/4944,LibriSpeech_3752,LibriSpeech_3752,1,39.32677663879659,maximum_decision_score
3,1402,3752-4944-0021,3752/4944,LibriSpeech_3752,LibriSpeech_3752,1,39.325572699531754,maximum_decision_score
3,1403,3752-4944-0022,3752/4944,LibriSpeech_3752,LibriSpeech_3752,1,39.32633812940063,maximum_decision_score
5,1404,3752-4944-0023,3752/4944,LibriSpeech_3752,LibriSpeech_3752,1,39.3267475257022,maximum_decision_score
4,1405,3752-4944-0024,3752/4944,LibriSpeech_3752,LibriSpeech_3752,1,39.32704741490154,maximum_decision_score
3,1406,3752-4944-0025,3752/4944,LibriSpeech_3752,LibriSpeech_3752,1,39.326738471580825,maximum_decision_score
1,1407,3752-4944-0026,3752/4944,LibriSpeech_3752,LibriSpeech_3752,1,39.32610671255801,maximum_decision_score
2,1408,3752-4944-0027,3752/4944,LibriSpeech_3752,LibriSpeech_3752,1,39.326075988652555,maximum_decision_score
4,1409,3752-4944-0028,3752/4944,LibriSpeech_3752,LibriSpeech_3752,1,39.327127573406024,maximum_decision_score
5,1410,3752-4944-0029,3752/4944,LibriSpeech_3752,LibriSpeech_3752,1,39.325721958440276,maximum_decision_score
3,1411,3752-4944-0030,3752/4944,LibriSpeech_3752,LibriSpeech_3752,1,39.32721832663957,maximum_decision_score
3,1412,3752-4944-0031,3752/4944,LibriSpeech_3752,LibriSpeech_3752,1,39.32702685810597,maximum_decision_score
1,1413,3752-4944-0032,3752/4944,LibriSpeech_3752,LibriSpeech_3752,1,39.32703493099162,maximum_decision_score
4,1414,3752-4944-0033,3752/4944,LibriSpeech_3752,LibriSpeech_3752,1,39.3265070095868,maximum_decision_score
3,1415,3752-4944-0034,3752/4944,LibriSpeech_3752,LibriSpeech_3752,1,39.32693225352222,maximum_decision_score
4,1416,3752-4944-0035,3752/4944,LibriSpeech_3752,LibriSpeech_3752,1,39.326534128404525,maximum_decision_score
1,1417,3752-4944-0036,3752/4944,LibriSpeech_3752,LibriSpeech_3752,1,39.32631955896987,maximum_decision_score
2,1418,3752-4944-0037,3752/4944,LibriSpeech_3752,LibriSpeech_3752,1,39.326686630866156,maximum_decision_score
1,1419,3752-4944-0038,3752/4944,LibriSpeech_3752,LibriSpeech_3752,1,39.326513794305605,maximum_decision_score
2,1420,3752-4944-0039,3752/4944,LibriSpeech_3752,LibriSpeech_3752,1,39.32637022606522,maximum_decision_score
1,1421,3752-4944-0040,3752/4944,LibriSpeech_3752,LibriSpeech_3752,1,39.32614765443296,maximum_decision_score
5,1422,3752-4944-0041,3752/4944,LibriSpeech_3752,LibriSpeech_3752,1,39.325939682554846,maximum_decision_score
4,1423,3752-4944-0042,3752/4944,LibriSpeech_3752,LibriSpeech_3752,1,39.32629039174606,maximum_decision_score
2,1424,3752-4944-0043,3752/4944,LibriSpeech_3752,LibriSpeech_3752,1,39.326881362292625,maximum_decision_score
5,1425,3752-4944-0044,3752/4944,LibriSpeech_3752,LibriSpeech_3752,1,39.327423767051584,maximum_decision_score
3,1426,3752-4944-0045,3752/4944,LibriSpeech_3752,LibriSpeech_3752,1,39.32751188276985,maximum_decision_score
5,1427,3752-4944-0046,3752/4944,LibriSpeech_3752,LibriSpeech_3752,1,39.326365051731194,maximum_decision_score
1,1428,3752-4944-0047,3752/4944,LibriSpeech_3752,LibriSpeech_3752,1,39.326293248885904,maximum_decision_score
4,1429,3752-4944-0048,3752/4944,LibriSpeech_3752,LibriSpeech_3752,1,39.32665060777086,maximum_decision_score
5,1430,3752-4944-0049,3752/4944,LibriSpeech_3752,LibriSpeech_3752,1,39.32708940337441,maximum_decision_score
1,1431,3752-4944-0050,3752/4944,LibriSpeech_3752,LibriSpeech_3752,1,39.32598168352633,maximum_decision_score
3,1432,3752-4944-0051,3752/4944,LibriSpeech_3752,LibriSpeech_3752,1,39.32712887592017,maximum_decision_score
2,1433,3752-4944-0052,3752/4944,LibriSpeech_3752,LibriSpeech_3752,1,39.326719835117395,maximum_decision_score
5,1434,3752-4944-0053,3752/4944,LibriSpeech_3752,LibriSpeech_3752,1,39.326825568329504,maximum_decision_score
5,1435,3752-4944-0054,3752/4944,LibriSpeech_3752,LibriSpeech_3752,1,39.32617053411221,maximum_decision_score
3,1436,3752-4944-0055,3752/4944,LibriSpeech_3752,LibriSpeech_3752,1,39.32758393904507,maximum_decision_score
1,1437,3752-4944-0056,3752/4944,LibriSpeech_3752,LibriSpeech_3752,1,39.3272731950772,maximum_decision_score
2,1438,3752-4944-0057,3752/4944,LibriSpeech_3752,LibriSpeech_3752,1,39.32672627816395,maximum_decision_score
1,1439,3752-4944-0058,3752/4944,LibriSpeech_3752,LibriSpeech_3752,1,39.32694257636651,maximum_decision_score
2,1440,3752-4944-0059,3752/4944,LibriSpeech_3752,LibriSpeech_3752,1,39.32708169344827,maximum_decision_score
4,1441,3752-4944-0060,3752/4944,LibriSpeech_3752,LibriSpeech_3752,1,39.32640081143286,maximum_decision_score
2,1442,3752-4944-0061,3752/4944,LibriSpeech_3752,LibriSpeech_3752,1,39.32527492331897,maximum_decision_score
3,1443,3752-4944-0062,3752/4944,LibriSpeech_3752,LibriSpeech_3752,1,39.32637031329559,maximum_decision_score
5,1444,3752-4944-0063,3752/4944,LibriSpeech_3752,LibriSpeech_3752,1,39.32669375968817,maximum_decision_score
1,1445,3752-4944-0064,3752/4944,LibriSpeech_3752,LibriSpeech_3752,1,39.326604108770965,maximum_decision_score
4,1446,3752-4944-0065,3752/4944,LibriSpeech_3752,LibriSpeech_3752,1,39.3266632626565,maximum_decision_score
4,1447,3752-4944-0066,3752/4944,LibriSpeech_3752,LibriSpeech_3752,1,39.32615350771412,maximum_decision_score
3,1448,3752-4944-0067,3752/4944,LibriSpeech_3752,LibriSpeech_3752,1,39.326395499118235,maximum_decision_score
4,1449,3752-4944-0068,3752/4944,LibriSpeech_3752,LibriSpeech_3752,1,39.32656217676442,maximum_decision_score
5,1450,3752-4944-0069,3752/4944,LibriSpeech_3752,LibriSpeech_3752,1,39.326442286753725,maximum_decision_score
5,1451,3853-163249-0000,3853/163249,LibriSpeech_3853,LibriSpeech_3853,1,39.32692519300637,maximum_decision_score
1,1452,3853-163249-0001,3853/163249,LibriSpeech_3853,LibriSpeech_3853,1,39.32574860657401,maximum_decision_score
4,1453,3853-163249-0002,3853/163249,LibriSpeech_3853,LibriSpeech_3853,1,39.32638162592816,maximum_decision_score
4,1454,3853-163249-0003,3853/163249,LibriSpeech_3853,LibriSpeech_3853,1,39.3259732107553,maximum_decision_score
2,1455,3853-163249-0004,3853/163249,LibriSpeech_3853,LibriSpeech_3853,1,39.326421438978834,maximum_decision_score
5,1456,3853-163249-0005,3853/163249,LibriSpeech_3853,LibriSpeech_3853,1,39.326780634857776,maximum_decision_score
3,1457,3853-163249-0006,3853/163249,LibriSpeech_3853,LibriSpeech_3853,1,39.32660776540781,maximum_decision_score
3,1458,3853-163249-0007,3853/163249,LibriSpeech_3853,LibriSpeech_3853,1,39.326518823459004,maximum_decision_score
1,1459,3853-163249-0008,3853/163249,LibriSpeech_3853,LibriSpeech_3853,1,39.32706470191492,maximum_decision_score
4,1460,3853-163249-0009,3853/163249,LibriSpeech_3853,LibriSpeech_3853,1,39.327216422752436,maximum_decision_score
4,1461,3853-163249-0010,3853/163249,LibriSpeech_3853,LibriSpeech_3853,1,39.3261244684758,maximum_decision_score
5,1462,3853-163249-0011,3853/163249,LibriSpeech_3853,LibriSpeech_7976,0,38.32504061953934,maximum_decision_score
5,1463,3853-163249-0012,3853/163249,LibriSpeech_3853,LibriSpeech_3853,1,39.32666694496626,maximum_decision_score
3,1464,3853-163249-0013,3853/163249,LibriSpeech_3853,LibriSpeech_3853,1,39.32660121028243,maximum_decision_score
2,1465,3853-163249-0014,3853/163249,LibriSpeech_3853,LibriSpeech_3853,1,39.32668913516875,maximum_decision_score
1,1466,3853-163249-0015,3853/163249,LibriSpeech_3853,LibriSpeech_3853,1,39.324825222735036,maximum_decision_score
1,1467,3853-163249-0016,3853/163249,LibriSpeech_3853,LibriSpeech_3853,1,39.32644733075993,maximum_decision_score
1,1468,3853-163249-0017,3853/163249,LibriSpeech_3853,LibriSpeech_3853,1,39.327086250325614,maximum_decision_score
4,1469,3853-163249-0018,3853/163249,LibriSpeech_3853,LibriSpeech_3853,1,39.327644050275424,maximum_decision_score
5,1470,3853-163249-0019,3853/163249,LibriSpeech_3853,LibriSpeech_3853,1,39.32547342468378,maximum_decision_score
3,1471,3853-163249-0020,3853/163249,LibriSpeech_3853,LibriSpeech_3853,1,39.3268273771314,maximum_decision_score
4,1472,3853-163249-0021,3853/163249,LibriSpeech_3853,LibriSpeech_3853,1,39.32502973105075,maximum_decision_score
1,1473,3853-163249-0022,3853/163249,LibriSpeech_3853,LibriSpeech_3853,1,39.326892866809885,maximum_decision_score
5,1474,3853-163249-0023,3853/163249,LibriSpeech_3853,LibriSpeech_3853,1,39.32569455849681,maximum_decision_score
3,1475,3853-163249-0024,3853/163249,LibriSpeech_3853,LibriSpeech_3853,1,39.326352246549824,maximum_decision_score
4,1476,3853-163249-0025,3853/163249,LibriSpeech_3853,LibriSpeech_3853,1,39.327099786407544,maximum_decision_score
1,1477,3853-163249-0026,3853/163249,LibriSpeech_3853,LibriSpeech_3853,1,39.32652420070192,maximum_decision_score
1,1478,3853-163249-0027,3853/163249,LibriSpeech_3853,LibriSpeech_3853,1,39.32605333366146,maximum_decision_score
3,1479,3853-163249-0028,3853/163249,LibriSpeech_3853,LibriSpeech_3853,1,39.32640414983643,maximum_decision_score
4,1480,3853-163249-0029,3853/163249,LibriSpeech_3853,LibriSpeech_3853,1,38.32460967746072,maximum_decision_score
5,1481,3853-163249-0030,3853/163249,LibriSpeech_3853,LibriSpeech_3853,1,39.32729623679892,maximum_decision_score
4,1482,3853-163249-0031,3853/163249,LibriSpeech_3853,LibriSpeech_3853,1,39.32753484161732,maximum_decision_score
2,1483,3853-163249-0032,3853/163249,LibriSpeech_3853,LibriSpeech_3853,1,39.325513919147454,maximum_decision_score
5,1484,3853-163249-0033,3853/163249,LibriSpeech_3853,LibriSpeech_3853,1,39.326448291080695,maximum_decision_score
2,1485,3853-163249-0034,3853/163249,LibriSpeech_3853,LibriSpeech_3853,1,39.32599753736714,maximum_decision_score
5,1486,3853-163249-0035,3853/163249,LibriSpeech_3853,LibriSpeech_3853,1,39.32638138552292,maximum_decision_score
1,1487,3853-163249-0036,3853/163249,LibriSpeech_3853,LibriSpeech_3853,1,39.327105910692794,maximum_decision_score
3,1488,3853-163249-0037,3853/163249,LibriSpeech_3853,LibriSpeech_3853,1,39.3269750387335,maximum_decision_score
3,1489,3853-163249-0038,3853/163249,LibriSpeech_3853,LibriSpeech_3853,1,39.32700965394566,maximum_decision_score
5,1490,3853-163249-0039,3853/163249,LibriSpeech_3853,LibriSpeech_3853,1,39.327046224204594,maximum_decision_score
2,1491,3853-163249-0040,3853/163249,LibriSpeech_3853,LibriSpeech_3853,1,39.32556883807927,maximum_decision_score
3,1492,3853-163249-0041,3853/163249,LibriSpeech_3853,LibriSpeech_3853,1,39.326534582275364,maximum_decision_score
2,1493,3853-163249-0042,3853/163249,LibriSpeech_3853,LibriSpeech_3853,1,39.32705110507285,maximum_decision_score
4,1494,3853-163249-0043,3853/163249,LibriSpeech_3853,LibriSpeech_3853,1,39.32653266144106,maximum_decision_score
3,1495,3853-163249-0044,3853/163249,LibriSpeech_3853,LibriSpeech_3853,1,39.32674057853164,maximum_decision_score
4,1496,3853-163249-0045,3853/163249,LibriSpeech_3853,LibriSpeech_3853,1,39.32582977429784,maximum_decision_score
1,1497,3853-163249-0046,3853/163249,LibriSpeech_3853,LibriSpeech_3853,1,39.32597344450783,maximum_decision_score
2,1498,3853-163249-0047,3853/163249,LibriSpeech_3853,LibriSpeech_3853,1,39.32618043555179,maximum_decision_score
1,1499,3853-163249-0048,3853/163249,LibriSpeech_3853,LibriSpeech_3853,1,39.32623988678835,maximum_decision_score
4,1500,3853-163249-0049,3853/163249,LibriSpeech_3853,LibriSpeech_3853,1,39.326461384567104,maximum_decision_score
2,1501,3853-163249-0050,3853/163249,LibriSpeech_3853,LibriSpeech_3853,1,39.325395882856206,maximum_decision_score
5,1502,3853-163249-0051,3853/163249,LibriSpeech_3853,LibriSpeech_3853,1,39.326172497271926,maximum_decision_score
3,1503,3853-163249-0052,3853/163249,LibriSpeech_3853,LibriSpeech_3853,1,39.32632029294432,maximum_decision_score
3,1504,3853-163249-0053,3853/163249,LibriSpeech_3853,LibriSpeech_3853,1,39.327651969650915,maximum_decision_score
2,1505,3853-163249-0054,3853/163249,LibriSpeech_3853,LibriSpeech_3853,1,39.32746814453463,maximum_decision_score
2,1506,3853-163249-0055,3853/163249,LibriSpeech_3853,LibriSpeech_3853,1,39.32752447720534,maximum_decision_score
2,1507,3853-163249-0056,3853/163249,LibriSpeech_3853,LibriSpeech_3853,1,39.32634305420353,maximum_decision_score
4,1508,422-122949-0000,422/122949,LibriSpeech_422,LibriSpeech_422,1,39.32711722868187,maximum_decision_score
5,1509,422-122949-0001,422/122949,LibriSpeech_422,LibriSpeech_422,1,39.32589752277418,maximum_decision_score
2,1510,422-122949-0002,422/122949,LibriSpeech_422,LibriSpeech_422,1,39.32509265924522,maximum_decision_score
3,1511,422-122949-0003,422/122949,LibriSpeech_422,LibriSpeech_422,1,39.326759267184734,maximum_decision_score
4,1512,422-122949-0004,422/122949,LibriSpeech_422,LibriSpeech_422,1,39.32594286101865,maximum_decision_score
3,1513,422-122949-0005,422/122949,LibriSpeech_422,LibriSpeech_422,1,39.32608364374612,maximum_decision_score
3,1514,422-122949-0006,422/122949,LibriSpeech_422,LibriSpeech_422,1,39.32623395690574,maximum_decision_score
5,1515,422-122949-0007,422/122949,LibriSpeech_422,LibriSpeech_422,1,39.32614359029214,maximum_decision_score
3,1516,422-122949-0008,422/122949,LibriSpeech_422,LibriSpeech_422,1,39.326174608178675,maximum_decision_score
2,1517,422-122949-0009,422/122949,LibriSpeech_422,LibriSpeech_422,1,39.32591420597031,maximum_decision_score
3,1518,422-122949-0010,422/122949,LibriSpeech_422,LibriSpeech_422,1,39.32652813707505,maximum_decision_score
4,1519,422-122949-0011,422/122949,LibriSpeech_422,LibriSpeech_422,1,39.326570645538496,maximum_decision_score
2,1520,422-122949-0012,422/122949,LibriSpeech_422,LibriSpeech_422,1,39.32511226968908,maximum_decision_score
4,1521,422-122949-0013,422/122949,LibriSpeech_422,LibriSpeech_422,1,39.326506023259874,maximum_decision_score
5,1522,422-122949-0014,422/122949,LibriSpeech_422,LibriSpeech_422,1,39.32604459400959,maximum_decision_score
5,1523,422-122949-0015,422/122949,LibriSpeech_422,LibriSpeech_422,1,39.32592414099061,maximum_decision_score
4,1524,422-122949-0016,422/122949,LibriSpeech_422,LibriSpeech_422,1,39.32550064598587,maximum_decision_score
2,1525,422-122949-0017,422/122949,LibriSpeech_422,LibriSpeech_422,1,39.32431132262223,maximum_decision_score
4,1526,422-122949-0018,422/122949,LibriSpeech_422,LibriSpeech_422,1,39.3257649496376,maximum_decision_score
2,1527,422-122949-0019,422/122949,LibriSpeech_422,LibriSpeech_422,1,39.326455416474595,maximum_decision_score
2,1528,422-122949-0020,422/122949,LibriSpeech_422,LibriSpeech_422,1,39.32586636358551,maximum_decision_score
1,1529,422-122949-0021,422/122949,LibriSpeech_422,LibriSpeech_422,1,39.32631108208669,maximum_decision_score
1,1530,422-122949-0022,422/122949,LibriSpeech_422,LibriSpeech_422,1,39.32625854279334,maximum_decision_score
1,1531,422-122949-0023,422/122949,LibriSpeech_422,LibriSpeech_422,1,39.32684191002727,maximum_decision_score
1,1532,422-122949-0024,422/122949,LibriSpeech_422,LibriSpeech_422,1,39.32695912898706,maximum_decision_score
3,1533,422-122949-0025,422/122949,LibriSpeech_422,LibriSpeech_422,1,39.32652323611954,maximum_decision_score
5,1534,422-122949-0026,422/122949,LibriSpeech_422,LibriSpeech_422,1,39.326280442942206,maximum_decision_score
3,1535,422-122949-0027,422/122949,LibriSpeech_422,LibriSpeech_422,1,39.326451019577206,maximum_decision_score
1,1536,422-122949-0028,422/122949,LibriSpeech_422,LibriSpeech_422,1,39.32602613666332,maximum_decision_score
1,1537,422-122949-0029,422/122949,LibriSpeech_422,LibriSpeech_422,1,39.325995462426036,maximum_decision_score
4,1538,422-122949-0030,422/122949,LibriSpeech_422,LibriSpeech_422,1,39.32506655462027,maximum_decision_score
2,1539,422-122949-0031,422/122949,LibriSpeech_422,LibriSpeech_422,1,39.324507120750525,maximum_decision_score
4,1540,422-122949-0032,422/122949,LibriSpeech_422,LibriSpeech_422,1,39.32589841505924,maximum_decision_score
5,1541,422-122949-0033,422/122949,LibriSpeech_422,LibriSpeech_422,1,39.326060152687475,maximum_decision_score
5,1542,422-122949-0034,422/122949,LibriSpeech_422,LibriSpeech_422,1,39.326854316325935,maximum_decision_score
1,1543,422-122949-0035,422/122949,LibriSpeech_422,LibriSpeech_422,1,39.32572037864785,maximum_decision_score
3,1544,5338-24615-0000,5338/24615,LibriSpeech_5338,LibriSpeech_5338,1,39.3271522221032,maximum_decision_score
1,1545,5338-24615-0001,5338/24615,LibriSpeech_5338,LibriSpeech_5338,1,39.32735781391391,maximum_decision_score
4,1546,5338-24615-0002,5338/24615,LibriSpeech_5338,LibriSpeech_5338,1,39.327021196155,maximum_decision_score
4,1547,5338-24615-0003,5338/24615,LibriSpeech_5338,LibriSpeech_5338,1,39.32719676226004,maximum_decision_score
2,1548,5338-24615-0004,5338/24615,LibriSpeech_5338,LibriSpeech_5338,1,39.3270636704188,maximum_decision_score
1,1549,5338-24615-0005,5338/24615,LibriSpeech_5338,LibriSpeech_5338,1,39.327349120941555,maximum_decision_score
3,1550,5338-24615-0006,5338/24615,LibriSpeech_5338,LibriSpeech_5338,1,39.32726255398746,maximum_decision_score
1,1551,5338-24615-0007,5338/24615,LibriSpeech_5338,LibriSpeech_5338,1,39.32793531321528,maximum_decision_score
1,1552,5338-24615-0008,5338/24615,LibriSpeech_5338,LibriSpeech_5338,1,39.32740022655074,maximum_decision_score
1,1553,5338-24615-0009,5338/24615,LibriSpeech_5338,LibriSpeech_5338,1,39.32764918327843,maximum_decision_score
4,1554,5338-24615-0010,5338/24615,LibriSpeech_5338,LibriSpeech_5338,1,39.327265559858404,maximum_decision_score
2,1555,5338-24615-0011,5338/24615,LibriSpeech_5338,LibriSpeech_5338,1,39.3268643123168,maximum_decision_score
1,1556,5338-24615-0012,5338/24615,LibriSpeech_5338,LibriSpeech_5338,1,39.327547389748176,maximum_decision_score
2,1557,5338-24615-0013,5338/24615,LibriSpeech_5338,LibriSpeech_5338,1,39.327166613605876,maximum_decision_score
3,1558,5338-24615-0014,5338/24615,LibriSpeech_5338,LibriSpeech_5338,1,39.32706242775447,maximum_decision_score
4,1559,5338-24640-0000,5338/24640,LibriSpeech_5338,LibriSpeech_5338,1,39.326613022305246,maximum_decision_score
5,1560,5338-24640-0001,5338/24640,LibriSpeech_5338,LibriSpeech_5338,1,39.32492271865642,maximum_decision_score
1,1561,5338-24640-0002,5338/24640,LibriSpeech_5338,LibriSpeech_5338,1,39.325701233709054,maximum_decision_score
4,1562,5338-24640-0003,5338/24640,LibriSpeech_5338,LibriSpeech_5338,1,39.32700073355584,maximum_decision_score
2,1563,5338-24640-0004,5338/24640,LibriSpeech_5338,LibriSpeech_5338,1,39.326776601499574,maximum_decision_score
1,1564,5338-24640-0005,5338/24640,LibriSpeech_5338,LibriSpeech_5338,1,39.32636863928423,maximum_decision_score
1,1565,5338-24640-0006,5338/24640,LibriSpeech_5338,LibriSpeech_5338,1,39.326206686229604,maximum_decision_score
3,1566,5338-24640-0007,5338/24640,LibriSpeech_5338,LibriSpeech_5338,1,39.32609384358087,maximum_decision_score
5,1567,5338-24640-0008,5338/24640,LibriSpeech_5338,LibriSpeech_5338,1,39.32578976048802,maximum_decision_score
4,1568,5338-24640-0009,5338/24640,LibriSpeech_5338,LibriSpeech_5338,1,39.3266996858242,maximum_decision_score
3,1569,5338-284437-0000,5338/284437,LibriSpeech_5338,LibriSpeech_5338,1,39.32679312526658,maximum_decision_score
5,1570,5338-284437-0001,5338/284437,LibriSpeech_5338,LibriSpeech_5338,1,39.32728593612836,maximum_decision_score
2,1571,5338-284437-0002,5338/284437,LibriSpeech_5338,LibriSpeech_7850,0,39.324747034449224,maximum_decision_score
2,1572,5338-284437-0003,5338/284437,LibriSpeech_5338,LibriSpeech_5338,1,39.32486530587767,maximum_decision_score
5,1573,5338-284437-0004,5338/284437,LibriSpeech_5338,LibriSpeech_5338,1,39.32621634933019,maximum_decision_score
5,1574,5338-284437-0005,5338/284437,LibriSpeech_5338,LibriSpeech_5338,1,39.32634506566658,maximum_decision_score
4,1575,5338-284437-0006,5338/284437,LibriSpeech_5338,LibriSpeech_5338,1,39.326982282421966,maximum_decision_score
4,1576,5338-284437-0007,5338/284437,LibriSpeech_5338,LibriSpeech_5338,1,39.32590990541507,maximum_decision_score
3,1577,5338-284437-0008,5338/284437,LibriSpeech_5338,LibriSpeech_5338,1,39.32644180947411,maximum_decision_score
5,1578,5338-284437-0009,5338/284437,LibriSpeech_5338,LibriSpeech_5338,1,39.32624533088842,maximum_decision_score
3,1579,5338-284437-0010,5338/284437,LibriSpeech_5338,LibriSpeech_5338,1,39.32707563284107,maximum_decision_score
3,1580,5338-284437-0011,5338/284437,LibriSpeech_5338,LibriSpeech_5338,1,39.32579240966356,maximum_decision_score
1,1581,5338-284437-0012,5338/284437,LibriSpeech_5338,LibriSpeech_5338,1,39.32547058434136,maximum_decision_score
2,1582,5338-284437-0013,5338/284437,LibriSpeech_5338,LibriSpeech_5338,1,39.326432362324056,maximum_decision_score
5,1583,5338-284437-0014,5338/284437,LibriSpeech_5338,LibriSpeech_1993,0,39.324537130466055,maximum_decision_score
4,1584,5338-284437-0015,5338/284437,LibriSpeech_5338,LibriSpeech_5338,1,39.32590856708744,maximum_decision_score
1,1585,5338-284437-0016,5338/284437,LibriSpeech_5338,LibriSpeech_5338,1,39.32742890474435,maximum_decision_score
5,1586,5338-284437-0017,5338/284437,LibriSpeech_5338,LibriSpeech_5338,1,39.32679343110114,maximum_decision_score
3,1587,5338-284437-0018,5338/284437,LibriSpeech_5338,LibriSpeech_5338,1,39.325871423925896,maximum_decision_score
2,1588,5338-284437-0019,5338/284437,LibriSpeech_5338,LibriSpeech_5338,1,39.3267759203642,maximum_decision_score
3,1589,5338-284437-0020,5338/284437,LibriSpeech_5338,LibriSpeech_5338,1,39.32692372864491,maximum_decision_score
4,1590,5338-284437-0021,5338/284437,LibriSpeech_5338,LibriSpeech_5338,1,39.32405972996228,maximum_decision_score
3,1591,5338-284437-0022,5338/284437,LibriSpeech_5338,LibriSpeech_5338,1,39.32692653174296,maximum_decision_score
2,1592,5338-284437-0023,5338/284437,LibriSpeech_5338,LibriSpeech_5338,1,39.326801379809915,maximum_decision_score
1,1593,5338-284437-0024,5338/284437,LibriSpeech_5338,LibriSpeech_5338,1,39.32694353706929,maximum_decision_score
2,1594,5338-284437-0025,5338/284437,LibriSpeech_5338,LibriSpeech_5338,1,39.32546981543411,maximum_decision_score
5,1595,5338-284437-0026,5338/284437,LibriSpeech_5338,LibriSpeech_5338,1,39.32639365291909,maximum_decision_score
2,1596,5338-284437-0027,5338/284437,LibriSpeech_5338,LibriSpeech_5338,1,39.326956121414476,maximum_decision_score
5,1597,5338-284437-0028,5338/284437,LibriSpeech_5338,LibriSpeech_5338,1,39.32710857274458,maximum_decision_score
5,1598,5338-284437-0029,5338/284437,LibriSpeech_5338,LibriSpeech_5338,1,39.32714886162011,maximum_decision_score
2,1599,5338-284437-0030,5338/284437,LibriSpeech_5338,LibriSpeech_5338,1,39.32732732553645,maximum_decision_score
3,1600,5338-284437-0031,5338/284437,LibriSpeech_5338,LibriSpeech_5338,1,39.32633266884788,maximum_decision_score
4,1601,5338-284437-0032,5338/284437,LibriSpeech_5338,LibriSpeech_5338,1,39.3265577639629,maximum_decision_score
5,1602,5338-284437-0033,5338/284437,LibriSpeech_5338,LibriSpeech_5338,1,39.325530320085704,maximum_decision_score
4,1603,5536-43358-0000,5536/43358,LibriSpeech_5536,LibriSpeech_5536,1,39.32700138790917,maximum_decision_score
3,1604,5536-43358-0001,5536/43358,LibriSpeech_5536,LibriSpeech_5536,1,39.32669926620249,maximum_decision_score
1,1605,5536-43358-0002,5536/43358,LibriSpeech_5536,LibriSpeech_5536,1,39.32684295902987,maximum_decision_score
4,1606,5536-43358-0003,5536/43358,LibriSpeech_5536,LibriSpeech_5536,1,39.32646596899403,maximum_decision_score
5,1607,5536-43358-0004,5536/43358,LibriSpeech_5536,LibriSpeech_5536,1,39.32637728769327,maximum_decision_score
3,1608,5536-43358-0005,5536/43358,LibriSpeech_5536,LibriSpeech_5536,1,39.32634028679553,maximum_decision_score
5,1609,5536-43358-0006,5536/43358,LibriSpeech_5536,LibriSpeech_5536,1,39.32652521040234,maximum_decision_score
4,1610,5536-43358-0007,5536/43358,LibriSpeech_5536,LibriSpeech_5536,1,39.32723135240607,maximum_decision_score
3,1611,5536-43358-0008,5536/43358,LibriSpeech_5536,LibriSpeech_5536,1,39.326445151226345,maximum_decision_score
1,1612,5536-43358-0009,5536/43358,LibriSpeech_5536,LibriSpeech_5536,1,39.32601597396839,maximum_decision_score
2,1613,5536-43358-0010,5536/43358,LibriSpeech_5536,LibriSpeech_5536,1,39.32613967227424,maximum_decision_score
4,1614,5536-43358-0011,5536/43358,LibriSpeech_5536,LibriSpeech_5536,1,39.32676677109012,maximum_decision_score
3,1615,5536-43358-0012,5536/43358,LibriSpeech_5536,LibriSpeech_5536,1,39.326517736125176,maximum_decision_score
5,1616,5536-43358-0013,5536/43358,LibriSpeech_5536,LibriSpeech_5536,1,39.32648495088894,maximum_decision_score
2,1617,5536-43358-0014,5536/43358,LibriSpeech_5536,LibriSpeech_5536,1,39.32709017343084,maximum_decision_score
3,1618,5536-43358-0015,5536/43358,LibriSpeech_5536,LibriSpeech_5536,1,39.32657834110914,maximum_decision_score
4,1619,5536-43358-0016,5536/43358,LibriSpeech_5536,LibriSpeech_5536,1,39.326759715369874,maximum_decision_score
3,1620,5536-43358-0017,5536/43358,LibriSpeech_5536,LibriSpeech_5536,1,39.32683896821032,maximum_decision_score
4,1621,5536-43358-0018,5536/43358,LibriSpeech_5536,LibriSpeech_5536,1,39.32698936423674,maximum_decision_score
4,1622,5536-43358-0019,5536/43358,LibriSpeech_5536,LibriSpeech_5536,1,39.326870403043785,maximum_decision_score
5,1623,5536-43359-0000,5536/43359,LibriSpeech_5536,LibriSpeech_5536,1,39.325408490318026,maximum_decision_score
2,1624,5536-43359-0001,5536/43359,LibriSpeech_5536,LibriSpeech_5536,1,39.3267056889523,maximum_decision_score
2,1625,5536-43359-0002,5536/43359,LibriSpeech_5536,LibriSpeech_5536,1,39.32647583990887,maximum_decision_score
1,1626,5536-43359-0003,5536/43359,LibriSpeech_5536,LibriSpeech_5536,1,39.326619620968266,maximum_decision_score
2,1627,5536-43359-0004,5536/43359,LibriSpeech_5536,LibriSpeech_5536,1,39.32579427947702,maximum_decision_score
1,1628,5536-43359-0005,5536/43359,LibriSpeech_5536,LibriSpeech_5536,1,39.325670014813326,maximum_decision_score
1,1629,5536-43359-0006,5536/43359,LibriSpeech_5536,LibriSpeech_5536,1,39.32675816998099,maximum_decision_score
2,1630,5536-43359-0007,5536/43359,LibriSpeech_5536,LibriSpeech_5536,1,39.32638248239236,maximum_decision_score
4,1631,5536-43359-0008,5536/43359,LibriSpeech_5536,LibriSpeech_5536,1,39.32588700083718,maximum_decision_score
5,1632,5536-43359-0009,5536/43359,LibriSpeech_5536,LibriSpeech_5536,1,39.32556202088649,maximum_decision_score
5,1633,5536-43359-0010,5536/43359,LibriSpeech_5536,LibriSpeech_5536,1,39.325839942766855,maximum_decision_score
3,1634,5536-43359-0011,5536/43359,LibriSpeech_5536,LibriSpeech_5536,1,39.32618912478903,maximum_decision_score
4,1635,5536-43359-0012,5536/43359,LibriSpeech_5536,LibriSpeech_5536,1,39.32648214645407,maximum_decision_score
2,1636,5536-43359-0013,5536/43359,LibriSpeech_5536,LibriSpeech_5536,1,39.32629069108258,maximum_decision_score
3,1637,5536-43359-0014,5536/43359,LibriSpeech_5536,LibriSpeech_5536,1,39.32525666586612,maximum_decision_score
4,1638,5536-43359-0015,5536/43359,LibriSpeech_5536,LibriSpeech_5536,1,39.32577458273691,maximum_decision_score
3,1639,5536-43359-0016,5536/43359,LibriSpeech_5536,LibriSpeech_5536,1,39.32665736247709,maximum_decision_score
2,1640,5536-43359-0017,5536/43359,LibriSpeech_5536,LibriSpeech_5536,1,39.326912818795186,maximum_decision_score
5,1641,5536-43359-0018,5536/43359,LibriSpeech_5536,LibriSpeech_5536,1,39.325383638747944,maximum_decision_score
3,1642,5536-43363-0000,5536/43363,LibriSpeech_5536,LibriSpeech_5536,1,39.32563766575821,maximum_decision_score
4,1643,5536-43363-0001,5536/43363,LibriSpeech_5536,LibriSpeech_5536,1,39.32625468692913,maximum_decision_score
2,1644,5536-43363-0002,5536/43363,LibriSpeech_5536,LibriSpeech_5536,1,39.326445374693506,maximum_decision_score
5,1645,5536-43363-0003,5536/43363,LibriSpeech_5536,LibriSpeech_5536,1,39.32605750814509,maximum_decision_score
4,1646,5536-43363-0004,5536/43363,LibriSpeech_5536,LibriSpeech_5536,1,39.3269240098486,maximum_decision_score
1,1647,5536-43363-0005,5536/43363,LibriSpeech_5536,LibriSpeech_5536,1,39.32621547297243,maximum_decision_score
1,1648,5536-43363-0006,5536/43363,LibriSpeech_5536,LibriSpeech_5536,1,39.32618958183523,maximum_decision_score
5,1649,5536-43363-0007,5536/43363,LibriSpeech_5536,LibriSpeech_5536,1,39.32588199862768,maximum_decision_score
5,1650,5536-43363-0008,5536/43363,LibriSpeech_5536,LibriSpeech_5536,1,39.32568239704475,maximum_decision_score
3,1651,5536-43363-0009,5536/43363,LibriSpeech_5536,LibriSpeech_5536,1,39.3258419550453,maximum_decision_score
5,1652,5536-43363-0010,5536/43363,LibriSpeech_5536,LibriSpeech_5536,1,39.32711020995454,maximum_decision_score
1,1653,5536-43363-0011,5536/43363,LibriSpeech_5536,LibriSpeech_5536,1,39.325028962895566,maximum_decision_score
1,1654,5536-43363-0012,5536/43363,LibriSpeech_5536,LibriSpeech_5536,1,39.32558012240184,maximum_decision_score
3,1655,5536-43363-0013,5536/43363,LibriSpeech_5536,LibriSpeech_5536,1,39.32667592060409,maximum_decision_score
1,1656,5536-43363-0014,5536/43363,LibriSpeech_5536,LibriSpeech_5536,1,39.326683053132214,maximum_decision_score
2,1657,5536-43363-0015,5536/43363,LibriSpeech_5536,LibriSpeech_5536,1,39.32596172441483,maximum_decision_score
1,1658,5536-43363-0016,5536/43363,LibriSpeech_5536,LibriSpeech_5536,1,39.32709716004869,maximum_decision_score
1,1659,5536-43363-0017,5536/43363,LibriSpeech_5536,LibriSpeech_5536,1,39.326951600370876,maximum_decision_score
2,1660,5536-43363-0018,5536/43363,LibriSpeech_5536,LibriSpeech_5536,1,39.32670297263497,maximum_decision_score
2,1661,5536-43363-0019,5536/43363,LibriSpeech_5536,LibriSpeech_5536,1,39.32629992535086,maximum_decision_score
5,1662,5694-64025-0000,5694/64025,LibriSpeech_5694,LibriSpeech_251,0,39.326335557312056,maximum_decision_score
5,1663,5694-64025-0001,5694/64025,LibriSpeech_5694,LibriSpeech_5694,1,39.325761383664705,maximum_decision_score
1,1664,5694-64025-0002,5694/64025,LibriSpeech_5694,LibriSpeech_5694,1,39.32665233170665,maximum_decision_score
3,1665,5694-64025-0003,5694/64025,LibriSpeech_5694,LibriSpeech_5694,1,39.327028437670506,maximum_decision_score
4,1666,5694-64025-0004,5694/64025,LibriSpeech_5694,LibriSpeech_5694,1,39.327370975860454,maximum_decision_score
2,1667,5694-64025-0005,5694/64025,LibriSpeech_5694,LibriSpeech_5694,1,39.32648864317609,maximum_decision_score
5,1668,5694-64025-0006,5694/64025,LibriSpeech_5694,LibriSpeech_5694,1,39.326727655244085,maximum_decision_score
3,1669,5694-64025-0007,5694/64025,LibriSpeech_5694,LibriSpeech_5694,1,39.3266844553056,maximum_decision_score
3,1670,5694-64025-0008,5694/64025,LibriSpeech_5694,LibriSpeech_5694,1,39.32679128467967,maximum_decision_score
1,1671,5694-64025-0009,5694/64025,LibriSpeech_5694,LibriSpeech_5694,1,39.327083034213715,maximum_decision_score
1,1672,5694-64025-0010,5694/64025,LibriSpeech_5694,LibriSpeech_5694,1,39.32622164329395,maximum_decision_score
1,1673,5694-64025-0011,5694/64025,LibriSpeech_5694,LibriSpeech_5694,1,39.325341046681096,maximum_decision_score
2,1674,5694-64025-0012,5694/64025,LibriSpeech_5694,LibriSpeech_5694,1,39.32671839054151,maximum_decision_score
2,1675,5694-64025-0013,5694/64025,LibriSpeech_5694,LibriSpeech_5694,1,39.326779140956624,maximum_decision_score
3,1676,5694-64025-0014,5694/64025,LibriSpeech_5694,LibriSpeech_5694,1,39.326552035157285,maximum_decision_score
4,1677,5694-64025-0015,5694/64025,LibriSpeech_5694,LibriSpeech_5694,1,39.32650249490129,maximum_decision_score
5,1678,5694-64025-0016,5694/64025,LibriSpeech_5694,LibriSpeech_5694,1,39.32677270656905,maximum_decision_score
5,1679,5694-64025-0017,5694/64025,LibriSpeech_5694,LibriSpeech_5694,1,39.32659420129009,maximum_decision_score
4,1680,5694-64025-0018,5694/64025,LibriSpeech_5694,LibriSpeech_5694,1,39.32693691240181,maximum_decision_score
1,1681,5694-64025-0019,5694/64025,LibriSpeech_5694,LibriSpeech_5694,1,39.32662372580996,maximum_decision_score
4,1682,5694-64025-0020,5694/64025,LibriSpeech_5694,LibriSpeech_5694,1,39.32695997911345,maximum_decision_score
1,1683,5694-64025-0021,5694/64025,LibriSpeech_5694,LibriSpeech_5694,1,39.326790326728045,maximum_decision_score
4,1684,5694-64025-0022,5694/64025,LibriSpeech_5694,LibriSpeech_5694,1,39.32564174522327,maximum_decision_score
4,1685,5694-64025-0023,5694/64025,LibriSpeech_5694,LibriSpeech_5694,1,39.32667405461266,maximum_decision_score
4,1686,5694-64029-0000,5694/64029,LibriSpeech_5694,LibriSpeech_5694,1,39.32727952563987,maximum_decision_score
2,1687,5694-64029-0001,5694/64029,LibriSpeech_5694,LibriSpeech_5694,1,39.3270718360344,maximum_decision_score
3,1688,5694-64029-0002,5694/64029,LibriSpeech_5694,LibriSpeech_5694,1,39.3257211117099,maximum_decision_score
5,1689,5694-64029-0003,5694/64029,LibriSpeech_5694,LibriSpeech_5694,1,39.327101565569826,maximum_decision_score
2,1690,5694-64029-0004,5694/64029,LibriSpeech_5694,LibriSpeech_5694,1,39.325508545995554,maximum_decision_score
1,1691,5694-64029-0005,5694/64029,LibriSpeech_5694,LibriSpeech_5694,1,39.32541049818869,maximum_decision_score
2,1692,5694-64029-0006,5694/64029,LibriSpeech_5694,LibriSpeech_5694,1,39.32573368818854,maximum_decision_score
1,1693,5694-64029-0007,5694/64029,LibriSpeech_5694,LibriSpeech_5694,1,39.32704302226036,maximum_decision_score
5,1694,5694-64029-0008,5694/64029,LibriSpeech_5694,LibriSpeech_5694,1,39.327096857936326,maximum_decision_score
3,1695,5694-64029-0009,5694/64029,LibriSpeech_5694,LibriSpeech_5694,1,39.32707373547151,maximum_decision_score
4,1696,5694-64029-0010,5694/64029,LibriSpeech_5694,LibriSpeech_5694,1,39.32549417877144,maximum_decision_score
2,1697,5694-64029-0011,5694/64029,LibriSpeech_5694,LibriSpeech_5694,1,39.3268641685611,maximum_decision_score
4,1698,5694-64029-0012,5694/64029,LibriSpeech_5694,LibriSpeech_5694,1,39.325020380294745,maximum_decision_score
3,1699,5694-64029-0013,5694/64029,LibriSpeech_5694,LibriSpeech_5694,1,39.32618424824136,maximum_decision_score
3,1700,5694-64029-0014,5694/64029,LibriSpeech_5694,LibriSpeech_5694,1,39.32679825510512,maximum_decision_score
3,1701,5694-64029-0015,5694/64029,LibriSpeech_5694,LibriSpeech_5694,1,39.32716203749148,maximum_decision_score
2,1702,5694-64029-0016,5694/64029,LibriSpeech_5694,LibriSpeech_5694,1,39.326658716088176,maximum_decision_score
1,1703,5694-64029-0017,5694/64029,LibriSpeech_5694,LibriSpeech_5694,1,39.327156507016525,maximum_decision_score
4,1704,5694-64029-0018,5694/64029,LibriSpeech_5694,LibriSpeech_5694,1,39.32579038546048,maximum_decision_score
4,1705,5694-64029-0019,5694/64029,LibriSpeech_5694,LibriSpeech_5694,1,39.32529668614161,maximum_decision_score
2,1706,5694-64029-0020,5694/64029,LibriSpeech_5694,LibriSpeech_5694,1,39.32612224874656,maximum_decision_score
2,1707,5694-64029-0021,5694/64029,LibriSpeech_5694,LibriSpeech_5694,1,39.32578243218365,maximum_decision_score
2,1708,5694-64029-0022,5694/64029,LibriSpeech_5694,LibriSpeech_5694,1,39.32535126963221,maximum_decision_score
5,1709,5694-64029-0023,5694/64029,LibriSpeech_5694,LibriSpeech_5694,1,39.32528184357992,maximum_decision_score
5,1710,5694-64029-0024,5694/64029,LibriSpeech_5694,LibriSpeech_5694,1,39.32694745596744,maximum_decision_score
3,1711,5694-64029-0025,5694/64029,LibriSpeech_5694,LibriSpeech_5694,1,39.32588772834744,maximum_decision_score
1,1712,5694-64029-0026,5694/64029,LibriSpeech_5694,LibriSpeech_5694,1,39.32557378054909,maximum_decision_score
5,1713,5694-64029-0027,5694/64029,LibriSpeech_5694,LibriSpeech_5694,1,39.326785670021174,maximum_decision_score
2,1714,5694-64029-0028,5694/64029,LibriSpeech_5694,LibriSpeech_5694,1,39.32601776069169,maximum_decision_score
1,1715,5694-64029-0029,5694/64029,LibriSpeech_5694,LibriSpeech_5694,1,39.326641133074716,maximum_decision_score
2,1716,5694-64029-0030,5694/64029,LibriSpeech_5694,LibriSpeech_5694,1,39.32675977095402,maximum_decision_score
5,1717,5694-64029-0031,5694/64029,LibriSpeech_5694,LibriSpeech_5694,1,39.32666797921761,maximum_decision_score
1,1718,5694-64029-0032,5694/64029,LibriSpeech_5694,LibriSpeech_5694,1,39.327393908011985,maximum_decision_score
2,1719,5694-64038-0000,5694/64038,LibriSpeech_5694,LibriSpeech_5694,1,39.327034272902665,maximum_decision_score
5,1720,5694-64038-0001,5694/64038,LibriSpeech_5694,LibriSpeech_5694,1,39.32678558287645,maximum_decision_score
1,1721,5694-64038-0002,5694/64038,LibriSpeech_5694,LibriSpeech_5694,1,39.32685417634867,maximum_decision_score
4,1722,5694-64038-0003,5694/64038,LibriSpeech_5694,LibriSpeech_5694,1,39.326833487128255,maximum_decision_score
2,1723,5694-64038-0004,5694/64038,LibriSpeech_5694,LibriSpeech_5694,1,39.32678905557557,maximum_decision_score
4,1724,5694-64038-0005,5694/64038,LibriSpeech_5694,LibriSpeech_5694,1,39.32696842462536,maximum_decision_score
5,1725,5694-64038-0006,5694/64038,LibriSpeech_5694,LibriSpeech_5694,1,39.32707942015771,maximum_decision_score
3,1726,5694-64038-0007,5694/64038,LibriSpeech_5694,LibriSpeech_5694,1,39.32716736886668,maximum_decision_score
3,1727,5694-64038-0008,5694/64038,LibriSpeech_5694,LibriSpeech_2803,0,38.32642386686549,maximum_decision_score
1,1728,5694-64038-0009,5694/64038,LibriSpeech_5694,LibriSpeech_5694,1,39.327580209097995,maximum_decision_score
3,1729,5694-64038-0010,5694/64038,LibriSpeech_5694,LibriSpeech_5694,1,39.32667058566526,maximum_decision_score
3,1730,5694-64038-0011,5694/64038,LibriSpeech_5694,LibriSpeech_5694,1,39.32751250250724,maximum_decision_score
3,1731,5694-64038-0012,5694/64038,LibriSpeech_5694,LibriSpeech_5694,1,39.32778207653565,maximum_decision_score
4,1732,5694-64038-0013,5694/64038,LibriSpeech_5694,LibriSpeech_5694,1,39.32657316589918,maximum_decision_score
4,1733,5694-64038-0014,5694/64038,LibriSpeech_5694,LibriSpeech_5694,1,39.32621081006152,maximum_decision_score
5,1734,5694-64038-0015,5694/64038,LibriSpeech_5694,LibriSpeech_5694,1,39.32654246689235,maximum_decision_score
3,1735,5694-64038-0016,5694/64038,LibriSpeech_5694,LibriSpeech_5694,1,39.32767235891377,maximum_decision_score
1,1736,5694-64038-0017,5694/64038,LibriSpeech_5694,LibriSpeech_5694,1,39.32510926657367,maximum_decision_score
5,1737,5694-64038-0018,5694/64038,LibriSpeech_5694,LibriSpeech_5694,1,39.32579438992076,maximum_decision_score
4,1738,5694-64038-0019,5694/64038,LibriSpeech_5694,LibriSpeech_5694,1,39.326952420324766,maximum_decision_score
1,1739,5694-64038-0020,5694/64038,LibriSpeech_5694,LibriSpeech_5694,1,39.32736201324216,maximum_decision_score
3,1740,5694-64038-0021,5694/64038,LibriSpeech_5694,LibriSpeech_5694,1,39.32688059925032,maximum_decision_score
2,1741,5694-64038-0022,5694/64038,LibriSpeech_5694,LibriSpeech_5694,1,39.32655845446786,maximum_decision_score
2,1742,5694-64038-0023,5694/64038,LibriSpeech_5694,LibriSpeech_5694,1,39.32713725918142,maximum_decision_score
5,1743,5694-64038-0024,5694/64038,LibriSpeech_5694,LibriSpeech_5694,1,39.32671677174394,maximum_decision_score
4,1744,5694-64038-0025,5694/64038,LibriSpeech_5694,LibriSpeech_5694,1,39.32706746244825,maximum_decision_score
5,1745,5895-34615-0000,5895/34615,LibriSpeech_5895,LibriSpeech_5895,1,39.327076085501965,maximum_decision_score
5,1746,5895-34615-0001,5895/34615,LibriSpeech_5895,LibriSpeech_5895,1,39.32711071323875,maximum_decision_score
3,1747,5895-34615-0002,5895/34615,LibriSpeech_5895,LibriSpeech_5895,1,39.326456995606364,maximum_decision_score
5,1748,5895-34615-0003,5895/34615,LibriSpeech_5895,LibriSpeech_5895,1,39.32653098158576,maximum_decision_score
2,1749,5895-34615-0004,5895/34615,LibriSpeech_5895,LibriSpeech_5895,1,39.32606833372489,maximum_decision_score
2,1750,5895-34615-0005,5895/34615,LibriSpeech_5895,LibriSpeech_5895,1,39.32641400723116,maximum_decision_score
1,1751,5895-34615-0006,5895/34615,LibriSpeech_5895,LibriSpeech_5895,1,39.326482386462125,maximum_decision_score
5,1752,5895-34615-0007,5895/34615,LibriSpeech_5895,LibriSpeech_5895,1,39.327292809469064,maximum_decision_score
2,1753,5895-34615-0008,5895/34615,LibriSpeech_5895,LibriSpeech_5895,1,39.32671928048652,maximum_decision_score
5,1754,5895-34615-0009,5895/34615,LibriSpeech_5895,LibriSpeech_5895,1,39.3261033224046,maximum_decision_score
3,1755,5895-34615-0010,5895/34615,LibriSpeech_5895,LibriSpeech_5895,1,39.32574381238838,maximum_decision_score
2,1756,5895-34615-0011,5895/34615,LibriSpeech_5895,LibriSpeech_5895,1,39.327116659768215,maximum_decision_score
4,1757,5895-34615-0012,5895/34615,LibriSpeech_5895,LibriSpeech_5895,1,39.326323437511356,maximum_decision_score
3,1758,5895-34615-0013,5895/34615,LibriSpeech_5895,LibriSpeech_5895,1,39.327579537684656,maximum_decision_score
1,1759,5895-34615-0014,5895/34615,LibriSpeech_5895,LibriSpeech_5895,1,39.326128188674666,maximum_decision_score
2,1760,5895-34615-0015,5895/34615,LibriSpeech_5895,LibriSpeech_5895,1,39.32576566268434,maximum_decision_score
4,1761,5895-34615-0016,5895/34615,LibriSpeech_5895,LibriSpeech_5895,1,39.32707228369701,maximum_decision_score
2,1762,5895-34615-0017,5895/34615,LibriSpeech_5895,LibriSpeech_5895,1,39.32657769889498,maximum_decision_score
1,1763,5895-34615-0018,5895/34615,LibriSpeech_5895,LibriSpeech_2035,0,38.3208014231838,maximum_decision_score
5,1764,5895-34615-0019,5895/34615,LibriSpeech_5895,LibriSpeech_5895,1,39.32642298922182,maximum_decision_score
4,1765,5895-34615-0020,5895/34615,LibriSpeech_5895,LibriSpeech_5895,1,39.326476969634804,maximum_decision_score
4,1766,5895-34615-0021,5895/34615,LibriSpeech_5895,LibriSpeech_5895,1,39.3266995536562,maximum_decision_score
1,1767,5895-34622-0000,5895/34622,LibriSpeech_5895,LibriSpeech_5895,1,39.32748108598907,maximum_decision_score
4,1768,5895-34622-0001,5895/34622,LibriSpeech_5895,LibriSpeech_5895,1,39.326505938344546,maximum_decision_score
4,1769,5895-34622-0002,5895/34622,LibriSpeech_5895,LibriSpeech_5895,1,39.325166203018945,maximum_decision_score
5,1770,5895-34622-0003,5895/34622,LibriSpeech_5895,LibriSpeech_5895,1,39.32633480643802,maximum_decision_score
1,1771,5895-34622-0004,5895/34622,LibriSpeech_5895,LibriSpeech_5895,1,39.327399900582854,maximum_decision_score
2,1772,5895-34622-0005,5895/34622,LibriSpeech_5895,LibriSpeech_5895,1,39.32768775852462,maximum_decision_score
5,1773,5895-34622-0006,5895/34622,LibriSpeech_5895,LibriSpeech_5895,1,39.32701921674253,maximum_decision_score
2,1774,5895-34622-0007,5895/34622,LibriSpeech_5895,LibriSpeech_5895,1,39.32689217630181,maximum_decision_score
3,1775,5895-34622-0008,5895/34622,LibriSpeech_5895,LibriSpeech_5895,1,39.32643843948993,maximum_decision_score
4,1776,5895-34622-0009,5895/34622,LibriSpeech_5895,LibriSpeech_5895,1,39.32686308396112,maximum_decision_score
5,1777,5895-34622-0010,5895/34622,LibriSpeech_5895,LibriSpeech_5895,1,39.32599802740397,maximum_decision_score
2,1778,5895-34622-0011,5895/34622,LibriSpeech_5895,LibriSpeech_5895,1,39.32684553597438,maximum_decision_score
4,1779,5895-34622-0012,5895/34622,LibriSpeech_5895,LibriSpeech_5895,1,39.32796329367902,maximum_decision_score
5,1780,5895-34622-0013,5895/34622,LibriSpeech_5895,LibriSpeech_5895,1,39.32710391954344,maximum_decision_score
3,1781,5895-34622-0014,5895/34622,LibriSpeech_5895,LibriSpeech_5895,1,39.326503035780156,maximum_decision_score
4,1782,5895-34622-0015,5895/34622,LibriSpeech_5895,LibriSpeech_5895,1,39.326745474875274,maximum_decision_score
5,1783,5895-34622-0016,5895/34622,LibriSpeech_5895,LibriSpeech_5895,1,39.32761892843997,maximum_decision_score
1,1784,5895-34622-0017,5895/34622,LibriSpeech_5895,LibriSpeech_5895,1,39.32684522937087,maximum_decision_score
1,1785,5895-34622-0018,5895/34622,LibriSpeech_5895,LibriSpeech_5895,1,39.32654237479925,maximum_decision_score
3,1786,5895-34622-0019,5895/34622,LibriSpeech_5895,LibriSpeech_5895,1,39.32672071699995,maximum_decision_score
1,1787,5895-34622-0020,5895/34622,LibriSpeech_5895,LibriSpeech_5895,1,39.32596404021059,maximum_decision_score
3,1788,5895-34622-0021,5895/34622,LibriSpeech_5895,LibriSpeech_5895,1,39.32484270283429,maximum_decision_score
1,1789,5895-34622-0022,5895/34622,LibriSpeech_5895,LibriSpeech_5895,1,39.3268501692385,maximum_decision_score
2,1790,5895-34622-0023,5895/34622,LibriSpeech_5895,LibriSpeech_5895,1,39.327805724486836,maximum_decision_score
3,1791,5895-34629-0000,5895/34629,LibriSpeech_5895,LibriSpeech_5895,1,39.32720418544326,maximum_decision_score
1,1792,5895-34629-0001,5895/34629,LibriSpeech_5895,LibriSpeech_5895,1,39.32754971276515,maximum_decision_score
1,1793,5895-34629-0002,5895/34629,LibriSpeech_5895,LibriSpeech_5895,1,39.32792953061428,maximum_decision_score
5,1794,5895-34629-0003,5895/34629,LibriSpeech_5895,LibriSpeech_5895,1,39.32799378106226,maximum_decision_score
3,1795,5895-34629-0004,5895/34629,LibriSpeech_5895,LibriSpeech_5895,1,39.32817975944389,maximum_decision_score
4,1796,5895-34629-0005,5895/34629,LibriSpeech_5895,LibriSpeech_5895,1,39.32711307070943,maximum_decision_score
5,1797,5895-34629-0006,5895/34629,LibriSpeech_5895,LibriSpeech_5895,1,39.32759925802236,maximum_decision_score
4,1798,5895-34629-0007,5895/34629,LibriSpeech_5895,LibriSpeech_5895,1,39.32718102816913,maximum_decision_score
2,1799,5895-34629-0008,5895/34629,LibriSpeech_5895,LibriSpeech_5895,1,39.326445271005554,maximum_decision_score
3,1800,5895-34629-0009,5895/34629,LibriSpeech_5895,LibriSpeech_5895,1,39.326916871171164,maximum_decision_score
3,1801,5895-34629-0010,5895/34629,LibriSpeech_5895,LibriSpeech_5895,1,39.32741097639519,maximum_decision_score
4,1802,5895-34629-0011,5895/34629,LibriSpeech_5895,LibriSpeech_5895,1,39.32694239303191,maximum_decision_score
4,1803,5895-34629-0012,5895/34629,LibriSpeech_5895,LibriSpeech_5895,1,39.32728037160267,maximum_decision_score
2,1804,5895-34629-0013,5895/34629,LibriSpeech_5895,LibriSpeech_5895,1,39.32735309815711,maximum_decision_score
2,1805,5895-34629-0014,5895/34629,LibriSpeech_5895,LibriSpeech_5895,1,39.32754105395645,maximum_decision_score
3,1806,5895-34629-0015,5895/34629,LibriSpeech_5895,LibriSpeech_5895,1,39.327127096335204,maximum_decision_score
2,1807,5895-34629-0016,5895/34629,LibriSpeech_5895,LibriSpeech_5895,1,39.32712348928392,maximum_decision_score
5,1808,5895-34629-0017,5895/34629,LibriSpeech_5895,LibriSpeech_5895,1,39.32686059531532,maximum_decision_score
1,1809,5895-34629-0018,5895/34629,LibriSpeech_5895,LibriSpeech_5895,1,39.32735820091935,maximum_decision_score
4,1810,5895-34629-0019,5895/34629,LibriSpeech_5895,LibriSpeech_5895,1,39.32674946418711,maximum_decision_score
5,1811,5895-34629-0020,5895/34629,LibriSpeech_5895,LibriSpeech_5895,1,39.3273268992936,maximum_decision_score
4,1812,5895-34629-0021,5895/34629,LibriSpeech_5895,LibriSpeech_5895,1,39.326865982624284,maximum_decision_score
4,1813,5895-34629-0022,5895/34629,LibriSpeech_5895,LibriSpeech_5895,1,39.32695406372917,maximum_decision_score
1,1814,5895-34629-0023,5895/34629,LibriSpeech_5895,LibriSpeech_5895,1,39.32707181778329,maximum_decision_score
2,1815,5895-34629-0024,5895/34629,LibriSpeech_5895,LibriSpeech_5895,1,39.32732092050424,maximum_decision_score
3,1816,5895-34629-0025,5895/34629,LibriSpeech_5895,LibriSpeech_5895,1,39.32714472667337,maximum_decision_score
1,1817,5895-34629-0026,5895/34629,LibriSpeech_5895,LibriSpeech_5895,1,39.326688378567866,maximum_decision_score
1,1818,5895-34629-0027,5895/34629,LibriSpeech_5895,LibriSpeech_5895,1,39.32689082076729,maximum_decision_score
3,1819,5895-34629-0028,5895/34629,LibriSpeech_5895,LibriSpeech_5895,1,39.325644756604774,maximum_decision_score
5,1820,5895-34629-0029,5895/34629,LibriSpeech_5895,LibriSpeech_5895,1,39.32723503307019,maximum_decision_score
3,1821,5895-34629-0030,5895/34629,LibriSpeech_5895,LibriSpeech_5895,1,39.326905514773806,maximum_decision_score
1,1822,5895-34629-0031,5895/34629,LibriSpeech_5895,LibriSpeech_5895,1,39.32705763836412,maximum_decision_score
3,1823,5895-34629-0032,5895/34629,LibriSpeech_5895,LibriSpeech_5895,1,39.326875435232004,maximum_decision_score
2,1824,5895-34629-0033,5895/34629,LibriSpeech_5895,LibriSpeech_5895,1,39.32760074027011,maximum_decision_score
1,1825,6241-61943-0000,6241/61943,LibriSpeech_6241,LibriSpeech_6241,1,39.326151367404904,maximum_decision_score
3,1826,6241-61943-0001,6241/61943,LibriSpeech_6241,LibriSpeech_6241,1,39.32458448778177,maximum_decision_score
3,1827,6241-61943-0002,6241/61943,LibriSpeech_6241,LibriSpeech_6241,1,39.32539312820254,maximum_decision_score
2,1828,6241-61943-0003,6241/61943,LibriSpeech_6241,LibriSpeech_6241,1,39.326535894320315,maximum_decision_score
4,1829,6241-61943-0004,6241/61943,LibriSpeech_6241,LibriSpeech_6241,1,39.32703112749642,maximum_decision_score
4,1830,6241-61943-0005,6241/61943,LibriSpeech_6241,LibriSpeech_6241,1,39.32678736157771,maximum_decision_score
2,1831,6241-61943-0006,6241/61943,LibriSpeech_6241,LibriSpeech_6241,1,39.32651418613618,maximum_decision_score
2,1832,6241-61943-0007,6241/61943,LibriSpeech_6241,LibriSpeech_6241,1,39.3259194955528,maximum_decision_score
4,1833,6241-61943-0008,6241/61943,LibriSpeech_6241,LibriSpeech_6241,1,39.325390637950385,maximum_decision_score
3,1834,6241-61943-0009,6241/61943,LibriSpeech_6241,LibriSpeech_6241,1,39.32550705820068,maximum_decision_score
5,1835,6241-61943-0010,6241/61943,LibriSpeech_6241,LibriSpeech_6241,1,39.32569090266338,maximum_decision_score
1,1836,6241-61943-0011,6241/61943,LibriSpeech_6241,LibriSpeech_6241,1,39.32541913081453,maximum_decision_score
4,1837,6241-61943-0012,6241/61943,LibriSpeech_6241,LibriSpeech_6241,1,39.32567065060181,maximum_decision_score
2,1838,6241-61943-0013,6241/61943,LibriSpeech_6241,LibriSpeech_6241,1,39.325484850990335,maximum_decision_score
3,1839,6241-61943-0014,6241/61943,LibriSpeech_6241,LibriSpeech_6241,1,39.326493815212125,maximum_decision_score
1,1840,6241-61943-0015,6241/61943,LibriSpeech_6241,LibriSpeech_6241,1,39.32605005669047,maximum_decision_score
1,1841,6241-61943-0016,6241/61943,LibriSpeech_6241,LibriSpeech_6241,1,39.32615863701337,maximum_decision_score
5,1842,6241-61943-0017,6241/61943,LibriSpeech_6241,LibriSpeech_6241,1,39.32566046335528,maximum_decision_score
4,1843,6241-61943-0018,6241/61943,LibriSpeech_6241,LibriSpeech_6241,1,39.326716700193195,maximum_decision_score
4,1844,6241-61943-0019,6241/61943,LibriSpeech_6241,LibriSpeech_6241,1,39.32607618641794,maximum_decision_score
2,1845,6241-61943-0020,6241/61943,LibriSpeech_6241,LibriSpeech_6241,1,39.325564833873095,maximum_decision_score
5,1846,6241-61943-0021,6241/61943,LibriSpeech_6241,LibriSpeech_6241,1,39.3259889179403,maximum_decision_score
4,1847,6241-61943-0022,6241/61943,LibriSpeech_6241,LibriSpeech_6241,1,39.32582951808519,maximum_decision_score
4,1848,6241-61943-0023,6241/61943,LibriSpeech_6241,LibriSpeech_6241,1,39.326378249114526,maximum_decision_score
1,1849,6241-61943-0024,6241/61943,LibriSpeech_6241,LibriSpeech_6241,1,39.3258755437552,maximum_decision_score
1,1850,6241-61943-0025,6241/61943,LibriSpeech_6241,LibriSpeech_6241,1,39.32644992463921,maximum_decision_score
5,1851,6241-61943-0026,6241/61943,LibriSpeech_6241,LibriSpeech_6241,1,39.326061393423466,maximum_decision_score
3,1852,6241-61943-0027,6241/61943,LibriSpeech_6241,LibriSpeech_6241,1,39.32641767644327,maximum_decision_score
5,1853,6241-61946-0000,6241/61946,LibriSpeech_6241,LibriSpeech_6241,1,39.32633066785317,maximum_decision_score
4,1854,6241-61946-0001,6241/61946,LibriSpeech_6241,LibriSpeech_6241,1,39.32707196207888,maximum_decision_score
3,1855,6241-61946-0002,6241/61946,LibriSpeech_6241,LibriSpeech_6241,1,39.327006935855295,maximum_decision_score
4,1856,6241-61946-0003,6241/61946,LibriSpeech_6241,LibriSpeech_6241,1,39.32664032230558,maximum_decision_score
2,1857,6241-61946-0004,6241/61946,LibriSpeech_6241,LibriSpeech_6241,1,39.32697803728793,maximum_decision_score
4,1858,6241-61946-0005,6241/61946,LibriSpeech_6241,LibriSpeech_6241,1,39.32689084752129,maximum_decision_score
3,1859,6241-61946-0006,6241/61946,LibriSpeech_6241,LibriSpeech_6241,1,39.32674889740966,maximum_decision_score
1,1860,6241-61946-0007,6241/61946,LibriSpeech_6241,LibriSpeech_6241,1,39.32681372797671,maximum_decision_score
2,1861,6241-61946-0008,6241/61946,LibriSpeech_6241,LibriSpeech_6241,1,39.32663860913091,maximum_decision_score
5,1862,6241-61946-0009,6241/61946,LibriSpeech_6241,LibriSpeech_6241,1,39.32406971230982,maximum_decision_score
3,1863,6241-61946-0010,6241/61946,LibriSpeech_6241,LibriSpeech_6241,1,39.32621232644355,maximum_decision_score
5,1864,6241-61946-0011,6241/61946,LibriSpeech_6241,LibriSpeech_6241,1,39.32705519974932,maximum_decision_score
5,1865,6241-61946-0012,6241/61946,LibriSpeech_6241,LibriSpeech_6241,1,39.326596275960036,maximum_decision_score
5,1866,6241-61946-0013,6241/61946,LibriSpeech_6241,LibriSpeech_6241,1,39.326878777763085,maximum_decision_score
1,1867,6241-61946-0014,6241/61946,LibriSpeech_6241,LibriSpeech_6241,1,39.32688455209343,maximum_decision_score
4,1868,6241-61946-0015,6241/61946,LibriSpeech_6241,LibriSpeech_6241,1,39.32664369654676,maximum_decision_score
4,1869,6241-61946-0016,6241/61946,LibriSpeech_6241,LibriSpeech_6241,1,39.32709044316366,maximum_decision_score
1,1870,6241-61946-0017,6241/61946,LibriSpeech_6241,LibriSpeech_6241,1,39.32755626542515,maximum_decision_score
1,1871,6241-61946-0018,6241/61946,LibriSpeech_6241,LibriSpeech_6241,1,39.3272846319706,maximum_decision_score
2,1872,6241-61946-0019,6241/61946,LibriSpeech_6241,LibriSpeech_6241,1,39.32772624183677,maximum_decision_score
2,1873,6241-61946-0020,6241/61946,LibriSpeech_6241,LibriSpeech_6241,1,39.32736070843968,maximum_decision_score
1,1874,6241-61946-0021,6241/61946,LibriSpeech_6241,LibriSpeech_6241,1,39.32727670857883,maximum_decision_score
5,1875,6241-61946-0022,6241/61946,LibriSpeech_6241,LibriSpeech_6241,1,39.327097694026826,maximum_decision_score
4,1876,6241-61946-0023,6241/61946,LibriSpeech_6241,LibriSpeech_6241,1,39.32729085406231,maximum_decision_score
1,1877,6241-66616-0000,6241/66616,LibriSpeech_6241,LibriSpeech_6241,1,39.3274662304876,maximum_decision_score
5,1878,6241-66616-0001,6241/66616,LibriSpeech_6241,LibriSpeech_6241,1,39.32726475181674,maximum_decision_score
2,1879,6241-66616-0002,6241/66616,LibriSpeech_6241,LibriSpeech_6241,1,39.327494321787334,maximum_decision_score
2,1880,6241-66616-0003,6241/66616,LibriSpeech_6241,LibriSpeech_6241,1,39.32789347851229,maximum_decision_score
2,1881,6241-66616-0004,6241/66616,LibriSpeech_6241,LibriSpeech_6241,1,39.32740311273311,maximum_decision_score
5,1882,6241-66616-0005,6241/66616,LibriSpeech_6241,LibriSpeech_6241,1,39.32725631327569,maximum_decision_score
5,1883,6241-66616-0006,6241/66616,LibriSpeech_6241,LibriSpeech_6241,1,39.32704268861915,maximum_decision_score
3,1884,6241-66616-0007,6241/66616,LibriSpeech_6241,LibriSpeech_6241,1,39.327285743397674,maximum_decision_score
3,1885,6241-66616-0008,6241/66616,LibriSpeech_6241,LibriSpeech_6241,1,39.3276261247658,maximum_decision_score
1,1886,6241-66616-0009,6241/66616,LibriSpeech_6241,LibriSpeech_6241,1,39.327857618159854,maximum_decision_score
2,1887,6241-66616-0010,6241/66616,LibriSpeech_6241,LibriSpeech_6241,1,39.32741584405663,maximum_decision_score
3,1888,6241-66616-0011,6241/66616,LibriSpeech_6241,LibriSpeech_6241,1,39.32756416186774,maximum_decision_score
2,1889,6241-66616-0012,6241/66616,LibriSpeech_6241,LibriSpeech_6241,1,39.32762383510806,maximum_decision_score
1,1890,6241-66616-0013,6241/66616,LibriSpeech_6241,LibriSpeech_6241,1,39.32778593844874,maximum_decision_score
1,1891,6241-66616-0014,6241/66616,LibriSpeech_6241,LibriSpeech_6241,1,39.32776135531818,maximum_decision_score
4,1892,6241-66616-0015,6241/66616,LibriSpeech_6241,LibriSpeech_6241,1,39.32756692317146,maximum_decision_score
5,1893,6241-66616-0016,6241/66616,LibriSpeech_6241,LibriSpeech_6241,1,39.32745451217038,maximum_decision_score
2,1894,6241-66616-0017,6241/66616,LibriSpeech_6241,LibriSpeech_6241,1,39.327768621113606,maximum_decision_score
5,1895,6241-66616-0018,6241/66616,LibriSpeech_6241,LibriSpeech_6241,1,39.32683153348433,maximum_decision_score
5,1896,6241-66616-0019,6241/66616,LibriSpeech_6241,LibriSpeech_6241,1,39.327667732217925,maximum_decision_score
4,1897,6241-66616-0020,6241/66616,LibriSpeech_6241,LibriSpeech_6241,1,39.32694168284249,maximum_decision_score
3,1898,6241-66616-0021,6241/66616,LibriSpeech_6241,LibriSpeech_6241,1,39.326723005492596,maximum_decision_score
3,1899,6241-66616-0022,6241/66616,LibriSpeech_6241,LibriSpeech_6241,1,39.32741710432491,maximum_decision_score
1,1900,6241-66616-0023,6241/66616,LibriSpeech_6241,LibriSpeech_6241,1,39.32719202555684,maximum_decision_score
3,1901,6241-66616-0024,6241/66616,LibriSpeech_6241,LibriSpeech_6241,1,39.32716491597479,maximum_decision_score
3,1902,6241-66616-0025,6241/66616,LibriSpeech_6241,LibriSpeech_6241,1,39.32742157917819,maximum_decision_score
1,1903,6295-244435-0000,6295/244435,LibriSpeech_6295,LibriSpeech_6295,1,39.32697725111594,maximum_decision_score
4,1904,6295-244435-0001,6295/244435,LibriSpeech_6295,LibriSpeech_6295,1,39.32714317012311,maximum_decision_score
4,1905,6295-244435-0002,6295/244435,LibriSpeech_6295,LibriSpeech_6295,1,39.32694556552031,maximum_decision_score
5,1906,6295-244435-0003,6295/244435,LibriSpeech_6295,LibriSpeech_6295,1,39.325844206866996,maximum_decision_score
1,1907,6295-244435-0004,6295/244435,LibriSpeech_6295,LibriSpeech_6295,1,39.327094848177055,maximum_decision_score
3,1908,6295-244435-0005,6295/244435,LibriSpeech_6295,LibriSpeech_6295,1,39.32734483313001,maximum_decision_score
2,1909,6295-244435-0006,6295/244435,LibriSpeech_6295,LibriSpeech_6295,1,39.32673828532377,maximum_decision_score
4,1910,6295-244435-0007,6295/244435,LibriSpeech_6295,LibriSpeech_6295,1,39.32685963249966,maximum_decision_score
2,1911,6295-244435-0008,6295/244435,LibriSpeech_6295,LibriSpeech_6295,1,39.32685532204388,maximum_decision_score
5,1912,6295-244435-0009,6295/244435,LibriSpeech_6295,LibriSpeech_6295,1,39.32681853064815,maximum_decision_score
3,1913,6295-244435-0010,6295/244435,LibriSpeech_6295,LibriSpeech_6295,1,39.32657033068632,maximum_decision_score
4,1914,6295-244435-0011,6295/244435,LibriSpeech_6295,LibriSpeech_6295,1,39.32714729890266,maximum_decision_score
3,1915,6295-244435-0012,6295/244435,LibriSpeech_6295,LibriSpeech_6295,1,39.32619407049192,maximum_decision_score
2,1916,6295-244435-0013,6295/244435,LibriSpeech_6295,LibriSpeech_6295,1,39.327021916415056,maximum_decision_score
4,1917,6295-244435-0014,6295/244435,LibriSpeech_6295,LibriSpeech_6295,1,39.32738495832101,maximum_decision_score
5,1918,6295-244435-0015,6295/244435,LibriSpeech_6295,LibriSpeech_6295,1,39.325364784160996,maximum_decision_score
1,1919,6295-244435-0016,6295/244435,LibriSpeech_6295,LibriSpeech_6295,1,39.325209232080915,maximum_decision_score
1,1920,6295-244435-0017,6295/244435,LibriSpeech_6295,LibriSpeech_6295,1,39.32626740711246,maximum_decision_score
1,1921,6295-244435-0018,6295/244435,LibriSpeech_6295,LibriSpeech_6295,1,39.3266877210158,maximum_decision_score
5,1922,6295-244435-0019,6295/244435,LibriSpeech_6295,LibriSpeech_6295,1,39.32622829175518,maximum_decision_score
3,1923,6295-244435-0020,6295/244435,LibriSpeech_6295,LibriSpeech_6295,1,39.32686062993477,maximum_decision_score
2,1924,6295-244435-0021,6295/244435,LibriSpeech_6295,LibriSpeech_6295,1,39.325995988794965,maximum_decision_score
1,1925,6295-244435-0022,6295/244435,LibriSpeech_6295,LibriSpeech_6295,1,39.326059850342,maximum_decision_score
5,1926,6295-244435-0023,6295/244435,LibriSpeech_6295,LibriSpeech_6295,1,39.32747264372116,maximum_decision_score
1,1927,6295-244435-0024,6295/244435,LibriSpeech_6295,LibriSpeech_6295,1,39.32656647132939,maximum_decision_score
1,1928,6295-244435-0025,6295/244435,LibriSpeech_6295,LibriSpeech_6295,1,39.32508827977902,maximum_decision_score
3,1929,6295-244435-0026,6295/244435,LibriSpeech_6295,LibriSpeech_6295,1,39.32658698993937,maximum_decision_score
1,1930,6295-244435-0027,6295/244435,LibriSpeech_6295,LibriSpeech_6295,1,39.326023358218485,maximum_decision_score
5,1931,6295-244435-0028,6295/244435,LibriSpeech_6295,LibriSpeech_6295,1,39.32594250927649,maximum_decision_score
5,1932,6295-244435-0029,6295/244435,LibriSpeech_6295,LibriSpeech_6295,1,39.32707122523033,maximum_decision_score
1,1933,6295-244435-0030,6295/244435,LibriSpeech_6295,LibriSpeech_6295,1,39.32678178692996,maximum_decision_score
2,1934,6295-244435-0031,6295/244435,LibriSpeech_6295,LibriSpeech_6295,1,39.326891185744564,maximum_decision_score
2,1935,6295-244435-0032,6295/244435,LibriSpeech_6295,LibriSpeech_6295,1,39.32675789325796,maximum_decision_score
2,1936,6295-244435-0033,6295/244435,LibriSpeech_6295,LibriSpeech_6295,1,39.326744087697456,maximum_decision_score
1,1937,6295-244435-0034,6295/244435,LibriSpeech_6295,LibriSpeech_6295,1,39.32651283177951,maximum_decision_score
3,1938,6295-244435-0035,6295/244435,LibriSpeech_6295,LibriSpeech_6295,1,39.326567988089046,maximum_decision_score
2,1939,6295-244435-0036,6295/244435,LibriSpeech_6295,LibriSpeech_6295,1,39.32681757465064,maximum_decision_score
4,1940,6295-244435-0037,6295/244435,LibriSpeech_6295,LibriSpeech_6295,1,39.326709360448525,maximum_decision_score
5,1941,6295-244435-0038,6295/244435,LibriSpeech_6295,LibriSpeech_6295,1,39.326987216641555,maximum_decision_score
5,1942,6295-244435-0039,6295/244435,LibriSpeech_6295,LibriSpeech_6295,1,39.326365270691106,maximum_decision_score
2,1943,6295-244435-0040,6295/244435,LibriSpeech_6295,LibriSpeech_6295,1,39.32604033553981,maximum_decision_score
2,1944,6295-64301-0000,6295/64301,LibriSpeech_6295,LibriSpeech_6295,1,39.32704411805153,maximum_decision_score
4,1945,6295-64301-0001,6295/64301,LibriSpeech_6295,LibriSpeech_6295,1,39.32682807425769,maximum_decision_score
3,1946,6295-64301-0002,6295/64301,LibriSpeech_6295,LibriSpeech_6295,1,39.32665265431675,maximum_decision_score
1,1947,6295-64301-0003,6295/64301,LibriSpeech_6295,LibriSpeech_6295,1,39.32649306026967,maximum_decision_score
3,1948,6295-64301-0004,6295/64301,LibriSpeech_6295,LibriSpeech_6295,1,39.32676655850751,maximum_decision_score
5,1949,6295-64301-0005,6295/64301,LibriSpeech_6295,LibriSpeech_6295,1,39.32621739281616,maximum_decision_score
5,1950,6295-64301-0006,6295/64301,LibriSpeech_6295,LibriSpeech_6295,1,39.32629154698409,maximum_decision_score
1,1951,6295-64301-0007,6295/64301,LibriSpeech_6295,LibriSpeech_6295,1,39.32723385639048,maximum_decision_score
4,1952,6295-64301-0008,6295/64301,LibriSpeech_6295,LibriSpeech_6295,1,39.32465680686768,maximum_decision_score
4,1953,6295-64301-0009,6295/64301,LibriSpeech_6295,LibriSpeech_6295,1,39.32631543523217,maximum_decision_score
2,1954,6295-64301-0010,6295/64301,LibriSpeech_6295,LibriSpeech_6295,1,39.325557772941146,maximum_decision_score
4,1955,6295-64301-0011,6295/64301,LibriSpeech_6295,LibriSpeech_6295,1,39.32636674937502,maximum_decision_score
4,1956,6295-64301-0012,6295/64301,LibriSpeech_6295,LibriSpeech_6295,1,39.32722467766551,maximum_decision_score
2,1957,6295-64301-0013,6295/64301,LibriSpeech_6295,LibriSpeech_6295,1,39.32668399003917,maximum_decision_score
3,1958,6295-64301-0014,6295/64301,LibriSpeech_6295,LibriSpeech_6295,1,39.326210092404665,maximum_decision_score
5,1959,6295-64301-0015,6295/64301,LibriSpeech_6295,LibriSpeech_6295,1,39.327244069744545,maximum_decision_score
1,1960,6295-64301-0016,6295/64301,LibriSpeech_6295,LibriSpeech_6295,1,39.32659350993061,maximum_decision_score
5,1961,6295-64301-0017,6295/64301,LibriSpeech_6295,LibriSpeech_6295,1,39.32667228579303,maximum_decision_score
4,1962,6295-64301-0018,6295/64301,LibriSpeech_6295,LibriSpeech_6295,1,39.326519409737756,maximum_decision_score
2,1963,6295-64301-0019,6295/64301,LibriSpeech_6295,LibriSpeech_6295,1,39.325676468253974,maximum_decision_score
2,1964,6295-64301-0020,6295/64301,LibriSpeech_6295,LibriSpeech_6295,1,39.32696644386315,maximum_decision_score
3,1965,6295-64301-0021,6295/64301,LibriSpeech_6295,LibriSpeech_6295,1,39.326919822501445,maximum_decision_score
4,1966,6295-64301-0022,6295/64301,LibriSpeech_6295,LibriSpeech_6295,1,39.3259231610817,maximum_decision_score
1,1967,6295-64301-0023,6295/64301,LibriSpeech_6295,LibriSpeech_6295,1,39.32598400172136,maximum_decision_score
3,1968,6295-64301-0024,6295/64301,LibriSpeech_6295,LibriSpeech_6295,1,39.32657395409,maximum_decision_score
5,1969,6295-64301-0025,6295/64301,LibriSpeech_6295,LibriSpeech_6295,1,39.32586591700474,maximum_decision_score
4,1970,6295-64301-0026,6295/64301,LibriSpeech_6295,LibriSpeech_6295,1,39.325611108696855,maximum_decision_score
3,1971,6295-64301-0027,6295/64301,LibriSpeech_6295,LibriSpeech_6295,1,39.32671663470004,maximum_decision_score
2,1972,6295-64301-0028,6295/64301,LibriSpeech_6295,LibriSpeech_6295,1,39.326562708124754,maximum_decision_score
5,1973,6295-64301-0029,6295/64301,LibriSpeech_6295,LibriSpeech_6295,1,39.3263109492498,maximum_decision_score
3,1974,6295-64301-0030,6295/64301,LibriSpeech_6295,LibriSpeech_6295,1,39.32558036544379,maximum_decision_score
3,1975,6295-64301-0031,6295/64301,LibriSpeech_6295,LibriSpeech_6295,1,39.32645704474973,maximum_decision_score
3,1976,6295-64301-0032,6295/64301,LibriSpeech_6295,LibriSpeech_6295,1,39.32609708742359,maximum_decision_score
2,1977,6313-66125-0000,6313/66125,LibriSpeech_6313,LibriSpeech_6313,1,39.32655258008738,maximum_decision_score
1,1978,6313-66125-0001,6313/66125,LibriSpeech_6313,LibriSpeech_6313,1,39.32769898001164,maximum_decision_score
2,1979,6313-66125-0002,6313/66125,LibriSpeech_6313,LibriSpeech_6313,1,39.32481252526023,maximum_decision_score
4,1980,6313-66125-0003,6313/66125,LibriSpeech_6313,LibriSpeech_6313,1,39.32761908599386,maximum_decision_score
2,1981,6313-66125-0004,6313/66125,LibriSpeech_6313,LibriSpeech_6313,1,39.3288176497999,maximum_decision_score
4,1982,6313-66125-0005,6313/66125,LibriSpeech_6313,LibriSpeech_6313,1,39.327810858259845,maximum_decision_score
5,1983,6313-66125-0006,6313/66125,LibriSpeech_6313,LibriSpeech_6313,1,39.32658990886771,maximum_decision_score
2,1984,6313-66125-0007,6313/66125,LibriSpeech_6313,LibriSpeech_6313,1,39.328002674027566,maximum_decision_score
2,1985,6313-66125-0008,6313/66125,LibriSpeech_6313,LibriSpeech_6313,1,39.329003050061594,maximum_decision_score
2,1986,6313-66125-0009,6313/66125,LibriSpeech_6313,LibriSpeech_6313,1,39.327954864068325,maximum_decision_score
5,1987,6313-66125-0010,6313/66125,LibriSpeech_6313,LibriSpeech_6313,1,39.328087224517695,maximum_decision_score
1,1988,6313-66125-0011,6313/66125,LibriSpeech_6313,LibriSpeech_6313,1,39.32773001947468,maximum_decision_score
2,1989,6313-66125-0012,6313/66125,LibriSpeech_6313,LibriSpeech_6313,1,39.326465967278196,maximum_decision_score
3,1990,6313-66125-0013,6313/66125,LibriSpeech_6313,LibriSpeech_6313,1,39.32886006187449,maximum_decision_score
4,1991,6313-66125-0014,6313/66125,LibriSpeech_6313,LibriSpeech_6313,1,39.32661125807396,maximum_decision_score
5,1992,6313-66125-0015,6313/66125,LibriSpeech_6313,LibriSpeech_6313,1,39.32699927438444,maximum_decision_score
5,1993,6313-66125-0016,6313/66125,LibriSpeech_6313,LibriSpeech_6313,1,39.327766297607084,maximum_decision_score
2,1994,6313-66125-0017,6313/66125,LibriSpeech_6313,LibriSpeech_6313,1,39.32669920797348,maximum_decision_score
1,1995,6313-66125-0018,6313/66125,LibriSpeech_6313,LibriSpeech_6313,1,39.328423049725885,maximum_decision_score
1,1996,6313-66125-0019,6313/66125,LibriSpeech_6313,LibriSpeech_6313,1,39.3282588461176,maximum_decision_score
2,1997,6313-66125-0020,6313/66125,LibriSpeech_6313,LibriSpeech_6313,1,39.32769507174478,maximum_decision_score
5,1998,6313-66125-0021,6313/66125,LibriSpeech_6313,LibriSpeech_6313,1,39.328057864659016,maximum_decision_score
5,1999,6313-66125-0022,6313/66125,LibriSpeech_6313,LibriSpeech_6313,1,39.32750124433866,maximum_decision_score
1,2000,6313-66125-0023,6313/66125,LibriSpeech_6313,LibriSpeech_6313,1,39.328174754428,maximum_decision_score
4,2001,6313-66125-0024,6313/66125,LibriSpeech_6313,LibriSpeech_6313,1,39.32770029696461,maximum_decision_score
4,2002,6313-66125-0025,6313/66125,LibriSpeech_6313,LibriSpeech_6313,1,39.32772889918218,maximum_decision_score
3,2003,6313-66125-0026,6313/66125,LibriSpeech_6313,LibriSpeech_6313,1,39.32748332730363,maximum_decision_score
3,2004,6313-66125-0027,6313/66125,LibriSpeech_6313,LibriSpeech_6313,1,39.32729118701714,maximum_decision_score
3,2005,6313-66129-0000,6313/66129,LibriSpeech_6313,LibriSpeech_6313,1,39.328059386847706,maximum_decision_score
5,2006,6313-66129-0001,6313/66129,LibriSpeech_6313,LibriSpeech_6313,1,39.32685822777435,maximum_decision_score
2,2007,6313-66129-0002,6313/66129,LibriSpeech_6313,LibriSpeech_6313,1,39.327141199219696,maximum_decision_score
1,2008,6313-66129-0003,6313/66129,LibriSpeech_6313,LibriSpeech_6313,1,39.32707427183768,maximum_decision_score
3,2009,6313-66129-0004,6313/66129,LibriSpeech_6313,LibriSpeech_6313,1,39.32720651325722,maximum_decision_score
2,2010,6313-66129-0005,6313/66129,LibriSpeech_6313,LibriSpeech_6313,1,39.32713072044916,maximum_decision_score
1,2011,6313-66129-0006,6313/66129,LibriSpeech_6313,LibriSpeech_6313,1,39.32897460562184,maximum_decision_score
2,2012,6313-66129-0007,6313/66129,LibriSpeech_6313,LibriSpeech_6313,1,39.32580071327506,maximum_decision_score
5,2013,6313-66129-0008,6313/66129,LibriSpeech_6313,LibriSpeech_6313,1,39.32774255577672,maximum_decision_score
4,2014,6313-66129-0009,6313/66129,LibriSpeech_6313,LibriSpeech_6313,1,39.327196650316935,maximum_decision_score
4,2015,6313-66129-0010,6313/66129,LibriSpeech_6313,LibriSpeech_6313,1,39.32749433463238,maximum_decision_score
5,2016,6313-66129-0011,6313/66129,LibriSpeech_6313,LibriSpeech_6313,1,39.328251517254664,maximum_decision_score
2,2017,6313-66129-0012,6313/66129,LibriSpeech_6313,LibriSpeech_6313,1,39.32426992193533,maximum_decision_score
5,2018,6313-66129-0013,6313/66129,LibriSpeech_6313,LibriSpeech_6313,1,39.326914156043884,maximum_decision_score
1,2019,6313-66129-0014,6313/66129,LibriSpeech_6313,LibriSpeech_6313,1,39.32705465664474,maximum_decision_score
3,2020,6313-66129-0015,6313/66129,LibriSpeech_6313,LibriSpeech_6313,1,39.32698004333844,maximum_decision_score
3,2021,6313-66129-0016,6313/66129,LibriSpeech_6313,LibriSpeech_6313,1,39.32749674315252,maximum_decision_score
3,2022,6313-66129-0017,6313/66129,LibriSpeech_6313,LibriSpeech_6313,1,39.32561695328127,maximum_decision_score
2,2023,6313-66129-0018,6313/66129,LibriSpeech_6313,LibriSpeech_6313,1,39.32623870117727,maximum_decision_score
1,2024,6313-66129-0019,6313/66129,LibriSpeech_6313,LibriSpeech_6313,1,39.32771631644374,maximum_decision_score
5,2025,6313-66129-0020,6313/66129,LibriSpeech_6313,LibriSpeech_6313,1,39.32735171322917,maximum_decision_score
1,2026,6313-66129-0021,6313/66129,LibriSpeech_6313,LibriSpeech_6313,1,39.32670918325174,maximum_decision_score
5,2027,6313-66129-0022,6313/66129,LibriSpeech_6313,LibriSpeech_6313,1,39.32672461287643,maximum_decision_score
3,2028,6313-66129-0023,6313/66129,LibriSpeech_6313,LibriSpeech_6313,1,39.32647691214841,maximum_decision_score
3,2029,6313-66129-0024,6313/66129,LibriSpeech_6313,LibriSpeech_6313,1,39.32614283843965,maximum_decision_score
1,2030,6313-66129-0025,6313/66129,LibriSpeech_6313,LibriSpeech_6313,1,39.3278906047319,maximum_decision_score
1,2031,6313-66129-0026,6313/66129,LibriSpeech_6313,LibriSpeech_6313,1,39.327761554741734,maximum_decision_score
4,2032,6313-66129-0027,6313/66129,LibriSpeech_6313,LibriSpeech_6313,1,39.32818198423914,maximum_decision_score
1,2033,6313-66129-0028,6313/66129,LibriSpeech_6313,LibriSpeech_6313,1,39.32651492954943,maximum_decision_score
1,2034,6313-66129-0029,6313/66129,LibriSpeech_6313,LibriSpeech_6313,1,39.32695886317763,maximum_decision_score
4,2035,6313-66129-0030,6313/66129,LibriSpeech_6313,LibriSpeech_6313,1,39.328284593954145,maximum_decision_score
5,2036,6313-66129-0031,6313/66129,LibriSpeech_6313,LibriSpeech_6313,1,39.326861289620524,maximum_decision_score
1,2037,6313-66129-0032,6313/66129,LibriSpeech_6313,LibriSpeech_6313,1,39.328458782760755,maximum_decision_score
1,2038,6313-66129-0033,6313/66129,LibriSpeech_6313,LibriSpeech_6313,1,39.32738122063827,maximum_decision_score
2,2039,6313-66129-0034,6313/66129,LibriSpeech_6313,LibriSpeech_6313,1,39.32602597216232,maximum_decision_score
3,2040,6313-66129-0035,6313/66129,LibriSpeech_6313,LibriSpeech_6313,1,39.32741087193363,maximum_decision_score
4,2041,6313-76958-0000,6313/76958,LibriSpeech_6313,LibriSpeech_6313,1,39.32817382572056,maximum_decision_score
1,2042,6313-76958-0001,6313/76958,LibriSpeech_6313,LibriSpeech_6313,1,39.32819330254953,maximum_decision_score
3,2043,6313-76958-0002,6313/76958,LibriSpeech_6313,LibriSpeech_6313,1,39.32556717759406,maximum_decision_score
3,2044,6313-76958-0003,6313/76958,LibriSpeech_6313,LibriSpeech_6313,1,39.32826657145968,maximum_decision_score
1,2045,6313-76958-0004,6313/76958,LibriSpeech_6313,LibriSpeech_6313,1,39.328117460906654,maximum_decision_score
4,2046,6313-76958-0005,6313/76958,LibriSpeech_6313,LibriSpeech_6313,1,39.32794486438704,maximum_decision_score
2,2047,6313-76958-0006,6313/76958,LibriSpeech_6313,LibriSpeech_6313,1,39.32755323612054,maximum_decision_score
4,2048,6313-76958-0007,6313/76958,LibriSpeech_6313,LibriSpeech_6313,1,39.326886500421644,maximum_decision_score
3,2049,6313-76958-0008,6313/76958,LibriSpeech_6313,LibriSpeech_6313,1,39.327645862515396,maximum_decision_score
2,2050,6313-76958-0009,6313/76958,LibriSpeech_6313,LibriSpeech_6313,1,39.32763387161445,maximum_decision_score
4,2051,6313-76958-0010,6313/76958,LibriSpeech_6313,LibriSpeech_6313,1,39.3281953428401,maximum_decision_score
4,2052,6313-76958-0011,6313/76958,LibriSpeech_6313,LibriSpeech_6313,1,39.32836095471311,maximum_decision_score
4,2053,6313-76958-0012,6313/76958,LibriSpeech_6313,LibriSpeech_6313,1,39.32793509994289,maximum_decision_score
4,2054,6313-76958-0013,6313/76958,LibriSpeech_6313,LibriSpeech_6313,1,39.327689341814114,maximum_decision_score
5,2055,6313-76958-0014,6313/76958,LibriSpeech_6313,LibriSpeech_6313,1,39.328017219098946,maximum_decision_score
5,2056,6313-76958-0015,6313/76958,LibriSpeech_6313,LibriSpeech_6313,1,39.325347995928524,maximum_decision_score
3,2057,6313-76958-0016,6313/76958,LibriSpeech_6313,LibriSpeech_6313,1,39.32738664407869,maximum_decision_score
3,2058,6313-76958-0017,6313/76958,LibriSpeech_6313,LibriSpeech_6313,1,39.32531415997678,maximum_decision_score
2,2059,6313-76958-0018,6313/76958,LibriSpeech_6313,LibriSpeech_6313,1,39.32690101630672,maximum_decision_score
5,2060,6313-76958-0019,6313/76958,LibriSpeech_6313,LibriSpeech_6313,1,39.32841272493833,maximum_decision_score
2,2061,6313-76958-0020,6313/76958,LibriSpeech_6313,LibriSpeech_6313,1,39.32876377503205,maximum_decision_score
3,2062,6313-76958-0021,6313/76958,LibriSpeech_6313,LibriSpeech_6313,1,39.3277438408908,maximum_decision_score
5,2063,6313-76958-0022,6313/76958,LibriSpeech_6313,LibriSpeech_6313,1,39.32576343727765,maximum_decision_score
3,2064,6313-76958-0023,6313/76958,LibriSpeech_6313,LibriSpeech_6313,1,39.3249463418418,maximum_decision_score
4,2065,6313-76958-0024,6313/76958,LibriSpeech_6313,LibriSpeech_6313,1,39.32853309149985,maximum_decision_score
5,2066,6313-76958-0025,6313/76958,LibriSpeech_6313,LibriSpeech_6313,1,39.328791591375236,maximum_decision_score
4,2067,6313-76958-0026,6313/76958,LibriSpeech_6313,LibriSpeech_6313,1,39.32867471127532,maximum_decision_score
1,2068,6313-76958-0027,6313/76958,LibriSpeech_6313,LibriSpeech_6313,1,39.32885183130131,maximum_decision_score
1,2069,6313-76958-0028,6313/76958,LibriSpeech_6313,LibriSpeech_6313,1,39.328087163655,maximum_decision_score
4,2070,6313-76958-0029,6313/76958,LibriSpeech_6313,LibriSpeech_6313,1,39.32755507926093,maximum_decision_score
3,2071,6313-76958-0030,6313/76958,LibriSpeech_6313,LibriSpeech_6313,1,39.32621253743799,maximum_decision_score
5,2072,6313-76958-0031,6313/76958,LibriSpeech_6313,LibriSpeech_6313,1,39.326806873269355,maximum_decision_score
2,2073,6319-275224-0000,6319/275224,LibriSpeech_6319,LibriSpeech_6319,1,39.326968687875485,maximum_decision_score
5,2074,6319-275224-0001,6319/275224,LibriSpeech_6319,LibriSpeech_6319,1,39.32678224828431,maximum_decision_score
1,2075,6319-275224-0002,6319/275224,LibriSpeech_6319,LibriSpeech_6319,1,39.32522871973152,maximum_decision_score
2,2076,6319-275224-0003,6319/275224,LibriSpeech_6319,LibriSpeech_6319,1,39.32763431343923,maximum_decision_score
4,2077,6319-275224-0004,6319/275224,LibriSpeech_6319,LibriSpeech_6319,1,39.32589250494375,maximum_decision_score
1,2078,6319-275224-0005,6319/275224,LibriSpeech_6319,LibriSpeech_6319,1,39.32697695058013,maximum_decision_score
1,2079,6319-275224-0006,6319/275224,LibriSpeech_6319,LibriSpeech_6319,1,39.32673821805378,maximum_decision_score
5,2080,6319-275224-0007,6319/275224,LibriSpeech_6319,LibriSpeech_6313,0,39.3256199825198,maximum_decision_score
2,2081,6319-275224-0008,6319/275224,LibriSpeech_6319,LibriSpeech_6319,1,39.32686548205538,maximum_decision_score
1,2082,6319-275224-0009,6319/275224,LibriSpeech_6319,LibriSpeech_6319,1,39.326333034357035,maximum_decision_score
3,2083,6319-275224-0010,6319/275224,LibriSpeech_6319,LibriSpeech_6319,1,39.325771670763594,maximum_decision_score
5,2084,6319-275224-0011,6319/275224,LibriSpeech_6319,LibriSpeech_6319,1,39.326615223571075,maximum_decision_score
3,2085,6319-275224-0012,6319/275224,LibriSpeech_6319,LibriSpeech_6319,1,39.32799246959799,maximum_decision_score
1,2086,6319-275224-0013,6319/275224,LibriSpeech_6319,LibriSpeech_6319,1,39.32573748807643,maximum_decision_score
3,2087,6319-275224-0014,6319/275224,LibriSpeech_6319,LibriSpeech_6319,1,39.32614154573381,maximum_decision_score
1,2088,6319-275224-0015,6319/275224,LibriSpeech_6319,LibriSpeech_6319,1,39.32683438656347,maximum_decision_score
3,2089,6319-275224-0016,6319/275224,LibriSpeech_6319,LibriSpeech_6319,1,39.32475802602836,maximum_decision_score
1,2090,6319-275224-0017,6319/275224,LibriSpeech_6319,LibriSpeech_6319,1,39.327671985337176,maximum_decision_score
1,2091,6319-275224-0018,6319/275224,LibriSpeech_6319,LibriSpeech_6319,1,39.326796672781775,maximum_decision_score
2,2092,6319-275224-0019,6319/275224,LibriSpeech_6319,LibriSpeech_6319,1,39.32666804174821,maximum_decision_score
3,2093,6319-275224-0020,6319/275224,LibriSpeech_6319,LibriSpeech_6319,1,39.32624308905974,maximum_decision_score
4,2094,6319-57405-0000,6319/57405,LibriSpeech_6319,LibriSpeech_6319,1,39.32688600385697,maximum_decision_score
3,2095,6319-57405-0001,6319/57405,LibriSpeech_6319,LibriSpeech_6319,1,39.32685409692831,maximum_decision_score
3,2096,6319-57405-0002,6319/57405,LibriSpeech_6319,LibriSpeech_6319,1,39.32628035232695,maximum_decision_score
1,2097,6319-57405-0003,6319/57405,LibriSpeech_6319,LibriSpeech_6319,1,39.32741965982939,maximum_decision_score
1,2098,6319-57405-0004,6319/57405,LibriSpeech_6319,LibriSpeech_6319,1,39.32724670864412,maximum_decision_score
1,2099,6319-57405-0005,6319/57405,LibriSpeech_6319,LibriSpeech_6319,1,39.326847436130535,maximum_decision_score
4,2100,6319-57405-0006,6319/57405,LibriSpeech_6319,LibriSpeech_6319,1,39.32774496609898,maximum_decision_score
4,2101,6319-57405-0007,6319/57405,LibriSpeech_6319,LibriSpeech_6319,1,39.32694107152753,maximum_decision_score
4,2102,6319-57405-0008,6319/57405,LibriSpeech_6319,LibriSpeech_6319,1,39.325996390912806,maximum_decision_score
2,2103,6319-57405-0009,6319/57405,LibriSpeech_6319,LibriSpeech_6319,1,39.32656585384613,maximum_decision_score
5,2104,6319-57405-0010,6319/57405,LibriSpeech_6319,LibriSpeech_6319,1,39.32794338020073,maximum_decision_score
5,2105,6319-57405-0011,6319/57405,LibriSpeech_6319,LibriSpeech_6319,1,39.32766564437121,maximum_decision_score
4,2106,6319-57405-0012,6319/57405,LibriSpeech_6319,LibriSpeech_6319,1,39.327356539143636,maximum_decision_score
5,2107,6319-64726-0000,6319/64726,LibriSpeech_6319,LibriSpeech_6319,1,39.32668052331554,maximum_decision_score
5,2108,6319-64726-0001,6319/64726,LibriSpeech_6319,LibriSpeech_6319,1,39.32700128863633,maximum_decision_score
4,2109,6319-64726-0002,6319/64726,LibriSpeech_6319,LibriSpeech_6319,1,39.32706410151288,maximum_decision_score
4,2110,6319-64726-0003,6319/64726,LibriSpeech_6319,LibriSpeech_6319,1,39.32786443355223,maximum_decision_score
4,2111,6319-64726-0004,6319/64726,LibriSpeech_6319,LibriSpeech_6319,1,39.32744282051517,maximum_decision_score
3,2112,6319-64726-0005,6319/64726,LibriSpeech_6319,LibriSpeech_6319,1,39.32718738664427,maximum_decision_score
2,2113,6319-64726-0006,6319/64726,LibriSpeech_6319,LibriSpeech_6319,1,39.326639366999544,maximum_decision_score
5,2114,6319-64726-0007,6319/64726,LibriSpeech_6319,LibriSpeech_6319,1,39.327122205514655,maximum_decision_score
4,2115,6319-64726-0008,6319/64726,LibriSpeech_6319,LibriSpeech_6319,1,39.32791493232872,maximum_decision_score
3,2116,6319-64726-0009,6319/64726,LibriSpeech_6319,LibriSpeech_6319,1,39.32768342065915,maximum_decision_score
5,2117,6319-64726-0010,6319/64726,LibriSpeech_6319,LibriSpeech_6319,1,39.3269416820814,maximum_decision_score
2,2118,6319-64726-0011,6319/64726,LibriSpeech_6319,LibriSpeech_6319,1,39.327134237776825,maximum_decision_score
2,2119,6319-64726-0012,6319/64726,LibriSpeech_6319,LibriSpeech_6319,1,39.32725941258477,maximum_decision_score
2,2120,6319-64726-0013,6319/64726,LibriSpeech_6319,LibriSpeech_6319,1,39.32717177340972,maximum_decision_score
2,2121,6319-64726-0014,6319/64726,LibriSpeech_6319,LibriSpeech_6319,1,39.32764714945829,maximum_decision_score
5,2122,6319-64726-0015,6319/64726,LibriSpeech_6319,LibriSpeech_6319,1,39.32541129981725,maximum_decision_score
3,2123,6319-64726-0016,6319/64726,LibriSpeech_6319,LibriSpeech_6319,1,39.3272145444257,maximum_decision_score
3,2124,6319-64726-0017,6319/64726,LibriSpeech_6319,LibriSpeech_6319,1,39.32702354933278,maximum_decision_score
5,2125,6319-64726-0018,6319/64726,LibriSpeech_6319,LibriSpeech_6319,1,39.32710967591352,maximum_decision_score
4,2126,6319-64726-0019,6319/64726,LibriSpeech_6319,LibriSpeech_6319,1,39.3274034703081,maximum_decision_score
2,2127,6319-64726-0020,6319/64726,LibriSpeech_6319,LibriSpeech_1919,0,39.3267852189264,maximum_decision_score
4,2128,6345-64257-0000,6345/64257,LibriSpeech_6345,LibriSpeech_6345,1,39.32714795364531,maximum_decision_score
5,2129,6345-64257-0001,6345/64257,LibriSpeech_6345,LibriSpeech_6345,1,39.327397105342264,maximum_decision_score
1,2130,6345-64257-0002,6345/64257,LibriSpeech_6345,LibriSpeech_6345,1,39.32822793330262,maximum_decision_score
1,2131,6345-64257-0003,6345/64257,LibriSpeech_6345,LibriSpeech_6345,1,39.32700826137666,maximum_decision_score
1,2132,6345-64257-0004,6345/64257,LibriSpeech_6345,LibriSpeech_6345,1,39.327685484737664,maximum_decision_score
3,2133,6345-64257-0005,6345/64257,LibriSpeech_6345,LibriSpeech_6345,1,39.32754619778055,maximum_decision_score
2,2134,6345-64257-0006,6345/64257,LibriSpeech_6345,LibriSpeech_6345,1,39.326857451415435,maximum_decision_score
2,2135,6345-64257-0007,6345/64257,LibriSpeech_6345,LibriSpeech_6345,1,39.32723961954841,maximum_decision_score
2,2136,6345-64257-0008,6345/64257,LibriSpeech_6345,LibriSpeech_6345,1,39.326454326351296,maximum_decision_score
2,2137,6345-64257-0009,6345/64257,LibriSpeech_6345,LibriSpeech_6345,1,39.32784336073305,maximum_decision_score
1,2138,6345-64257-0010,6345/64257,LibriSpeech_6345,LibriSpeech_6345,1,39.32785837601479,maximum_decision_score
5,2139,6345-64257-0011,6345/64257,LibriSpeech_6345,LibriSpeech_6345,1,39.32677285605928,maximum_decision_score
2,2140,6345-64257-0012,6345/64257,LibriSpeech_6345,LibriSpeech_6345,1,39.32587157926572,maximum_decision_score
4,2141,6345-64257-0013,6345/64257,LibriSpeech_6345,LibriSpeech_6345,1,39.32705791269658,maximum_decision_score
2,2142,6345-64257-0014,6345/64257,LibriSpeech_6345,LibriSpeech_3536,0,39.32530768742789,maximum_decision_score
5,2143,6345-64257-0015,6345/64257,LibriSpeech_6345,LibriSpeech_6345,1,39.32607023475435,maximum_decision_score
1,2144,6345-64257-0016,6345/64257,LibriSpeech_6345,LibriSpeech_6345,1,39.327695151338766,maximum_decision_score
4,2145,6345-64257-0017,6345/64257,LibriSpeech_6345,LibriSpeech_6345,1,39.32723341458536,maximum_decision_score
5,2146,6345-64257-0018,6345/64257,LibriSpeech_6345,LibriSpeech_6345,1,39.326854881472876,maximum_decision_score
1,2147,6345-64257-0019,6345/64257,LibriSpeech_6345,LibriSpeech_6345,1,39.327280151744745,maximum_decision_score
2,2148,6345-64257-0020,6345/64257,LibriSpeech_6345,LibriSpeech_6345,1,39.32580049658133,maximum_decision_score
4,2149,6345-93302-0000,6345/93302,LibriSpeech_6345,LibriSpeech_6345,1,39.32663818281396,maximum_decision_score
5,2150,6345-93302-0001,6345/93302,LibriSpeech_6345,LibriSpeech_6345,1,39.324612872968736,maximum_decision_score
1,2151,6345-93302-0002,6345/93302,LibriSpeech_6345,LibriSpeech_6345,1,39.32542164936311,maximum_decision_score
3,2152,6345-93302-0003,6345/93302,LibriSpeech_6345,LibriSpeech_6345,1,39.32657693015299,maximum_decision_score
3,2153,6345-93302-0004,6345/93302,LibriSpeech_6345,LibriSpeech_6345,1,39.32755845677236,maximum_decision_score
2,2154,6345-93302-0005,6345/93302,LibriSpeech_6345,LibriSpeech_6345,1,39.32623419953124,maximum_decision_score
2,2155,6345-93302-0006,6345/93302,LibriSpeech_6345,LibriSpeech_6345,1,39.325932441840514,maximum_decision_score
3,2156,6345-93302-0007,6345/93302,LibriSpeech_6345,LibriSpeech_6345,1,39.32745714896675,maximum_decision_score
1,2157,6345-93302-0008,6345/93302,LibriSpeech_6345,LibriSpeech_6345,1,39.32669486891269,maximum_decision_score
4,2158,6345-93302-0009,6345/93302,LibriSpeech_6345,LibriSpeech_6345,1,39.327260902778,maximum_decision_score
4,2159,6345-93302-0010,6345/93302,LibriSpeech_6345,LibriSpeech_6345,1,39.32727700388796,maximum_decision_score
1,2160,6345-93302-0011,6345/93302,LibriSpeech_6345,LibriSpeech_6345,1,39.32670119544314,maximum_decision_score
1,2161,6345-93302-0012,6345/93302,LibriSpeech_6345,LibriSpeech_6345,1,39.32783471123796,maximum_decision_score
3,2162,6345-93302-0013,6345/93302,LibriSpeech_6345,LibriSpeech_6345,1,39.32587259139068,maximum_decision_score
3,2163,6345-93302-0014,6345/93302,LibriSpeech_6345,LibriSpeech_6345,1,39.32522049665474,maximum_decision_score
3,2164,6345-93302-0015,6345/93302,LibriSpeech_6345,LibriSpeech_6345,1,39.32673300802726,maximum_decision_score
4,2165,6345-93302-0016,6345/93302,LibriSpeech_6345,LibriSpeech_6345,1,39.32654330650594,maximum_decision_score
4,2166,6345-93302-0017,6345/93302,LibriSpeech_6345,LibriSpeech_6345,1,39.32426339221477,maximum_decision_score
4,2167,6345-93302-0018,6345/93302,LibriSpeech_6345,LibriSpeech_6345,1,39.325924806935134,maximum_decision_score
5,2168,6345-93302-0019,6345/93302,LibriSpeech_6345,LibriSpeech_6345,1,39.327395127991124,maximum_decision_score
4,2169,6345-93302-0020,6345/93302,LibriSpeech_6345,LibriSpeech_6345,1,39.326745341461155,maximum_decision_score
2,2170,6345-93302-0021,6345/93302,LibriSpeech_6345,LibriSpeech_6345,1,39.324817967228995,maximum_decision_score
5,2171,6345-93302-0022,6345/93302,LibriSpeech_6345,LibriSpeech_6345,1,39.3262908669641,maximum_decision_score
5,2172,6345-93302-0023,6345/93302,LibriSpeech_6345,LibriSpeech_6345,1,39.32732890833832,maximum_decision_score
4,2173,6345-93302-0024,6345/93302,LibriSpeech_6345,LibriSpeech_6345,1,39.32490938332954,maximum_decision_score
3,2174,6345-93302-0025,6345/93302,LibriSpeech_6345,LibriSpeech_6345,1,39.325829484499515,maximum_decision_score
5,2175,6345-93302-0026,6345/93302,LibriSpeech_6345,LibriSpeech_6345,1,39.326547342258365,maximum_decision_score
3,2176,6345-93302-0027,6345/93302,LibriSpeech_6345,LibriSpeech_6345,1,39.326665371496254,maximum_decision_score
5,2177,6345-93302-0028,6345/93302,LibriSpeech_6345,LibriSpeech_6345,1,39.328532930528766,maximum_decision_score
2,2178,6345-93302-0029,6345/93302,LibriSpeech_6345,LibriSpeech_6345,1,39.32760265487254,maximum_decision_score
5,2179,6345-93306-0000,6345/93306,LibriSpeech_6345,LibriSpeech_6345,1,39.32726453526902,maximum_decision_score
5,2180,6345-93306-0001,6345/93306,LibriSpeech_6345,LibriSpeech_6345,1,39.32691109785561,maximum_decision_score
4,2181,6345-93306-0002,6345/93306,LibriSpeech_6345,LibriSpeech_6345,1,39.324955791945776,maximum_decision_score
5,2182,6345-93306-0003,6345/93306,LibriSpeech_6345,LibriSpeech_6345,1,39.32753402192893,maximum_decision_score
2,2183,6345-93306-0004,6345/93306,LibriSpeech_6345,LibriSpeech_6345,1,39.32685537786935,maximum_decision_score
1,2184,6345-93306-0005,6345/93306,LibriSpeech_6345,LibriSpeech_6345,1,39.328010232574876,maximum_decision_score
1,2185,6345-93306-0006,6345/93306,LibriSpeech_6345,LibriSpeech_6345,1,39.32742308096896,maximum_decision_score
3,2186,6345-93306-0007,6345/93306,LibriSpeech_6345,LibriSpeech_6345,1,39.32785103494919,maximum_decision_score
5,2187,6345-93306-0008,6345/93306,LibriSpeech_6345,LibriSpeech_6345,1,39.32763561320555,maximum_decision_score
4,2188,6345-93306-0009,6345/93306,LibriSpeech_6345,LibriSpeech_6345,1,39.32829356738568,maximum_decision_score
3,2189,6345-93306-0010,6345/93306,LibriSpeech_6345,LibriSpeech_6345,1,39.32769060243779,maximum_decision_score
2,2190,6345-93306-0011,6345/93306,LibriSpeech_6345,LibriSpeech_6345,1,39.32584927473954,maximum_decision_score
3,2191,6345-93306-0012,6345/93306,LibriSpeech_6345,LibriSpeech_3536,0,39.32798997580473,maximum_decision_score
2,2192,6345-93306-0013,6345/93306,LibriSpeech_6345,LibriSpeech_6345,1,39.32758186901541,maximum_decision_score
5,2193,6345-93306-0014,6345/93306,LibriSpeech_6345,LibriSpeech_6345,1,39.3272673279541,maximum_decision_score
3,2194,6345-93306-0015,6345/93306,LibriSpeech_6345,LibriSpeech_6345,1,39.32688512557205,maximum_decision_score
2,2195,6345-93306-0016,6345/93306,LibriSpeech_6345,LibriSpeech_6345,1,39.32780032809361,maximum_decision_score
4,2196,6345-93306-0017,6345/93306,LibriSpeech_6345,LibriSpeech_6345,1,39.32635293193548,maximum_decision_score
1,2197,6345-93306-0018,6345/93306,LibriSpeech_6345,LibriSpeech_6345,1,39.32538064060275,maximum_decision_score
4,2198,6345-93306-0019,6345/93306,LibriSpeech_6345,LibriSpeech_6345,1,39.32602282685471,maximum_decision_score
4,2199,6345-93306-0020,6345/93306,LibriSpeech_6345,LibriSpeech_6345,1,39.32650752038461,maximum_decision_score
3,2200,6345-93306-0021,6345/93306,LibriSpeech_6345,LibriSpeech_6345,1,39.327711271471344,maximum_decision_score
3,2201,6345-93306-0022,6345/93306,LibriSpeech_6345,LibriSpeech_6345,1,39.32717602943883,maximum_decision_score
1,2202,6345-93306-0023,6345/93306,LibriSpeech_6345,LibriSpeech_6345,1,39.32661502992348,maximum_decision_score
1,2203,6345-93306-0024,6345/93306,LibriSpeech_6345,LibriSpeech_6345,1,39.327528076279975,maximum_decision_score
3,2204,6345-93306-0025,6345/93306,LibriSpeech_6345,LibriSpeech_6345,1,39.32697804880069,maximum_decision_score
1,2205,652-129742-0000,652/129742,LibriSpeech_652,LibriSpeech_652,1,39.32639438932015,maximum_decision_score
1,2206,652-129742-0001,652/129742,LibriSpeech_652,LibriSpeech_652,1,39.32642397729024,maximum_decision_score
3,2207,652-129742-0002,652/129742,LibriSpeech_652,LibriSpeech_652,1,39.32585014484507,maximum_decision_score
4,2208,652-129742-0003,652/129742,LibriSpeech_652,LibriSpeech_652,1,39.32641329381592,maximum_decision_score
4,2209,652-129742-0004,652/129742,LibriSpeech_652,LibriSpeech_652,1,39.32611860848555,maximum_decision_score
4,2210,652-129742-0005,652/129742,LibriSpeech_652,LibriSpeech_652,1,39.32582832700734,maximum_decision_score
4,2211,652-129742-0006,652/129742,LibriSpeech_652,LibriSpeech_652,1,39.326130299943024,maximum_decision_score
3,2212,652-129742-0007,652/129742,LibriSpeech_652,LibriSpeech_652,1,39.32617124406321,maximum_decision_score
3,2213,652-129742-0008,652/129742,LibriSpeech_652,LibriSpeech_652,1,39.32493084235897,maximum_decision_score
5,2214,652-129742-0009,652/129742,LibriSpeech_652,LibriSpeech_652,1,39.32595390211901,maximum_decision_score
5,2215,652-129742-0010,652/129742,LibriSpeech_652,LibriSpeech_652,1,39.32675506417475,maximum_decision_score
5,2216,652-129742-0011,652/129742,LibriSpeech_652,LibriSpeech_652,1,39.32671452347742,maximum_decision_score
2,2217,652-129742-0012,652/129742,LibriSpeech_652,LibriSpeech_652,1,39.326206915805614,maximum_decision_score
1,2218,652-129742-0013,652/129742,LibriSpeech_652,LibriSpeech_652,1,39.32589806100396,maximum_decision_score
5,2219,652-129742-0014,652/129742,LibriSpeech_652,LibriSpeech_652,1,39.32595580970182,maximum_decision_score
5,2220,652-129742-0015,652/129742,LibriSpeech_652,LibriSpeech_652,1,39.32496498522731,maximum_decision_score
3,2221,652-129742-0016,652/129742,LibriSpeech_652,LibriSpeech_652,1,39.32617791474719,maximum_decision_score
4,2222,652-129742-0017,652/129742,LibriSpeech_652,LibriSpeech_652,1,39.326588309253054,maximum_decision_score
4,2223,652-129742-0018,652/129742,LibriSpeech_652,LibriSpeech_652,1,39.32595006272846,maximum_decision_score
2,2224,652-129742-0019,652/129742,LibriSpeech_652,LibriSpeech_652,1,39.32667588471801,maximum_decision_score
5,2225,652-129742-0020,652/129742,LibriSpeech_652,LibriSpeech_652,1,39.32561489248354,maximum_decision_score
3,2226,652-130726-0000,652/130726,LibriSpeech_652,LibriSpeech_652,1,39.32648305389406,maximum_decision_score
5,2227,652-130726-0001,652/130726,LibriSpeech_652,LibriSpeech_652,1,39.32651266701295,maximum_decision_score
5,2228,652-130726-0002,652/130726,LibriSpeech_652,LibriSpeech_652,1,39.326347658290395,maximum_decision_score
2,2229,652-130726-0003,652/130726,LibriSpeech_652,LibriSpeech_652,1,39.32616722790373,maximum_decision_score
4,2230,652-130726-0004,652/130726,LibriSpeech_652,LibriSpeech_652,1,39.32579032881477,maximum_decision_score
1,2231,652-130726-0005,652/130726,LibriSpeech_652,LibriSpeech_652,1,39.326007118433786,maximum_decision_score
2,2232,652-130726-0006,652/130726,LibriSpeech_652,LibriSpeech_652,1,39.326374265652206,maximum_decision_score
5,2233,652-130726-0007,652/130726,LibriSpeech_652,LibriSpeech_652,1,39.32639236511115,maximum_decision_score
5,2234,652-130726-0008,652/130726,LibriSpeech_652,LibriSpeech_652,1,39.325950013176985,maximum_decision_score
5,2235,652-130726-0009,652/130726,LibriSpeech_652,LibriSpeech_652,1,39.32629460297993,maximum_decision_score
1,2236,652-130726-0010,652/130726,LibriSpeech_652,LibriSpeech_652,1,39.326192269532335,maximum_decision_score
3,2237,652-130726-0011,652/130726,LibriSpeech_652,LibriSpeech_652,1,39.326214276165146,maximum_decision_score
1,2238,652-130726-0012,652/130726,LibriSpeech_652,LibriSpeech_652,1,39.326072714342516,maximum_decision_score
4,2239,652-130726-0013,652/130726,LibriSpeech_652,LibriSpeech_652,1,39.32578065080243,maximum_decision_score
2,2240,652-130726-0014,652/130726,LibriSpeech_652,LibriSpeech_652,1,39.326232239486046,maximum_decision_score
5,2241,652-130726-0015,652/130726,LibriSpeech_652,LibriSpeech_652,1,39.32625648580933,maximum_decision_score
3,2242,652-130726-0016,652/130726,LibriSpeech_652,LibriSpeech_652,1,39.325660517216825,maximum_decision_score
2,2243,652-130726-0017,652/130726,LibriSpeech_652,LibriSpeech_652,1,39.326298296043056,maximum_decision_score
1,2244,652-130726-0018,652/130726,LibriSpeech_652,LibriSpeech_652,1,39.32683207920579,maximum_decision_score
2,2245,652-130726-0019,652/130726,LibriSpeech_652,LibriSpeech_652,1,39.3266468770978,maximum_decision_score
4,2246,652-130726-0020,652/130726,LibriSpeech_652,LibriSpeech_652,1,39.32560227041161,maximum_decision_score
1,2247,652-130726-0021,652/130726,LibriSpeech_652,LibriSpeech_652,1,39.32574439341882,maximum_decision_score
3,2248,652-130726-0022,652/130726,LibriSpeech_652,LibriSpeech_652,1,39.326460271117035,maximum_decision_score
3,2249,652-130726-0023,652/130726,LibriSpeech_652,LibriSpeech_652,1,39.326075712082435,maximum_decision_score
3,2250,652-130726-0024,652/130726,LibriSpeech_652,LibriSpeech_652,1,39.32621816439555,maximum_decision_score
1,2251,652-130726-0025,652/130726,LibriSpeech_652,LibriSpeech_652,1,39.32677878346896,maximum_decision_score
2,2252,652-130726-0026,652/130726,LibriSpeech_652,LibriSpeech_652,1,39.326304617638655,maximum_decision_score
1,2253,652-130726-0027,652/130726,LibriSpeech_652,LibriSpeech_652,1,39.325783309578185,maximum_decision_score
4,2254,652-130726-0028,652/130726,LibriSpeech_652,LibriSpeech_652,1,39.32539356931568,maximum_decision_score
2,2255,652-130726-0029,652/130726,LibriSpeech_652,LibriSpeech_652,1,39.32623277740658,maximum_decision_score
1,2256,652-130726-0030,652/130726,LibriSpeech_652,LibriSpeech_652,1,39.32655587666142,maximum_decision_score
3,2257,652-130726-0031,652/130726,LibriSpeech_652,LibriSpeech_652,1,39.325081061953995,maximum_decision_score
2,2258,652-130726-0032,652/130726,LibriSpeech_652,LibriSpeech_652,1,39.32651538747117,maximum_decision_score
3,2259,652-130726-0033,652/130726,LibriSpeech_652,LibriSpeech_652,1,39.325976932947206,maximum_decision_score
2,2260,652-130726-0034,652/130726,LibriSpeech_652,LibriSpeech_652,1,39.32585598385204,maximum_decision_score
4,2261,652-130726-0035,652/130726,LibriSpeech_652,LibriSpeech_652,1,39.32560277122091,maximum_decision_score
1,2262,652-130737-0000,652/130737,LibriSpeech_652,LibriSpeech_652,1,39.32623328787056,maximum_decision_score
4,2263,652-130737-0001,652/130737,LibriSpeech_652,LibriSpeech_652,1,39.32634634849414,maximum_decision_score
4,2264,652-130737-0002,652/130737,LibriSpeech_652,LibriSpeech_652,1,39.326362728242046,maximum_decision_score
2,2265,652-130737-0003,652/130737,LibriSpeech_652,LibriSpeech_652,1,39.326468676660944,maximum_decision_score
2,2266,652-130737-0004,652/130737,LibriSpeech_652,LibriSpeech_652,1,39.32633518406574,maximum_decision_score
2,2267,652-130737-0005,652/130737,LibriSpeech_652,LibriSpeech_652,1,39.32621231535138,maximum_decision_score
4,2268,652-130737-0006,652/130737,LibriSpeech_652,LibriSpeech_652,1,39.3256938317624,maximum_decision_score
1,2269,652-130737-0007,652/130737,LibriSpeech_652,LibriSpeech_652,1,39.326852841655445,maximum_decision_score
5,2270,652-130737-0008,652/130737,LibriSpeech_652,LibriSpeech_652,1,39.32660504870011,maximum_decision_score
4,2271,652-130737-0009,652/130737,LibriSpeech_652,LibriSpeech_652,1,39.32329100869319,maximum_decision_score
3,2272,652-130737-0010,652/130737,LibriSpeech_652,LibriSpeech_652,1,39.326187552437624,maximum_decision_score
3,2273,652-130737-0011,652/130737,LibriSpeech_652,LibriSpeech_652,1,39.32544441244513,maximum_decision_score
5,2274,652-130737-0012,652/130737,LibriSpeech_652,LibriSpeech_652,1,39.32407799379498,maximum_decision_score
1,2275,652-130737-0013,652/130737,LibriSpeech_652,LibriSpeech_652,1,39.327015322509666,maximum_decision_score
4,2276,777-126732-0000,777/126732,LibriSpeech_777,LibriSpeech_777,1,39.32612334722805,maximum_decision_score
4,2277,777-126732-0001,777/126732,LibriSpeech_777,LibriSpeech_777,1,39.326547380832885,maximum_decision_score
1,2278,777-126732-0002,777/126732,LibriSpeech_777,LibriSpeech_777,1,39.326601724909565,maximum_decision_score
5,2279,777-126732-0003,777/126732,LibriSpeech_777,LibriSpeech_777,1,39.32723836673728,maximum_decision_score
4,2280,777-126732-0004,777/126732,LibriSpeech_777,LibriSpeech_777,1,39.327137457046504,maximum_decision_score
1,2281,777-126732-0005,777/126732,LibriSpeech_777,LibriSpeech_777,1,39.327478298149416,maximum_decision_score
5,2282,777-126732-0006,777/126732,LibriSpeech_777,LibriSpeech_777,1,39.32717730763648,maximum_decision_score
1,2283,777-126732-0007,777/126732,LibriSpeech_777,LibriSpeech_777,1,39.32662791485748,maximum_decision_score
4,2284,777-126732-0008,777/126732,LibriSpeech_777,LibriSpeech_777,1,39.326923277852515,maximum_decision_score
1,2285,777-126732-0009,777/126732,LibriSpeech_777,LibriSpeech_777,1,39.32663593109288,maximum_decision_score
3,2286,777-126732-0010,777/126732,LibriSpeech_777,LibriSpeech_777,1,39.325106408642775,maximum_decision_score
4,2287,777-126732-0011,777/126732,LibriSpeech_777,LibriSpeech_777,1,39.32654566526043,maximum_decision_score
4,2288,777-126732-0012,777/126732,LibriSpeech_777,LibriSpeech_777,1,39.326605071873765,maximum_decision_score
4,2289,777-126732-0013,777/126732,LibriSpeech_777,LibriSpeech_777,1,39.32716338583897,maximum_decision_score
5,2290,777-126732-0014,777/126732,LibriSpeech_777,LibriSpeech_777,1,39.32605097949918,maximum_decision_score
3,2291,777-126732-0015,777/126732,LibriSpeech_777,LibriSpeech_777,1,39.326666844183116,maximum_decision_score
5,2292,777-126732-0016,777/126732,LibriSpeech_777,LibriSpeech_777,1,39.326787872599475,maximum_decision_score
4,2293,777-126732-0017,777/126732,LibriSpeech_777,LibriSpeech_777,1,39.3244369747218,maximum_decision_score
5,2294,777-126732-0018,777/126732,LibriSpeech_777,LibriSpeech_777,1,39.325347815090964,maximum_decision_score
2,2295,777-126732-0019,777/126732,LibriSpeech_777,LibriSpeech_777,1,39.32595639745593,maximum_decision_score
3,2296,777-126732-0020,777/126732,LibriSpeech_777,LibriSpeech_8297,0,39.32428974416221,maximum_decision_score
5,2297,777-126732-0021,777/126732,LibriSpeech_777,LibriSpeech_777,1,39.32739171840682,maximum_decision_score
2,2298,777-126732-0022,777/126732,LibriSpeech_777,LibriSpeech_777,1,39.32713955584711,maximum_decision_score
5,2299,777-126732-0023,777/126732,LibriSpeech_777,LibriSpeech_777,1,39.326775912316954,maximum_decision_score
4,2300,777-126732-0024,777/126732,LibriSpeech_777,LibriSpeech_777,1,39.32728897994261,maximum_decision_score
2,2301,777-126732-0025,777/126732,LibriSpeech_777,LibriSpeech_777,1,39.32665005185709,maximum_decision_score
3,2302,777-126732-0026,777/126732,LibriSpeech_777,LibriSpeech_777,1,39.32686881077621,maximum_decision_score
2,2303,777-126732-0027,777/126732,LibriSpeech_777,LibriSpeech_777,1,39.32774786868514,maximum_decision_score
4,2304,777-126732-0028,777/126732,LibriSpeech_777,LibriSpeech_777,1,39.32725326019264,maximum_decision_score
5,2305,777-126732-0029,777/126732,LibriSpeech_777,LibriSpeech_777,1,39.3271421448283,maximum_decision_score
1,2306,777-126732-0030,777/126732,LibriSpeech_777,LibriSpeech_777,1,39.32672109858278,maximum_decision_score
1,2307,777-126732-0031,777/126732,LibriSpeech_777,LibriSpeech_777,1,39.32633878807161,maximum_decision_score
3,2308,777-126732-0032,777/126732,LibriSpeech_777,LibriSpeech_777,1,39.327397007302,maximum_decision_score
1,2309,777-126732-0033,777/126732,LibriSpeech_777,LibriSpeech_777,1,39.32722180374924,maximum_decision_score
4,2310,777-126732-0034,777/126732,LibriSpeech_777,LibriSpeech_777,1,39.32604499130784,maximum_decision_score
4,2311,777-126732-0035,777/126732,LibriSpeech_777,LibriSpeech_777,1,39.327432950279565,maximum_decision_score
1,2312,777-126732-0036,777/126732,LibriSpeech_777,LibriSpeech_777,1,39.32701785589787,maximum_decision_score
3,2313,777-126732-0037,777/126732,LibriSpeech_777,LibriSpeech_777,1,39.3277218046594,maximum_decision_score
5,2314,777-126732-0038,777/126732,LibriSpeech_777,LibriSpeech_777,1,39.32733983409886,maximum_decision_score
2,2315,777-126732-0039,777/126732,LibriSpeech_777,LibriSpeech_777,1,39.327003479247345,maximum_decision_score
3,2316,777-126732-0040,777/126732,LibriSpeech_777,LibriSpeech_777,1,39.3267113557892,maximum_decision_score
2,2317,777-126732-0041,777/126732,LibriSpeech_777,LibriSpeech_777,1,39.32658864130779,maximum_decision_score
2,2318,777-126732-0042,777/126732,LibriSpeech_777,LibriSpeech_777,1,39.32672037104473,maximum_decision_score
3,2319,777-126732-0043,777/126732,LibriSpeech_777,LibriSpeech_777,1,39.32775964608033,maximum_decision_score
1,2320,777-126732-0044,777/126732,LibriSpeech_777,LibriSpeech_777,1,39.32781177624717,maximum_decision_score
1,2321,777-126732-0045,777/126732,LibriSpeech_777,LibriSpeech_777,1,39.32671275731165,maximum_decision_score
4,2322,777-126732-0046,777/126732,LibriSpeech_777,LibriSpeech_777,1,39.32780360854154,maximum_decision_score
5,2323,777-126732-0047,777/126732,LibriSpeech_777,LibriSpeech_777,1,39.32627497106796,maximum_decision_score
3,2324,777-126732-0048,777/126732,LibriSpeech_777,LibriSpeech_777,1,39.325966075159634,maximum_decision_score
2,2325,777-126732-0049,777/126732,LibriSpeech_777,LibriSpeech_777,1,39.32670292913513,maximum_decision_score
5,2326,777-126732-0050,777/126732,LibriSpeech_777,LibriSpeech_777,1,39.3275027588114,maximum_decision_score
2,2327,777-126732-0051,777/126732,LibriSpeech_777,LibriSpeech_777,1,39.32708376807522,maximum_decision_score
2,2328,777-126732-0052,777/126732,LibriSpeech_777,LibriSpeech_777,1,39.327605758859995,maximum_decision_score
5,2329,777-126732-0053,777/126732,LibriSpeech_777,LibriSpeech_777,1,39.327145076052176,maximum_decision_score
5,2330,777-126732-0054,777/126732,LibriSpeech_777,LibriSpeech_777,1,39.32759632564413,maximum_decision_score
3,2331,777-126732-0055,777/126732,LibriSpeech_777,LibriSpeech_777,1,39.32682770686086,maximum_decision_score
5,2332,777-126732-0056,777/126732,LibriSpeech_777,LibriSpeech_777,1,39.32770357504799,maximum_decision_score
4,2333,777-126732-0057,777/126732,LibriSpeech_777,LibriSpeech_777,1,39.327368528974965,maximum_decision_score
2,2334,777-126732-0058,777/126732,LibriSpeech_777,LibriSpeech_777,1,39.3263037735347,maximum_decision_score
3,2335,777-126732-0059,777/126732,LibriSpeech_777,LibriSpeech_777,1,39.327105904968576,maximum_decision_score
1,2336,777-126732-0060,777/126732,LibriSpeech_777,LibriSpeech_777,1,39.327692886925654,maximum_decision_score
3,2337,777-126732-0061,777/126732,LibriSpeech_777,LibriSpeech_777,1,39.32636827437805,maximum_decision_score
2,2338,777-126732-0062,777/126732,LibriSpeech_777,LibriSpeech_777,1,39.326771721049276,maximum_decision_score
3,2339,777-126732-0063,777/126732,LibriSpeech_777,LibriSpeech_777,1,39.326867365934284,maximum_decision_score
2,2340,777-126732-0064,777/126732,LibriSpeech_777,LibriSpeech_777,1,39.32795023056861,maximum_decision_score
1,2341,777-126732-0065,777/126732,LibriSpeech_777,LibriSpeech_777,1,39.326060457745726,maximum_decision_score
4,2342,777-126732-0066,777/126732,LibriSpeech_777,LibriSpeech_777,1,39.32749276267187,maximum_decision_score
3,2343,777-126732-0067,777/126732,LibriSpeech_777,LibriSpeech_777,1,39.3275886990846,maximum_decision_score
5,2344,777-126732-0068,777/126732,LibriSpeech_777,LibriSpeech_777,1,39.325382360427334,maximum_decision_score
1,2345,777-126732-0069,777/126732,LibriSpeech_777,LibriSpeech_777,1,39.32768623036878,maximum_decision_score
4,2346,777-126732-0070,777/126732,LibriSpeech_777,LibriSpeech_777,1,39.32717784618827,maximum_decision_score
3,2347,777-126732-0071,777/126732,LibriSpeech_777,LibriSpeech_777,1,39.32480441609729,maximum_decision_score
2,2348,777-126732-0072,777/126732,LibriSpeech_777,LibriSpeech_777,1,39.32628176283097,maximum_decision_score
1,2349,777-126732-0073,777/126732,LibriSpeech_777,LibriSpeech_777,1,39.3254344872198,maximum_decision_score
1,2350,777-126732-0074,777/126732,LibriSpeech_777,LibriSpeech_777,1,39.327005042823316,maximum_decision_score
5,2351,777-126732-0075,777/126732,LibriSpeech_777,LibriSpeech_777,1,39.327110100692394,maximum_decision_score
1,2352,777-126732-0076,777/126732,LibriSpeech_777,LibriSpeech_777,1,39.32715517425878,maximum_decision_score
2,2353,777-126732-0077,777/126732,LibriSpeech_777,LibriSpeech_777,1,39.3262014537808,maximum_decision_score
1,2354,777-126732-0078,777/126732,LibriSpeech_777,LibriSpeech_777,1,39.32767902155731,maximum_decision_score
5,2355,777-126732-0079,777/126732,LibriSpeech_777,LibriSpeech_777,1,39.32741907073989,maximum_decision_score
2,2356,777-126732-0080,777/126732,LibriSpeech_777,LibriSpeech_777,1,39.326858754712184,maximum_decision_score
3,2357,777-126732-0081,777/126732,LibriSpeech_777,LibriSpeech_777,1,39.32528146901765,maximum_decision_score
2,2358,7850-111771-0000,7850/111771,LibriSpeech_7850,LibriSpeech_7850,1,39.32640450864272,maximum_decision_score
5,2359,7850-111771-0001,7850/111771,LibriSpeech_7850,LibriSpeech_7850,1,39.32591204392492,maximum_decision_score
1,2360,7850-111771-0002,7850/111771,LibriSpeech_7850,LibriSpeech_7850,1,39.32671881928096,maximum_decision_score
4,2361,7850-111771-0003,7850/111771,LibriSpeech_7850,LibriSpeech_7850,1,39.32540228893187,maximum_decision_score
4,2362,7850-111771-0004,7850/111771,LibriSpeech_7850,LibriSpeech_7850,1,39.32621008671625,maximum_decision_score
5,2363,7850-111771-0005,7850/111771,LibriSpeech_7850,LibriSpeech_7850,1,39.32788156947958,maximum_decision_score
3,2364,7850-111771-0006,7850/111771,LibriSpeech_7850,LibriSpeech_7850,1,39.32702303918412,maximum_decision_score
4,2365,7850-111771-0007,7850/111771,LibriSpeech_7850,LibriSpeech_7850,1,39.325498838373925,maximum_decision_score
4,2366,7850-111771-0008,7850/111771,LibriSpeech_7850,LibriSpeech_7850,1,39.3258850184501,maximum_decision_score
4,2367,7850-111771-0009,7850/111771,LibriSpeech_7850,LibriSpeech_7850,1,39.32637420240682,maximum_decision_score
3,2368,7850-281318-0000,7850/281318,LibriSpeech_7850,LibriSpeech_7850,1,39.3267053093331,maximum_decision_score
5,2369,7850-281318-0001,7850/281318,LibriSpeech_7850,LibriSpeech_7850,1,39.32704090146979,maximum_decision_score
1,2370,7850-281318-0002,7850/281318,LibriSpeech_7850,LibriSpeech_7850,1,39.326666664542124,maximum_decision_score
3,2371,7850-281318-0003,7850/281318,LibriSpeech_7850,LibriSpeech_1919,0,39.32587109374286,maximum_decision_score
1,2372,7850-281318-0004,7850/281318,LibriSpeech_7850,LibriSpeech_7850,1,39.32694129519778,maximum_decision_score
1,2373,7850-281318-0005,7850/281318,LibriSpeech_7850,LibriSpeech_1919,0,39.326802485937485,maximum_decision_score
2,2374,7850-281318-0006,7850/281318,LibriSpeech_7850,LibriSpeech_7850,1,39.32703916091415,maximum_decision_score
2,2375,7850-281318-0007,7850/281318,LibriSpeech_7850,LibriSpeech_7850,1,39.32716368351327,maximum_decision_score
5,2376,7850-281318-0008,7850/281318,LibriSpeech_7850,LibriSpeech_7850,1,39.32711892972017,maximum_decision_score
5,2377,7850-281318-0009,7850/281318,LibriSpeech_7850,LibriSpeech_7850,1,39.32713228965117,maximum_decision_score
2,2378,7850-281318-0010,7850/281318,LibriSpeech_7850,LibriSpeech_7850,1,39.32758123668937,maximum_decision_score
3,2379,7850-281318-0011,7850/281318,LibriSpeech_7850,LibriSpeech_7850,1,39.32621703901373,maximum_decision_score
3,2380,7850-281318-0012,7850/281318,LibriSpeech_7850,LibriSpeech_7850,1,39.326226793048974,maximum_decision_score
2,2381,7850-281318-0013,7850/281318,LibriSpeech_7850,LibriSpeech_7850,1,39.3271209853039,maximum_decision_score
1,2382,7850-281318-0014,7850/281318,LibriSpeech_7850,LibriSpeech_7850,1,39.32690920395904,maximum_decision_score
5,2383,7850-281318-0015,7850/281318,LibriSpeech_7850,LibriSpeech_7976,0,39.326002317344134,maximum_decision_score
3,2384,7850-281318-0016,7850/281318,LibriSpeech_7850,LibriSpeech_7850,1,39.32710611300237,maximum_decision_score
2,2385,7850-281318-0017,7850/281318,LibriSpeech_7850,LibriSpeech_7850,1,39.326930994062295,maximum_decision_score
5,2386,7850-281318-0018,7850/281318,LibriSpeech_7850,LibriSpeech_7850,1,39.32793910056958,maximum_decision_score
4,2387,7850-281318-0019,7850/281318,LibriSpeech_7850,LibriSpeech_7850,1,39.326664909837575,maximum_decision_score
1,2388,7850-281318-0020,7850/281318,LibriSpeech_7850,LibriSpeech_6313,0,39.32450914889567,maximum_decision_score
5,2389,7850-281318-0021,7850/281318,LibriSpeech_7850,LibriSpeech_7850,1,39.326876040702025,maximum_decision_score
1,2390,7850-281318-0022,7850/281318,LibriSpeech_7850,LibriSpeech_7850,1,39.3258338490558,maximum_decision_score
1,2391,7850-281318-0023,7850/281318,LibriSpeech_7850,LibriSpeech_7850,1,39.327319781526,maximum_decision_score
2,2392,7850-286674-0000,7850/286674,LibriSpeech_7850,LibriSpeech_7850,1,39.32765614184425,maximum_decision_score
2,2393,7850-286674-0001,7850/286674,LibriSpeech_7850,LibriSpeech_7850,1,39.32709288199734,maximum_decision_score
3,2394,7850-286674-0002,7850/286674,LibriSpeech_7850,LibriSpeech_7850,1,39.32688203281523,maximum_decision_score
2,2395,7850-286674-0003,7850/286674,LibriSpeech_7850,LibriSpeech_7850,1,39.32644825836835,maximum_decision_score
4,2396,7850-286674-0004,7850/286674,LibriSpeech_7850,LibriSpeech_7850,1,39.327179500653244,maximum_decision_score
1,2397,7850-286674-0005,7850/286674,LibriSpeech_7850,LibriSpeech_7850,1,39.327513961045156,maximum_decision_score
5,2398,7850-286674-0006,7850/286674,LibriSpeech_7850,LibriSpeech_7850,1,39.32720920356455,maximum_decision_score
5,2399,7850-286674-0007,7850/286674,LibriSpeech_7850,LibriSpeech_7850,1,39.32759521562157,maximum_decision_score
3,2400,7850-286674-0008,7850/286674,LibriSpeech_7850,LibriSpeech_7850,1,39.32784200255449,maximum_decision_score
3,2401,7850-286674-0009,7850/286674,LibriSpeech_7850,LibriSpeech_7850,1,39.326393906559034,maximum_decision_score
5,2402,7850-286674-0010,7850/286674,LibriSpeech_7850,LibriSpeech_7850,1,39.327324415457916,maximum_decision_score
2,2403,7850-286674-0011,7850/286674,LibriSpeech_7850,LibriSpeech_7850,1,39.327115428188584,maximum_decision_score
5,2404,7850-286674-0012,7850/286674,LibriSpeech_7850,LibriSpeech_7850,1,39.326768861800204,maximum_decision_score
5,2405,7850-286674-0013,7850/286674,LibriSpeech_7850,LibriSpeech_7850,1,39.32719596693845,maximum_decision_score
5,2406,7850-286674-0014,7850/286674,LibriSpeech_7850,LibriSpeech_7850,1,39.32730576268217,maximum_decision_score
2,2407,7850-286674-0015,7850/286674,LibriSpeech_7850,LibriSpeech_7850,1,39.326615176414705,maximum_decision_score
4,2408,7850-286674-0016,7850/286674,LibriSpeech_7850,LibriSpeech_7850,1,39.32716214944471,maximum_decision_score
1,2409,7850-286674-0017,7850/286674,LibriSpeech_7850,LibriSpeech_7850,1,39.325963926165116,maximum_decision_score
3,2410,7850-73752-0000,7850/73752,LibriSpeech_7850,LibriSpeech_7850,1,39.327621856444075,maximum_decision_score
3,2411,7850-73752-0001,7850/73752,LibriSpeech_7850,LibriSpeech_7850,1,39.327163974225066,maximum_decision_score
1,2412,7850-73752-0002,7850/73752,LibriSpeech_7850,LibriSpeech_7850,1,39.32731101025971,maximum_decision_score
4,2413,7850-73752-0003,7850/73752,LibriSpeech_7850,LibriSpeech_7850,1,39.32732717646187,maximum_decision_score
4,2414,7850-73752-0004,7850/73752,LibriSpeech_7850,LibriSpeech_7850,1,39.32671027605067,maximum_decision_score
1,2415,7850-73752-0005,7850/73752,LibriSpeech_7850,LibriSpeech_7850,1,39.327379076110944,maximum_decision_score
1,2416,7850-73752-0006,7850/73752,LibriSpeech_7850,LibriSpeech_7850,1,39.32666516525601,maximum_decision_score
4,2417,7850-73752-0007,7850/73752,LibriSpeech_7850,LibriSpeech_7850,1,39.326385351205246,maximum_decision_score
1,2418,7850-73752-0008,7850/73752,LibriSpeech_7850,LibriSpeech_7850,1,39.327071134843756,maximum_decision_score
1,2419,7850-73752-0009,7850/73752,LibriSpeech_7850,LibriSpeech_7850,1,39.32734855111253,maximum_decision_score
4,2420,7850-73752-0010,7850/73752,LibriSpeech_7850,LibriSpeech_7850,1,39.326782859414884,maximum_decision_score
2,2421,7850-73752-0011,7850/73752,LibriSpeech_7850,LibriSpeech_7850,1,39.327175070396514,maximum_decision_score
2,2422,7850-73752-0012,7850/73752,LibriSpeech_7850,LibriSpeech_7850,1,39.32756477020871,maximum_decision_score
3,2423,7850-73752-0013,7850/73752,LibriSpeech_7850,LibriSpeech_1919,0,39.32427869406501,maximum_decision_score
3,2424,7850-73752-0014,7850/73752,LibriSpeech_7850,LibriSpeech_7850,1,39.32637852050022,maximum_decision_score
4,2425,7850-73752-0015,7850/73752,LibriSpeech_7850,LibriSpeech_7850,1,39.326429896168314,maximum_decision_score
2,2426,7850-73752-0016,7850/73752,LibriSpeech_7850,LibriSpeech_7850,1,39.326959829570484,maximum_decision_score
3,2427,7850-73752-0017,7850/73752,LibriSpeech_7850,LibriSpeech_7850,1,39.32612518439243,maximum_decision_score
4,2428,7850-73752-0018,7850/73752,LibriSpeech_7850,LibriSpeech_7850,1,39.326593944104445,maximum_decision_score
2,2429,7850-73752-0019,7850/73752,LibriSpeech_7850,LibriSpeech_7850,1,39.32621263967782,maximum_decision_score
5,2430,7976-105575-0000,7976/105575,LibriSpeech_7976,LibriSpeech_7976,1,39.327241083567685,maximum_decision_score
5,2431,7976-105575-0001,7976/105575,LibriSpeech_7976,LibriSpeech_7976,1,39.325530939241595,maximum_decision_score
2,2432,7976-105575-0002,7976/105575,LibriSpeech_7976,LibriSpeech_7976,1,39.32630608254815,maximum_decision_score
1,2433,7976-105575-0003,7976/105575,LibriSpeech_7976,LibriSpeech_7976,1,39.32702127926199,maximum_decision_score
5,2434,7976-105575-0004,7976/105575,LibriSpeech_7976,LibriSpeech_7976,1,39.32663515812068,maximum_decision_score
2,2435,7976-105575-0005,7976/105575,LibriSpeech_7976,LibriSpeech_7976,1,39.326777729390834,maximum_decision_score
3,2436,7976-105575-0006,7976/105575,LibriSpeech_7976,LibriSpeech_7976,1,39.32722773547186,maximum_decision_score
1,2437,7976-105575-0007,7976/105575,LibriSpeech_7976,LibriSpeech_7976,1,39.326019283435045,maximum_decision_score
4,2438,7976-105575-0008,7976/105575,LibriSpeech_7976,LibriSpeech_7976,1,39.32630614844315,maximum_decision_score
2,2439,7976-105575-0009,7976/105575,LibriSpeech_7976,LibriSpeech_7976,1,39.32589837222403,maximum_decision_score
1,2440,7976-105575-0010,7976/105575,LibriSpeech_7976,LibriSpeech_7976,1,39.32667319014111,maximum_decision_score
2,2441,7976-105575-0011,7976/105575,LibriSpeech_7976,LibriSpeech_7976,1,39.32662157841496,maximum_decision_score
4,2442,7976-105575-0012,7976/105575,LibriSpeech_7976,LibriSpeech_7976,1,39.32680785483262,maximum_decision_score
4,2443,7976-105575-0013,7976/105575,LibriSpeech_7976,LibriSpeech_7976,1,39.32708146708383,maximum_decision_score
2,2444,7976-105575-0014,7976/105575,LibriSpeech_7976,LibriSpeech_7976,1,39.32685000235449,maximum_decision_score
3,2445,7976-105575-0015,7976/105575,LibriSpeech_7976,LibriSpeech_7976,1,39.32699508028493,maximum_decision_score
1,2446,7976-105575-0016,7976/105575,LibriSpeech_7976,LibriSpeech_7976,1,39.32574082829911,maximum_decision_score
1,2447,7976-105575-0017,7976/105575,LibriSpeech_7976,LibriSpeech_7976,1,39.32560680089658,maximum_decision_score
4,2448,7976-105575-0018,7976/105575,LibriSpeech_7976,LibriSpeech_7976,1,39.32678489301108,maximum_decision_score
2,2449,7976-105575-0019,7976/105575,LibriSpeech_7976,LibriSpeech_7976,1,39.326801425005726,maximum_decision_score
4,2450,7976-105575-0020,7976/105575,LibriSpeech_7976,LibriSpeech_7976,1,39.327410748986864,maximum_decision_score
4,2451,7976-105575-0021,7976/105575,LibriSpeech_7976,LibriSpeech_7976,1,39.32737738552256,maximum_decision_score
4,2452,7976-105575-0022,7976/105575,LibriSpeech_7976,LibriSpeech_7976,1,39.3269463186968,maximum_decision_score
5,2453,7976-105575-0023,7976/105575,LibriSpeech_7976,LibriSpeech_7976,1,39.32671264398099,maximum_decision_score
1,2454,7976-105575-0024,7976/105575,LibriSpeech_7976,LibriSpeech_7976,1,39.326206609486626,maximum_decision_score
1,2455,7976-105575-0025,7976/105575,LibriSpeech_7976,LibriSpeech_7976,1,39.326756841623556,maximum_decision_score
2,2456,7976-105575-0026,7976/105575,LibriSpeech_7976,LibriSpeech_7976,1,39.32680369279482,maximum_decision_score
3,2457,7976-105575-0027,7976/105575,LibriSpeech_7976,LibriSpeech_7976,1,39.32563866561049,maximum_decision_score
5,2458,7976-105575-0028,7976/105575,LibriSpeech_7976,LibriSpeech_7976,1,39.327055611517046,maximum_decision_score
2,2459,7976-105575-0029,7976/105575,LibriSpeech_7976,LibriSpeech_7976,1,39.326442265912966,maximum_decision_score
2,2460,7976-110124-0000,7976/110124,LibriSpeech_7976,LibriSpeech_7976,1,39.32598224785753,maximum_decision_score
1,2461,7976-110124-0001,7976/110124,LibriSpeech_7976,LibriSpeech_7976,1,39.32612348387172,maximum_decision_score
4,2462,7976-110124-0002,7976/110124,LibriSpeech_7976,LibriSpeech_7976,1,39.326570893799854,maximum_decision_score
5,2463,7976-110124-0003,7976/110124,LibriSpeech_7976,LibriSpeech_7976,1,39.32652924892009,maximum_decision_score
3,2464,7976-110124-0004,7976/110124,LibriSpeech_7976,LibriSpeech_7976,1,39.32724365282616,maximum_decision_score
2,2465,7976-110124-0005,7976/110124,LibriSpeech_7976,LibriSpeech_7976,1,39.32569836661299,maximum_decision_score
2,2466,7976-110124-0006,7976/110124,LibriSpeech_7976,LibriSpeech_7976,1,39.327236995008555,maximum_decision_score
1,2467,7976-110124-0007,7976/110124,LibriSpeech_7976,LibriSpeech_7976,1,39.327738573876786,maximum_decision_score
5,2468,7976-110124-0008,7976/110124,LibriSpeech_7976,LibriSpeech_7976,1,39.327381758953806,maximum_decision_score
5,2469,7976-110124-0009,7976/110124,LibriSpeech_7976,LibriSpeech_7976,1,39.32713972215617,maximum_decision_score
1,2470,7976-110124-0010,7976/110124,LibriSpeech_7976,LibriSpeech_7976,1,39.32709387087514,maximum_decision_score
2,2471,7976-110124-0011,7976/110124,LibriSpeech_7976,LibriSpeech_7976,1,39.32709912550503,maximum_decision_score
5,2472,7976-110124-0012,7976/110124,LibriSpeech_7976,LibriSpeech_7976,1,39.327072419813,maximum_decision_score
5,2473,7976-110124-0013,7976/110124,LibriSpeech_7976,LibriSpeech_7976,1,39.32736373334547,maximum_decision_score
1,2474,7976-110124-0014,7976/110124,LibriSpeech_7976,LibriSpeech_7976,1,39.32728280685121,maximum_decision_score
4,2475,7976-110124-0015,7976/110124,LibriSpeech_7976,LibriSpeech_7976,1,39.32698077451977,maximum_decision_score
3,2476,7976-110124-0016,7976/110124,LibriSpeech_7976,LibriSpeech_7976,1,39.32722537011676,maximum_decision_score
5,2477,7976-110124-0017,7976/110124,LibriSpeech_7976,LibriSpeech_7976,1,39.32730497286074,maximum_decision_score
3,2478,7976-110124-0018,7976/110124,LibriSpeech_7976,LibriSpeech_7976,1,39.327077673584746,maximum_decision_score
3,2479,7976-110124-0019,7976/110124,LibriSpeech_7976,LibriSpeech_7976,1,39.326893914611425,maximum_decision_score
3,2480,7976-110124-0020,7976/110124,LibriSpeech_7976,LibriSpeech_7976,1,39.32633768314532,maximum_decision_score
3,2481,7976-110124-0021,7976/110124,LibriSpeech_7976,LibriSpeech_7976,1,39.327610060697694,maximum_decision_score
3,2482,7976-110124-0022,7976/110124,LibriSpeech_7976,LibriSpeech_7976,1,39.32541597900785,maximum_decision_score
3,2483,7976-110124-0023,7976/110124,LibriSpeech_7976,LibriSpeech_7976,1,39.327262389786384,maximum_decision_score
1,2484,7976-110124-0024,7976/110124,LibriSpeech_7976,LibriSpeech_7976,1,39.326745668007256,maximum_decision_score
3,2485,7976-110124-0025,7976/110124,LibriSpeech_7976,LibriSpeech_7976,1,39.32760081680188,maximum_decision_score
4,2486,7976-110523-0000,7976/110523,LibriSpeech_7976,LibriSpeech_7976,1,39.32718233289112,maximum_decision_score
5,2487,7976-110523-0001,7976/110523,LibriSpeech_7976,LibriSpeech_7976,1,39.32685840036029,maximum_decision_score
4,2488,7976-110523-0002,7976/110523,LibriSpeech_7976,LibriSpeech_7976,1,39.327179821620696,maximum_decision_score
4,2489,7976-110523-0003,7976/110523,LibriSpeech_7976,LibriSpeech_7976,1,39.32702487377065,maximum_decision_score
4,2490,7976-110523-0004,7976/110523,LibriSpeech_7976,LibriSpeech_7976,1,39.32645160571539,maximum_decision_score
4,2491,7976-110523-0005,7976/110523,LibriSpeech_7976,LibriSpeech_7976,1,39.327346895741755,maximum_decision_score
1,2492,7976-110523-0006,7976/110523,LibriSpeech_7976,LibriSpeech_7976,1,39.32674463154362,maximum_decision_score
1,2493,7976-110523-0007,7976/110523,LibriSpeech_7976,LibriSpeech_7976,1,39.3269900113294,maximum_decision_score
2,2494,7976-110523-0008,7976/110523,LibriSpeech_7976,LibriSpeech_7976,1,39.32664230284395,maximum_decision_score
1,2495,7976-110523-0009,7976/110523,LibriSpeech_7976,LibriSpeech_7976,1,39.32645091569059,maximum_decision_score
3,2496,7976-110523-0010,7976/110523,LibriSpeech_7976,LibriSpeech_7976,1,39.32647245287161,maximum_decision_score
3,2497,7976-110523-0011,7976/110523,LibriSpeech_7976,LibriSpeech_7976,1,39.326056249287824,maximum_decision_score
5,2498,7976-110523-0012,7976/110523,LibriSpeech_7976,LibriSpeech_7976,1,39.32648556263259,maximum_decision_score
3,2499,7976-110523-0013,7976/110523,LibriSpeech_7976,LibriSpeech_7976,1,39.327024951115625,maximum_decision_score
4,2500,7976-110523-0014,7976/110523,LibriSpeech_7976,LibriSpeech_7976,1,39.32678845158961,maximum_decision_score
2,2501,7976-110523-0015,7976/110523,LibriSpeech_7976,LibriSpeech_7976,1,39.326749605029455,maximum_decision_score
4,2502,7976-110523-0016,7976/110523,LibriSpeech_7976,LibriSpeech_7976,1,39.32682857354705,maximum_decision_score
5,2503,7976-110523-0017,7976/110523,LibriSpeech_7976,LibriSpeech_7976,1,39.326877171358895,maximum_decision_score
3,2504,7976-110523-0018,7976/110523,LibriSpeech_7976,LibriSpeech_7976,1,39.32525913168522,maximum_decision_score
2,2505,7976-110523-0019,7976/110523,LibriSpeech_7976,LibriSpeech_7976,1,39.326999456493205,maximum_decision_score
2,2506,7976-110523-0020,7976/110523,LibriSpeech_7976,LibriSpeech_7976,1,39.326310995455906,maximum_decision_score
5,2507,7976-110523-0021,7976/110523,LibriSpeech_7976,LibriSpeech_7976,1,39.32602495068119,maximum_decision_score
5,2508,8297-275154-0000,8297/275154,LibriSpeech_8297,LibriSpeech_8297,1,39.3265934232807,maximum_decision_score
4,2509,8297-275154-0001,8297/275154,LibriSpeech_8297,LibriSpeech_8297,1,39.32645549806976,maximum_decision_score
2,2510,8297-275154-0002,8297/275154,LibriSpeech_8297,LibriSpeech_8297,1,39.32575373060586,maximum_decision_score
5,2511,8297-275154-0003,8297/275154,LibriSpeech_8297,LibriSpeech_8297,1,39.326866332421226,maximum_decision_score
5,2512,8297-275154-0004,8297/275154,LibriSpeech_8297,LibriSpeech_8297,1,39.32685146146194,maximum_decision_score
4,2513,8297-275154-0005,8297/275154,LibriSpeech_8297,LibriSpeech_8297,1,39.327181040528494,maximum_decision_score
2,2514,8297-275154-0006,8297/275154,LibriSpeech_8297,LibriSpeech_8297,1,39.326490297762604,maximum_decision_score
3,2515,8297-275154-0007,8297/275154,LibriSpeech_8297,LibriSpeech_8297,1,39.32619740280301,maximum_decision_score
3,2516,8297-275154-0008,8297/275154,LibriSpeech_8297,LibriSpeech_8297,1,39.326623901477454,maximum_decision_score
4,2517,8297-275154-0009,8297/275154,LibriSpeech_8297,LibriSpeech_8297,1,39.32635901111602,maximum_decision_score
1,2518,8297-275154-0010,8297/275154,LibriSpeech_8297,LibriSpeech_8297,1,39.32655670455916,maximum_decision_score
3,2519,8297-275154-0011,8297/275154,LibriSpeech_8297,LibriSpeech_8297,1,39.3267693700973,maximum_decision_score
3,2520,8297-275154-0012,8297/275154,LibriSpeech_8297,LibriSpeech_8297,1,39.32681222944811,maximum_decision_score
5,2521,8297-275154-0013,8297/275154,LibriSpeech_8297,LibriSpeech_8297,1,39.325836204281615,maximum_decision_score
5,2522,8297-275154-0014,8297/275154,LibriSpeech_8297,LibriSpeech_8297,1,39.326874761335176,maximum_decision_score
4,2523,8297-275154-0015,8297/275154,LibriSpeech_8297,LibriSpeech_8297,1,39.32548141473689,maximum_decision_score
4,2524,8297-275154-0016,8297/275154,LibriSpeech_8297,LibriSpeech_8297,1,39.326107690532616,maximum_decision_score
4,2525,8297-275154-0017,8297/275154,LibriSpeech_8297,LibriSpeech_8297,1,39.32680434787937,maximum_decision_score
3,2526,8297-275154-0018,8297/275154,LibriSpeech_8297,LibriSpeech_8297,1,39.327063004533876,maximum_decision_score
5,2527,8297-275154-0019,8297/275154,LibriSpeech_8297,LibriSpeech_8297,1,39.32678624127719,maximum_decision_score
5,2528,8297-275154-0020,8297/275154,LibriSpeech_8297,LibriSpeech_8297,1,39.32720028421905,maximum_decision_score
1,2529,8297-275154-0021,8297/275154,LibriSpeech_8297,LibriSpeech_8297,1,39.32712511804908,maximum_decision_score
3,2530,8297-275154-0022,8297/275154,LibriSpeech_8297,LibriSpeech_422,0,39.32485944714238,maximum_decision_score
3,2531,8297-275154-0023,8297/275154,LibriSpeech_8297,LibriSpeech_8297,1,39.326054453459804,maximum_decision_score
4,2532,8297-275154-0024,8297/275154,LibriSpeech_8297,LibriSpeech_8297,1,39.326482684334415,maximum_decision_score
2,2533,8297-275154-0025,8297/275154,LibriSpeech_8297,LibriSpeech_8297,1,39.32703074146195,maximum_decision_score
1,2534,8297-275154-0026,8297/275154,LibriSpeech_8297,LibriSpeech_8297,1,39.326896198689184,maximum_decision_score
4,2535,8297-275154-0027,8297/275154,LibriSpeech_8297,LibriSpeech_8297,1,39.32678015230097,maximum_decision_score
1,2536,8297-275155-0000,8297/275155,LibriSpeech_8297,LibriSpeech_8297,1,39.32617049738049,maximum_decision_score
4,2537,8297-275155-0001,8297/275155,LibriSpeech_8297,LibriSpeech_8297,1,39.32654934871914,maximum_decision_score
3,2538,8297-275155-0002,8297/275155,LibriSpeech_8297,LibriSpeech_8297,1,39.32612462852024,maximum_decision_score
3,2539,8297-275155-0003,8297/275155,LibriSpeech_8297,LibriSpeech_8297,1,39.326996132689246,maximum_decision_score
1,2540,8297-275155-0004,8297/275155,LibriSpeech_8297,LibriSpeech_8297,1,39.326490135491596,maximum_decision_score
2,2541,8297-275155-0005,8297/275155,LibriSpeech_8297,LibriSpeech_8297,1,39.32629084910749,maximum_decision_score
3,2542,8297-275155-0006,8297/275155,LibriSpeech_8297,LibriSpeech_8297,1,39.32647160194348,maximum_decision_score
1,2543,8297-275155-0007,8297/275155,LibriSpeech_8297,LibriSpeech_8297,1,39.32628635321457,maximum_decision_score
2,2544,8297-275155-0008,8297/275155,LibriSpeech_8297,LibriSpeech_8297,1,39.3265583703731,maximum_decision_score
1,2545,8297-275155-0009,8297/275155,LibriSpeech_8297,LibriSpeech_8297,1,39.32633671835147,maximum_decision_score
5,2546,8297-275155-0010,8297/275155,LibriSpeech_8297,LibriSpeech_8297,1,39.32757297364071,maximum_decision_score
5,2547,8297-275155-0011,8297/275155,LibriSpeech_8297,LibriSpeech_8297,1,39.32654383891699,maximum_decision_score
1,2548,8297-275155-0012,8297/275155,LibriSpeech_8297,LibriSpeech_8297,1,39.327108343551615,maximum_decision_score
2,2549,8297-275155-0013,8297/275155,LibriSpeech_8297,LibriSpeech_8297,1,39.32632054502323,maximum_decision_score
5,2550,8297-275155-0014,8297/275155,LibriSpeech_8297,LibriSpeech_8297,1,39.326058334994265,maximum_decision_score
4,2551,8297-275155-0015,8297/275155,LibriSpeech_8297,LibriSpeech_8297,1,39.32675575302002,maximum_decision_score
5,2552,8297-275155-0016,8297/275155,LibriSpeech_8297,LibriSpeech_8297,1,39.32677808542059,maximum_decision_score
5,2553,8297-275155-0017,8297/275155,LibriSpeech_8297,LibriSpeech_8297,1,39.32606083976902,maximum_decision_score
2,2554,8297-275155-0018,8297/275155,LibriSpeech_8297,LibriSpeech_8297,1,39.3269184968884,maximum_decision_score
1,2555,8297-275155-0019,8297/275155,LibriSpeech_8297,LibriSpeech_8297,1,39.32732889147826,maximum_decision_score
1,2556,8297-275155-0020,8297/275155,LibriSpeech_8297,LibriSpeech_8297,1,39.32699086600021,maximum_decision_score
2,2557,8297-275155-0021,8297/275155,LibriSpeech_8297,LibriSpeech_2428,0,38.324284265961595,maximum_decision_score
2,2558,8297-275155-0022,8297/275155,LibriSpeech_8297,LibriSpeech_8297,1,39.32639667665395,maximum_decision_score
2,2559,8297-275155-0023,8297/275155,LibriSpeech_8297,LibriSpeech_8297,1,39.32660970875771,maximum_decision_score
2,2560,8297-275155-0024,8297/275155,LibriSpeech_8297,LibriSpeech_8297,1,39.326612127171835,maximum_decision_score
4,2561,8297-275155-0025,8297/275155,LibriSpeech_8297,LibriSpeech_8297,1,39.32717235177027,maximum_decision_score
1,2562,8297-275155-0026,8297/275155,LibriSpeech_8297,LibriSpeech_8297,1,39.326924272246934,maximum_decision_score
2,2563,8297-275155-0027,8297/275155,LibriSpeech_8297,LibriSpeech_8297,1,39.32570220886729,maximum_decision_score
2,2564,8297-275155-0028,8297/275155,LibriSpeech_8297,LibriSpeech_8297,1,39.32620228412368,maximum_decision_score
5,2565,8297-275155-0029,8297/275155,LibriSpeech_8297,LibriSpeech_8297,1,39.326782318734146,maximum_decision_score
1,2566,8297-275155-0030,8297/275155,LibriSpeech_8297,LibriSpeech_8297,1,39.327194324252666,maximum_decision_score
3,2567,8297-275155-0031,8297/275155,LibriSpeech_8297,LibriSpeech_8297,1,39.32703408142818,maximum_decision_score
4,2568,8297-275155-0032,8297/275155,LibriSpeech_8297,LibriSpeech_8297,1,39.32643148856743,maximum_decision_score
3,2569,8297-275156-0000,8297/275156,LibriSpeech_8297,LibriSpeech_777,0,38.325475898426795,maximum_decision_score
3,2570,8297-275156-0001,8297/275156,LibriSpeech_8297,LibriSpeech_8297,1,39.32719542214275,maximum_decision_score
3,2571,8297-275156-0002,8297/275156,LibriSpeech_8297,LibriSpeech_8297,1,39.326321434254126,maximum_decision_score
4,2572,8297-275156-0003,8297/275156,LibriSpeech_8297,LibriSpeech_8297,1,39.326796382990224,maximum_decision_score
1,2573,8297-275156-0004,8297/275156,LibriSpeech_8297,LibriSpeech_8297,1,39.32746615880407,maximum_decision_score
2,2574,8297-275156-0005,8297/275156,LibriSpeech_8297,LibriSpeech_8297,1,39.326630028293685,maximum_decision_score
4,2575,8297-275156-0006,8297/275156,LibriSpeech_8297,LibriSpeech_8297,1,39.32702828206464,maximum_decision_score
5,2576,8297-275156-0007,8297/275156,LibriSpeech_8297,LibriSpeech_8297,1,39.32700257761012,maximum_decision_score
4,2577,8297-275156-0008,8297/275156,LibriSpeech_8297,LibriSpeech_8297,1,39.32704809444747,maximum_decision_score
2,2578,8297-275156-0009,8297/275156,LibriSpeech_8297,LibriSpeech_8297,1,39.32713728759352,maximum_decision_score
5,2579,8297-275156-0010,8297/275156,LibriSpeech_8297,LibriSpeech_8297,1,39.32661512438355,maximum_decision_score
1,2580,8297-275156-0011,8297/275156,LibriSpeech_8297,LibriSpeech_8297,1,39.32644078986794,maximum_decision_score
3,2581,8297-275156-0012,8297/275156,LibriSpeech_8297,LibriSpeech_8297,1,39.32623244709438,maximum_decision_score
1,2582,8297-275156-0013,8297/275156,LibriSpeech_8297,LibriSpeech_8297,1,39.32646472923579,maximum_decision_score
3,2583,84-121123-0000,84/121123,LibriSpeech_84,LibriSpeech_84,1,39.32755403990693,maximum_decision_score
5,2584,84-121123-0001,84/121123,LibriSpeech_84,LibriSpeech_84,1,39.32780136701448,maximum_decision_score
1,2585,84-121123-0002,84/121123,LibriSpeech_84,LibriSpeech_84,1,39.32719142067202,maximum_decision_score
2,2586,84-121123-0003,84/121123,LibriSpeech_84,LibriSpeech_84,1,39.32745542737746,maximum_decision_score
5,2587,84-121123-0004,84/121123,LibriSpeech_84,LibriSpeech_84,1,39.327019914829535,maximum_decision_score
2,2588,84-121123-0005,84/121123,LibriSpeech_84,LibriSpeech_84,1,39.32764018700136,maximum_decision_score
5,2589,84-121123-0006,84/121123,LibriSpeech_84,LibriSpeech_84,1,39.32739473870658,maximum_decision_score
1,2590,84-121123-0007,84/121123,LibriSpeech_84,LibriSpeech_84,1,39.326928444851326,maximum_decision_score
5,2591,84-121123-0008,84/121123,LibriSpeech_84,LibriSpeech_84,1,39.32642677686252,maximum_decision_score
3,2592,84-121123-0009,84/121123,LibriSpeech_84,LibriSpeech_1462,0,39.32277193364192,maximum_decision_score
4,2593,84-121123-0010,84/121123,LibriSpeech_84,LibriSpeech_84,1,39.3274934566339,maximum_decision_score
4,2594,84-121123-0011,84/121123,LibriSpeech_84,LibriSpeech_84,1,39.326987936348566,maximum_decision_score
3,2595,84-121123-0012,84/121123,LibriSpeech_84,LibriSpeech_84,1,39.32609629299288,maximum_decision_score
5,2596,84-121123-0013,84/121123,LibriSpeech_84,LibriSpeech_6319,0,39.326526547848744,maximum_decision_score
1,2597,84-121123-0014,84/121123,LibriSpeech_84,LibriSpeech_84,1,39.327682384981735,maximum_decision_score
4,2598,84-121123-0015,84/121123,LibriSpeech_84,LibriSpeech_84,1,39.3275842395964,maximum_decision_score
2,2599,84-121123-0016,84/121123,LibriSpeech_84,LibriSpeech_84,1,39.32687424547052,maximum_decision_score
2,2600,84-121123-0017,84/121123,LibriSpeech_84,LibriSpeech_84,1,39.32734347835717,maximum_decision_score
3,2601,84-121123-0018,84/121123,LibriSpeech_84,LibriSpeech_84,1,39.324934934297694,maximum_decision_score
4,2602,84-121123-0019,84/121123,LibriSpeech_84,LibriSpeech_84,1,39.32632112160542,maximum_decision_score
5,2603,84-121123-0020,84/121123,LibriSpeech_84,LibriSpeech_84,1,39.326918360486125,maximum_decision_score
5,2604,84-121123-0021,84/121123,LibriSpeech_84,LibriSpeech_84,1,39.32652712914257,maximum_decision_score
3,2605,84-121123-0022,84/121123,LibriSpeech_84,LibriSpeech_84,1,39.32565680761418,maximum_decision_score
5,2606,84-121123-0023,84/121123,LibriSpeech_84,LibriSpeech_84,1,39.32697463766059,maximum_decision_score
3,2607,84-121123-0024,84/121123,LibriSpeech_84,LibriSpeech_84,1,39.32664917746523,maximum_decision_score
4,2608,84-121123-0025,84/121123,LibriSpeech_84,LibriSpeech_84,1,39.32576185265525,maximum_decision_score
4,2609,84-121123-0026,84/121123,LibriSpeech_84,LibriSpeech_84,1,39.32712829741587,maximum_decision_score
3,2610,84-121123-0027,84/121123,LibriSpeech_84,LibriSpeech_84,1,39.325903001483276,maximum_decision_score
4,2611,84-121123-0028,84/121123,LibriSpeech_84,LibriSpeech_84,1,39.32715659122342,maximum_decision_score
4,2612,84-121550-0000,84/121550,LibriSpeech_84,LibriSpeech_84,1,39.32751477561164,maximum_decision_score
3,2613,84-121550-0001,84/121550,LibriSpeech_84,LibriSpeech_84,1,39.32558406997657,maximum_decision_score
2,2614,84-121550-0002,84/121550,LibriSpeech_84,LibriSpeech_84,1,39.32688469839253,maximum_decision_score
2,2615,84-121550-0003,84/121550,LibriSpeech_84,LibriSpeech_84,1,39.32658593607312,maximum_decision_score
1,2616,84-121550-0004,84/121550,LibriSpeech_84,LibriSpeech_84,1,39.326016194944124,maximum_decision_score
2,2617,84-121550-0005,84/121550,LibriSpeech_84,LibriSpeech_84,1,39.32723428068009,maximum_decision_score
3,2618,84-121550-0006,84/121550,LibriSpeech_84,LibriSpeech_84,1,39.327475213636816,maximum_decision_score
3,2619,84-121550-0007,84/121550,LibriSpeech_84,LibriSpeech_84,1,39.327171053928076,maximum_decision_score
5,2620,84-121550-0008,84/121550,LibriSpeech_84,LibriSpeech_84,1,39.327127860657896,maximum_decision_score
3,2621,84-121550-0009,84/121550,LibriSpeech_84,LibriSpeech_84,1,39.326325924921214,maximum_decision_score
5,2622,84-121550-0010,84/121550,LibriSpeech_84,LibriSpeech_84,1,39.32688711732373,maximum_decision_score
1,2623,84-121550-0011,84/121550,LibriSpeech_84,LibriSpeech_84,1,39.32687019708402,maximum_decision_score
2,2624,84-121550-0012,84/121550,LibriSpeech_84,LibriSpeech_84,1,39.32739262237224,maximum_decision_score
5,2625,84-121550-0013,84/121550,LibriSpeech_84,LibriSpeech_84,1,39.32713338253713,maximum_decision_score
4,2626,84-121550-0014,84/121550,LibriSpeech_84,LibriSpeech_84,1,39.326359444025165,maximum_decision_score
1,2627,84-121550-0015,84/121550,LibriSpeech_84,LibriSpeech_84,1,39.32499059974406,maximum_decision_score
2,2628,84-121550-0016,84/121550,LibriSpeech_84,LibriSpeech_84,1,39.32651189772403,maximum_decision_score
1,2629,84-121550-0017,84/121550,LibriSpeech_84,LibriSpeech_84,1,39.32638575778589,maximum_decision_score
2,2630,84-121550-0018,84/121550,LibriSpeech_84,LibriSpeech_84,1,39.32670960948742,maximum_decision_score
4,2631,84-121550-0019,84/121550,LibriSpeech_84,LibriSpeech_84,1,39.32604998861073,maximum_decision_score
5,2632,84-121550-0020,84/121550,LibriSpeech_84,LibriSpeech_84,1,39.326177198432994,maximum_decision_score
1,2633,84-121550-0021,84/121550,LibriSpeech_84,LibriSpeech_84,1,39.32675380933436,maximum_decision_score
1,2634,84-121550-0022,84/121550,LibriSpeech_84,LibriSpeech_84,1,39.32685209893864,maximum_decision_score
2,2635,84-121550-0023,84/121550,LibriSpeech_84,LibriSpeech_84,1,39.326966324402676,maximum_decision_score
1,2636,84-121550-0024,84/121550,LibriSpeech_84,LibriSpeech_84,1,39.327291017897494,maximum_decision_score
4,2637,84-121550-0025,84/121550,LibriSpeech_84,LibriSpeech_84,1,39.32736033922388,maximum_decision_score
4,2638,84-121550-0026,84/121550,LibriSpeech_84,LibriSpeech_84,1,39.327538330152535,maximum_decision_score
1,2639,84-121550-0027,84/121550,LibriSpeech_84,LibriSpeech_84,1,39.327499378504484,maximum_decision_score
2,2640,84-121550-0028,84/121550,LibriSpeech_84,LibriSpeech_84,1,39.32695132359112,maximum_decision_score
3,2641,84-121550-0029,84/121550,LibriSpeech_84,LibriSpeech_84,1,39.3270538629652,maximum_decision_score
1,2642,84-121550-0030,84/121550,LibriSpeech_84,LibriSpeech_84,1,39.32708405155993,maximum_decision_score
4,2643,84-121550-0031,84/121550,LibriSpeech_84,LibriSpeech_84,1,39.32745686336469,maximum_decision_score
3,2644,84-121550-0032,84/121550,LibriSpeech_84,LibriSpeech_84,1,39.327787858161635,maximum_decision_score
1,2645,84-121550-0033,84/121550,LibriSpeech_84,LibriSpeech_84,1,39.32724929773876,maximum_decision_score
2,2646,84-121550-0034,84/121550,LibriSpeech_84,LibriSpeech_84,1,39.32696090990837,maximum_decision_score
5,2647,84-121550-0035,84/121550,LibriSpeech_84,LibriSpeech_84,1,39.32739915972156,maximum_decision_score
3,2648,8842-302196-0000,8842/302196,LibriSpeech_8842,LibriSpeech_8842,1,39.32627604218599,maximum_decision_score
1,2649,8842-302196-0001,8842/302196,LibriSpeech_8842,LibriSpeech_8842,1,39.32708012046046,maximum_decision_score
4,2650,8842-302196-0002,8842/302196,LibriSpeech_8842,LibriSpeech_8842,1,39.326772290902,maximum_decision_score
1,2651,8842-302196-0003,8842/302196,LibriSpeech_8842,LibriSpeech_8842,1,39.326571904727544,maximum_decision_score
3,2652,8842-302196-0004,8842/302196,LibriSpeech_8842,LibriSpeech_8842,1,39.327017684904455,maximum_decision_score
5,2653,8842-302196-0005,8842/302196,LibriSpeech_8842,LibriSpeech_8842,1,39.32609014850261,maximum_decision_score
1,2654,8842-302196-0006,8842/302196,LibriSpeech_8842,LibriSpeech_8842,1,39.32646646060394,maximum_decision_score
4,2655,8842-302196-0007,8842/302196,LibriSpeech_8842,LibriSpeech_8842,1,39.32660700466019,maximum_decision_score
5,2656,8842-302196-0008,8842/302196,LibriSpeech_8842,LibriSpeech_8842,1,39.32594641210821,maximum_decision_score
5,2657,8842-302196-0009,8842/302196,LibriSpeech_8842,LibriSpeech_8842,1,39.32607852470242,maximum_decision_score
4,2658,8842-302196-0010,8842/302196,LibriSpeech_8842,LibriSpeech_8842,1,39.32607914950557,maximum_decision_score
4,2659,8842-302196-0011,8842/302196,LibriSpeech_8842,LibriSpeech_8842,1,39.327027618168245,maximum_decision_score
1,2660,8842-302196-0012,8842/302196,LibriSpeech_8842,LibriSpeech_8842,1,39.32702398111584,maximum_decision_score
5,2661,8842-302201-0000,8842/302201,LibriSpeech_8842,LibriSpeech_8842,1,39.32588819082274,maximum_decision_score
4,2662,8842-302201-0001,8842/302201,LibriSpeech_8842,LibriSpeech_8842,1,39.32646287223089,maximum_decision_score
5,2663,8842-302201-0002,8842/302201,LibriSpeech_8842,LibriSpeech_8842,1,39.32705932582333,maximum_decision_score
3,2664,8842-302201-0003,8842/302201,LibriSpeech_8842,LibriSpeech_8842,1,39.32709045667553,maximum_decision_score
2,2665,8842-302201-0004,8842/302201,LibriSpeech_8842,LibriSpeech_8842,1,39.326980684055485,maximum_decision_score
3,2666,8842-302201-0005,8842/302201,LibriSpeech_8842,LibriSpeech_8842,1,39.32613090224256,maximum_decision_score
5,2667,8842-302201-0006,8842/302201,LibriSpeech_8842,LibriSpeech_8842,1,39.32598097802747,maximum_decision_score
3,2668,8842-302201-0007,8842/302201,LibriSpeech_8842,LibriSpeech_8842,1,39.32630305757514,maximum_decision_score
1,2669,8842-302201-0008,8842/302201,LibriSpeech_8842,LibriSpeech_8842,1,39.32606644993141,maximum_decision_score
4,2670,8842-302201-0009,8842/302201,LibriSpeech_8842,LibriSpeech_8842,1,39.32714314748613,maximum_decision_score
3,2671,8842-302201-0010,8842/302201,LibriSpeech_8842,LibriSpeech_3853,0,39.32535118179072,maximum_decision_score
2,2672,8842-302201-0011,8842/302201,LibriSpeech_8842,LibriSpeech_8842,1,39.32724567005722,maximum_decision_score
2,2673,8842-302201-0012,8842/302201,LibriSpeech_8842,LibriSpeech_8842,1,39.32740240420812,maximum_decision_score
1,2674,8842-302201-0013,8842/302201,LibriSpeech_8842,LibriSpeech_8842,1,39.32724760972622,maximum_decision_score
5,2675,8842-302201-0014,8842/302201,LibriSpeech_8842,LibriSpeech_8842,1,39.326533240339266,maximum_decision_score
2,2676,8842-302201-0015,8842/302201,LibriSpeech_8842,LibriSpeech_8842,1,39.32747512299012,maximum_decision_score
2,2677,8842-302203-0000,8842/302203,LibriSpeech_8842,LibriSpeech_8842,1,39.32634329646831,maximum_decision_score
5,2678,8842-302203-0001,8842/302203,LibriSpeech_8842,LibriSpeech_8842,1,39.32623842282233,maximum_decision_score
2,2679,8842-302203-0002,8842/302203,LibriSpeech_8842,LibriSpeech_8842,1,39.32618411456524,maximum_decision_score
4,2680,8842-302203-0003,8842/302203,LibriSpeech_8842,LibriSpeech_8842,1,39.32701763074577,maximum_decision_score
4,2681,8842-302203-0004,8842/302203,LibriSpeech_8842,LibriSpeech_8842,1,39.32604646743556,maximum_decision_score
3,2682,8842-302203-0005,8842/302203,LibriSpeech_8842,LibriSpeech_8842,1,39.32547964767439,maximum_decision_score
2,2683,8842-302203-0006,8842/302203,LibriSpeech_8842,LibriSpeech_8842,1,39.325910531476104,maximum_decision_score
4,2684,8842-302203-0007,8842/302203,LibriSpeech_8842,LibriSpeech_8842,1,39.32668475338937,maximum_decision_score
4,2685,8842-302203-0008,8842/302203,LibriSpeech_8842,LibriSpeech_8842,1,39.32657394628257,maximum_decision_score
2,2686,8842-302203-0009,8842/302203,LibriSpeech_8842,LibriSpeech_8842,1,39.326825248069774,maximum_decision_score
1,2687,8842-302203-0010,8842/302203,LibriSpeech_8842,LibriSpeech_8842,1,39.326038120478444,maximum_decision_score
1,2688,8842-302203-0011,8842/302203,LibriSpeech_8842,LibriSpeech_8842,1,39.32736927875663,maximum_decision_score
1,2689,8842-304647-0000,8842/304647,LibriSpeech_8842,LibriSpeech_8842,1,39.32586912331855,maximum_decision_score
3,2690,8842-304647-0001,8842/304647,LibriSpeech_8842,LibriSpeech_84,0,39.322716881475195,maximum_decision_score
2,2691,8842-304647-0002,8842/304647,LibriSpeech_8842,LibriSpeech_8842,1,39.32600419162735,maximum_decision_score
3,2692,8842-304647-0003,8842/304647,LibriSpeech_8842,LibriSpeech_8842,1,39.32652516080395,maximum_decision_score
1,2693,8842-304647-0004,8842/304647,LibriSpeech_8842,LibriSpeech_8842,1,39.32698211320577,maximum_decision_score
3,2694,8842-304647-0005,8842/304647,LibriSpeech_8842,LibriSpeech_1462,0,39.323456708324564,maximum_decision_score
5,2695,8842-304647-0006,8842/304647,LibriSpeech_8842,LibriSpeech_8842,1,39.3256140504366,maximum_decision_score
3,2696,8842-304647-0007,8842/304647,LibriSpeech_8842,LibriSpeech_1462,0,39.325075902613406,maximum_decision_score
5,2697,8842-304647-0008,8842/304647,LibriSpeech_8842,LibriSpeech_8842,1,39.326071032478104,maximum_decision_score
5,2698,8842-304647-0009,8842/304647,LibriSpeech_8842,LibriSpeech_8842,1,39.32586003031047,maximum_decision_score
2,2699,8842-304647-0010,8842/304647,LibriSpeech_8842,LibriSpeech_8842,1,39.3259614795834,maximum_decision_score
2,2700,8842-304647-0011,8842/304647,LibriSpeech_8842,LibriSpeech_8842,1,39.32542294333366,maximum_decision_score
1,2701,8842-304647-0012,8842/304647,LibriSpeech_8842,LibriSpeech_8842,1,39.32670757213976,maximum_decision_score
4,2702,8842-304647-0013,8842/304647,LibriSpeech_8842,LibriSpeech_8842,1,39.32671614402464,maximum_decision_score
