fold,sample_index,clip_id,source_group,true_label,predicted_label,correct,prediction_score,score_type
4,0,1272-128104-0000,1272/128104,LibriSpeech_1272,LibriSpeech_1272,1,39.32604215799699,maximum_decision_score
1,1,1272-128104-0001,1272/128104,LibriSpeech_1272,LibriSpeech_1272,1,39.32574391603102,maximum_decision_score
4,2,1272-128104-0002,1272/128104,LibriSpeech_1272,LibriSpeech_1272,1,39.32532685724789,maximum_decision_score
2,3,1272-128104-0003,1272/128104,LibriSpeech_1272,LibriSpeech_1272,1,39.32583364178895,maximum_decision_score
5,4,1272-128104-0004,1272/128104,LibriSpeech_1272,LibriSpeech_1272,1,39.32603933905379,maximum_decision_score
5,5,1272-128104-0005,1272/128104,LibriSpeech_1272,LibriSpeech_1272,1,39.32509430378467,maximum_decision_score
4,6,1272-128104-0006,1272/128104,LibriSpeech_1272,LibriSpeech_1272,1,39.325411463662405,maximum_decision_score
4,7,1272-128104-0007,1272/128104,LibriSpeech_1272,LibriSpeech_1272,1,39.32554703239999,maximum_decision_score
3,8,1272-128104-0008,1272/128104,LibriSpeech_1272,LibriSpeech_1272,1,39.32619166386431,maximum_decision_score
1,9,1272-128104-0009,1272/128104,LibriSpeech_1272,LibriSpeech_1272,1,39.32480636374508,maximum_decision_score
5,10,1272-128104-0010,1272/128104,LibriSpeech_1272,LibriSpeech_1272,1,39.32523043242021,maximum_decision_score
2,11,1272-128104-0011,1272/128104,LibriSpeech_1272,LibriSpeech_1272,1,39.32511146275655,maximum_decision_score
1,12,1272-128104-0012,1272/128104,LibriSpeech_1272,LibriSpeech_1272,1,39.324886633529026,maximum_decision_score
4,13,1272-128104-0013,1272/128104,LibriSpeech_1272,LibriSpeech_1272,1,39.3256495971337,maximum_decision_score
3,14,1272-128104-0014,1272/128104,LibriSpeech_1272,LibriSpeech_1272,1,39.32499381345878,maximum_decision_score
5,15,1272-135031-0000,1272/135031,LibriSpeech_1272,LibriSpeech_1272,1,39.32608697035842,maximum_decision_score
4,16,1272-135031-0001,1272/135031,LibriSpeech_1272,LibriSpeech_1272,1,39.32520862596408,maximum_decision_score
3,17,1272-135031-0002,1272/135031,LibriSpeech_1272,LibriSpeech_1272,1,39.325536278857044,maximum_decision_score
4,18,1272-135031-0003,1272/135031,LibriSpeech_1272,LibriSpeech_1272,1,39.32509476565092,maximum_decision_score
2,19,1272-135031-0004,1272/135031,LibriSpeech_1272,LibriSpeech_1272,1,39.325700786389085,maximum_decision_score
3,20,1272-135031-0005,1272/135031,LibriSpeech_1272,LibriSpeech_1272,1,39.324954284695075,maximum_decision_score
5,21,1272-135031-0006,1272/135031,LibriSpeech_1272,LibriSpeech_1272,1,39.32616277313212,maximum_decision_score
1,22,1272-135031-0007,1272/135031,LibriSpeech_1272,LibriSpeech_1272,1,39.325547036832845,maximum_decision_score
2,23,1272-135031-0008,1272/135031,LibriSpeech_1272,LibriSpeech_1272,1,39.32609450734959,maximum_decision_score
3,24,1272-135031-0009,1272/135031,LibriSpeech_1272,LibriSpeech_1272,1,39.32299991530677,maximum_decision_score
1,25,1272-135031-0010,1272/135031,LibriSpeech_1272,LibriSpeech_1272,1,39.325750647394536,maximum_decision_score
4,26,1272-135031-0011,1272/135031,LibriSpeech_1272,LibriSpeech_1272,1,39.32463205820747,maximum_decision_score
5,27,1272-135031-0012,1272/135031,LibriSpeech_1272,LibriSpeech_1272,1,39.32544178240655,maximum_decision_score
2,28,1272-135031-0013,1272/135031,LibriSpeech_1272,LibriSpeech_1272,1,39.326661092895144,maximum_decision_score
2,29,1272-135031-0014,1272/135031,LibriSpeech_1272,LibriSpeech_1272,1,39.32566521503149,maximum_decision_score
4,30,1272-135031-0015,1272/135031,LibriSpeech_1272,LibriSpeech_1272,1,39.326042980447696,maximum_decision_score
2,31,1272-135031-0016,1272/135031,LibriSpeech_1272,LibriSpeech_1272,1,39.32531207740369,maximum_decision_score
5,32,1272-135031-0017,1272/135031,LibriSpeech_1272,LibriSpeech_1272,1,39.32591910151518,maximum_decision_score
3,33,1272-135031-0018,1272/135031,LibriSpeech_1272,LibriSpeech_1272,1,39.32499793133034,maximum_decision_score
3,34,1272-135031-0019,1272/135031,LibriSpeech_1272,LibriSpeech_1272,1,39.3245939477557,maximum_decision_score
3,35,1272-135031-0020,1272/135031,LibriSpeech_1272,LibriSpeech_1272,1,39.32357027905516,maximum_decision_score
1,36,1272-135031-0021,1272/135031,LibriSpeech_1272,LibriSpeech_1272,1,39.32721371106035,maximum_decision_score
1,37,1272-135031-0022,1272/135031,LibriSpeech_1272,LibriSpeech_1272,1,39.325203037688595,maximum_decision_score
5,38,1272-135031-0023,1272/135031,LibriSpeech_1272,LibriSpeech_1272,1,39.32588555374901,maximum_decision_score
1,39,1272-135031-0024,1272/135031,LibriSpeech_1272,LibriSpeech_1272,1,39.32554223360037,maximum_decision_score
3,40,1272-141231-0000,1272/141231,LibriSpeech_1272,LibriSpeech_1272,1,39.32625815054301,maximum_decision_score
4,41,1272-141231-0001,1272/141231,LibriSpeech_1272,LibriSpeech_1272,1,39.32621922619566,maximum_decision_score
5,42,1272-141231-0002,1272/141231,LibriSpeech_1272,LibriSpeech_1272,1,39.32583224375253,maximum_decision_score
4,43,1272-141231-0003,1272/141231,LibriSpeech_1272,LibriSpeech_1272,1,39.326375193277364,maximum_decision_score
5,44,1272-141231-0004,1272/141231,LibriSpeech_1272,LibriSpeech_1272,1,39.32582277656166,maximum_decision_score
1,45,1272-141231-0005,1272/141231,LibriSpeech_1272,LibriSpeech_1272,1,39.32631023339694,maximum_decision_score
5,46,1272-141231-0006,1272/141231,LibriSpeech_1272,LibriSpeech_1272,1,39.326296870022965,maximum_decision_score
5,47,1272-141231-0007,1272/141231,LibriSpeech_1272,LibriSpeech_1272,1,39.32642143831594,maximum_decision_score
5,48,1272-141231-0008,1272/141231,LibriSpeech_1272,LibriSpeech_1272,1,39.32655115043058,maximum_decision_score
3,49,1272-141231-0009,1272/141231,LibriSpeech_1272,LibriSpeech_1272,1,39.325871284802034,maximum_decision_score
1,50,1272-141231-0010,1272/141231,LibriSpeech_1272,LibriSpeech_1272,1,39.32627141870606,maximum_decision_score
1,51,1272-141231-0011,1272/141231,LibriSpeech_1272,LibriSpeech_1272,1,39.32517417408117,maximum_decision_score
3,52,1272-141231-0012,1272/141231,LibriSpeech_1272,LibriSpeech_1272,1,39.326052899204306,maximum_decision_score
2,53,1272-141231-0013,1272/141231,LibriSpeech_1272,LibriSpeech_1272,1,39.324392953307786,maximum_decision_score
4,54,1272-141231-0014,1272/141231,LibriSpeech_1272,LibriSpeech_1272,1,39.325067012705794,maximum_decision_score
4,55,1272-141231-0015,1272/141231,LibriSpeech_1272,LibriSpeech_1272,1,39.32609834494656,maximum_decision_score
1,56,1272-141231-0016,1272/141231,LibriSpeech_1272,LibriSpeech_1272,1,39.32258939553842,maximum_decision_score
2,57,1272-141231-0017,1272/141231,LibriSpeech_1272,LibriSpeech_1272,1,39.325891429510534,maximum_decision_score
3,58,1272-141231-0018,1272/141231,LibriSpeech_1272,LibriSpeech_1272,1,39.32589857009038,maximum_decision_score
3,59,1272-141231-0019,1272/141231,LibriSpeech_1272,LibriSpeech_1272,1,39.32565911375257,maximum_decision_score
2,60,1272-141231-0020,1272/141231,LibriSpeech_1272,LibriSpeech_1272,1,39.32628186254525,maximum_decision_score
4,61,1272-141231-0021,1272/141231,LibriSpeech_1272,LibriSpeech_1272,1,39.32589304971949,maximum_decision_score
1,62,1272-141231-0022,1272/141231,LibriSpeech_1272,LibriSpeech_1272,1,39.325518138980236,maximum_decision_score
2,63,1272-141231-0023,1272/141231,LibriSpeech_1272,LibriSpeech_1272,1,39.326239371208985,maximum_decision_score
1,64,1272-141231-0024,1272/141231,LibriSpeech_1272,LibriSpeech_1272,1,39.325126389649455,maximum_decision_score
2,65,1272-141231-0025,1272/141231,LibriSpeech_1272,LibriSpeech_1272,1,39.326358286106526,maximum_decision_score
5,66,1272-141231-0026,1272/141231,LibriSpeech_1272,LibriSpeech_1272,1,39.325759390731626,maximum_decision_score
2,67,1272-141231-0027,1272/141231,LibriSpeech_1272,LibriSpeech_1272,1,39.326307350285376,maximum_decision_score
2,68,1272-141231-0028,1272/141231,LibriSpeech_1272,LibriSpeech_1272,1,39.326448302585305,maximum_decision_score
3,69,1272-141231-0029,1272/141231,LibriSpeech_1272,LibriSpeech_1272,1,39.32428123952797,maximum_decision_score
3,70,1272-141231-0030,1272/141231,LibriSpeech_1272,LibriSpeech_1272,1,39.325984600185684,maximum_decision_score
1,71,1272-141231-0031,1272/141231,LibriSpeech_1272,LibriSpeech_1272,1,39.32612576092483,maximum_decision_score
2,72,1272-141231-0032,1272/141231,LibriSpeech_1272,LibriSpeech_1272,1,39.32611283875074,maximum_decision_score
1,73,1462-170138-0000,1462/170138,LibriSpeech_1462,LibriSpeech_1462,1,39.3260596699618,maximum_decision_score
1,74,1462-170138-0001,1462/170138,LibriSpeech_1462,LibriSpeech_1462,1,39.3252135633347,maximum_decision_score
5,75,1462-170138-0002,1462/170138,LibriSpeech_1462,LibriSpeech_1462,1,39.325118952524626,maximum_decision_score
1,76,1462-170138-0003,1462/170138,LibriSpeech_1462,LibriSpeech_1462,1,39.32548826767333,maximum_decision_score
2,77,1462-170138-0004,1462/170138,LibriSpeech_1462,LibriSpeech_1462,1,39.32509862781542,maximum_decision_score
1,78,1462-170138-0005,1462/170138,LibriSpeech_1462,LibriSpeech_1462,1,39.32571402526463,maximum_decision_score
3,79,1462-170138-0006,1462/170138,LibriSpeech_1462,LibriSpeech_1462,1,39.32650292605631,maximum_decision_score
1,80,1462-170138-0007,1462/170138,LibriSpeech_1462,LibriSpeech_1462,1,39.32656519018446,maximum_decision_score
4,81,1462-170138-0008,1462/170138,LibriSpeech_1462,LibriSpeech_1462,1,39.32550310485782,maximum_decision_score
4,82,1462-170138-0009,1462/170138,LibriSpeech_1462,LibriSpeech_1462,1,39.325932624500055,maximum_decision_score
3,83,1462-170138-0010,1462/170138,LibriSpeech_1462,LibriSpeech_1462,1,39.325621508165725,maximum_decision_score
4,84,1462-170138-0011,1462/170138,LibriSpeech_1462,LibriSpeech_1462,1,39.326043658811294,maximum_decision_score
2,85,1462-170138-0012,1462/170138,LibriSpeech_1462,LibriSpeech_1462,1,39.3267093742924,maximum_decision_score
3,86,1462-170138-0013,1462/170138,LibriSpeech_1462,LibriSpeech_1462,1,39.325804219659595,maximum_decision_score
1,87,1462-170138-0014,1462/170138,LibriSpeech_1462,LibriSpeech_1462,1,39.32631137100825,maximum_decision_score
2,88,1462-170138-0015,1462/170138,LibriSpeech_1462,LibriSpeech_1462,1,39.3257051678659,maximum_decision_score
3,89,1462-170138-0016,1462/170138,LibriSpeech_1462,LibriSpeech_1462,1,39.32584007009176,maximum_decision_score
5,90,1462-170138-0017,1462/170138,LibriSpeech_1462,LibriSpeech_1462,1,39.32695880894349,maximum_decision_score
2,91,1462-170138-0018,1462/170138,LibriSpeech_1462,LibriSpeech_1462,1,39.326158350652015,maximum_decision_score
2,92,1462-170138-0019,1462/170138,LibriSpeech_1462,LibriSpeech_1462,1,39.32598333210949,maximum_decision_score
3,93,1462-170138-0020,1462/170138,LibriSpeech_1462,LibriSpeech_1462,1,39.32578359317932,maximum_decision_score
4,94,1462-170138-0021,1462/170138,LibriSpeech_1462,LibriSpeech_1462,1,39.32537023083935,maximum_decision_score
2,95,1462-170138-0022,1462/170138,LibriSpeech_1462,LibriSpeech_1462,1,39.326380759542175,maximum_decision_score
5,96,1462-170138-0023,1462/170138,LibriSpeech_1462,LibriSpeech_1462,1,39.32595397857068,maximum_decision_score
3,97,1462-170138-0024,1462/170138,LibriSpeech_1462,LibriSpeech_1462,1,39.326708031695084,maximum_decision_score
5,98,1462-170138-0025,1462/170138,LibriSpeech_1462,LibriSpeech_1462,1,39.325386238298975,maximum_decision_score
5,99,1462-170138-0026,1462/170138,LibriSpeech_1462,LibriSpeech_1462,1,39.326467260289135,maximum_decision_score
4,100,1462-170138-0027,1462/170138,LibriSpeech_1462,LibriSpeech_1462,1,39.32586138075799,maximum_decision_score
3,101,1462-170142-0000,1462/170142,LibriSpeech_1462,LibriSpeech_1462,1,39.32663024952803,maximum_decision_score
4,102,1462-170142-0001,1462/170142,LibriSpeech_1462,LibriSpeech_1462,1,39.326305685620426,maximum_decision_score
2,103,1462-170142-0002,1462/170142,LibriSpeech_1462,LibriSpeech_1462,1,39.3268742778531,maximum_decision_score
4,104,1462-170142-0003,1462/170142,LibriSpeech_1462,LibriSpeech_1462,1,39.32646632139739,maximum_decision_score
1,105,1462-170142-0004,1462/170142,LibriSpeech_1462,LibriSpeech_1462,1,39.3244508684486,maximum_decision_score
1,106,1462-170142-0005,1462/170142,LibriSpeech_1462,LibriSpeech_1462,1,39.326185603190915,maximum_decision_score
5,107,1462-170142-0006,1462/170142,LibriSpeech_1462,LibriSpeech_1462,1,39.32608405379687,maximum_decision_score
4,108,1462-170142-0007,1462/170142,LibriSpeech_1462,LibriSpeech_1462,1,39.32591794820573,maximum_decision_score
2,109,1462-170142-0008,1462/170142,LibriSpeech_1462,LibriSpeech_1462,1,39.32616771285805,maximum_decision_score
1,110,1462-170142-0009,1462/170142,LibriSpeech_1462,LibriSpeech_1462,1,39.325611660979895,maximum_decision_score
5,111,1462-170142-0010,1462/170142,LibriSpeech_1462,LibriSpeech_1462,1,39.32676375066521,maximum_decision_score
3,112,1462-170142-0011,1462/170142,LibriSpeech_1462,LibriSpeech_1462,1,39.32668544429643,maximum_decision_score
2,113,1462-170142-0012,1462/170142,LibriSpeech_1462,LibriSpeech_1462,1,39.32647487583457,maximum_decision_score
2,114,1462-170142-0013,1462/170142,LibriSpeech_1462,LibriSpeech_1462,1,39.32575867855155,maximum_decision_score
4,115,1462-170142-0014,1462/170142,LibriSpeech_1462,LibriSpeech_1462,1,39.32662327498775,maximum_decision_score
5,116,1462-170142-0015,1462/170142,LibriSpeech_1462,LibriSpeech_1462,1,39.32721953538239,maximum_decision_score
3,117,1462-170142-0016,1462/170142,LibriSpeech_1462,LibriSpeech_1462,1,39.3251144674622,maximum_decision_score
5,118,1462-170142-0017,1462/170142,LibriSpeech_1462,LibriSpeech_1462,1,39.32592969061142,maximum_decision_score
2,119,1462-170142-0018,1462/170142,LibriSpeech_1462,LibriSpeech_1462,1,39.32709882035753,maximum_decision_score
4,120,1462-170142-0019,1462/170142,LibriSpeech_1462,LibriSpeech_1462,1,39.32612799812765,maximum_decision_score
3,121,1462-170142-0020,1462/170142,LibriSpeech_1462,LibriSpeech_1462,1,39.32569732202525,maximum_decision_score
4,122,1462-170142-0021,1462/170142,LibriSpeech_1462,LibriSpeech_1462,1,39.3257903146337,maximum_decision_score
5,123,1462-170142-0022,1462/170142,LibriSpeech_1462,LibriSpeech_1462,1,39.326406236690936,maximum_decision_score
1,124,1462-170142-0023,1462/170142,LibriSpeech_1462,LibriSpeech_1462,1,39.325790185497816,maximum_decision_score
3,125,1462-170142-0024,1462/170142,LibriSpeech_1462,LibriSpeech_1462,1,39.323280476417985,maximum_decision_score
5,126,1462-170142-0025,1462/170142,LibriSpeech_1462,LibriSpeech_1462,1,39.32700712293726,maximum_decision_score
3,127,1462-170142-0026,1462/170142,LibriSpeech_1462,LibriSpeech_1462,1,39.32650236131036,maximum_decision_score
4,128,1462-170142-0027,1462/170142,LibriSpeech_1462,LibriSpeech_1462,1,39.32605969268394,maximum_decision_score
1,129,1462-170142-0028,1462/170142,LibriSpeech_1462,LibriSpeech_1462,1,39.32412473209194,maximum_decision_score
1,130,1462-170142-0029,1462/170142,LibriSpeech_1462,LibriSpeech_1462,1,39.32569635386537,maximum_decision_score
4,131,1462-170142-0030,1462/170142,LibriSpeech_1462,LibriSpeech_1462,1,39.325511871405624,maximum_decision_score
2,132,1462-170142-0031,1462/170142,LibriSpeech_1462,LibriSpeech_1462,1,39.32600355290232,maximum_decision_score
1,133,1462-170142-0032,1462/170142,LibriSpeech_1462,LibriSpeech_1462,1,39.32510389858919,maximum_decision_score
4,134,1462-170142-0033,1462/170142,LibriSpeech_1462,LibriSpeech_1462,1,39.32526887674007,maximum_decision_score
3,135,1462-170142-0034,1462/170142,LibriSpeech_1462,LibriSpeech_1462,1,39.32530085899574,maximum_decision_score
3,136,1462-170142-0035,1462/170142,LibriSpeech_1462,LibriSpeech_1462,1,39.32427564878868,maximum_decision_score
4,137,1462-170142-0036,1462/170142,LibriSpeech_1462,LibriSpeech_1462,1,39.32449107431006,maximum_decision_score
3,138,1462-170142-0037,1462/170142,LibriSpeech_1462,LibriSpeech_1462,1,39.32441453217872,maximum_decision_score
2,139,1462-170142-0038,1462/170142,LibriSpeech_1462,LibriSpeech_1462,1,39.32575810771422,maximum_decision_score
2,140,1462-170142-0039,1462/170142,LibriSpeech_1462,LibriSpeech_1462,1,39.32526775157165,maximum_decision_score
3,141,1462-170142-0040,1462/170142,LibriSpeech_1462,LibriSpeech_1462,1,39.3261436717137,maximum_decision_score
2,142,1462-170142-0041,1462/170142,LibriSpeech_1462,LibriSpeech_1462,1,39.326419394192726,maximum_decision_score
2,143,1462-170142-0042,1462/170142,LibriSpeech_1462,LibriSpeech_1462,1,39.32636729999594,maximum_decision_score
5,144,1462-170145-0000,1462/170145,LibriSpeech_1462,LibriSpeech_1462,1,39.325643114319206,maximum_decision_score
5,145,1462-170145-0001,1462/170145,LibriSpeech_1462,LibriSpeech_1462,1,39.32557669978587,maximum_decision_score
2,146,1462-170145-0002,1462/170145,LibriSpeech_1462,LibriSpeech_1462,1,39.32541294388122,maximum_decision_score
5,147,1462-170145-0003,1462/170145,LibriSpeech_1462,LibriSpeech_1462,1,39.325695824397386,maximum_decision_score
2,148,1462-170145-0004,1462/170145,LibriSpeech_1462,LibriSpeech_1462,1,39.326099911614314,maximum_decision_score
5,149,1462-170145-0005,1462/170145,LibriSpeech_1462,LibriSpeech_1462,1,39.32596261713956,maximum_decision_score
1,150,1462-170145-0006,1462/170145,LibriSpeech_1462,LibriSpeech_1462,1,39.32621858798519,maximum_decision_score
4,151,1462-170145-0007,1462/170145,LibriSpeech_1462,LibriSpeech_1462,1,39.32585533933985,maximum_decision_score
3,152,1462-170145-0008,1462/170145,LibriSpeech_1462,LibriSpeech_1462,1,39.32723508801043,maximum_decision_score
1,153,1462-170145-0009,1462/170145,LibriSpeech_1462,LibriSpeech_1462,1,39.32619019221975,maximum_decision_score
4,154,1462-170145-0010,1462/170145,LibriSpeech_1462,LibriSpeech_1462,1,39.32483621363203,maximum_decision_score
5,155,1462-170145-0011,1462/170145,LibriSpeech_1462,LibriSpeech_1462,1,39.32566120615134,maximum_decision_score
5,156,1462-170145-0012,1462/170145,LibriSpeech_1462,LibriSpeech_1462,1,39.325676394474634,maximum_decision_score
3,157,1462-170145-0013,1462/170145,LibriSpeech_1462,LibriSpeech_1462,1,39.325599401846205,maximum_decision_score
1,158,1462-170145-0014,1462/170145,LibriSpeech_1462,LibriSpeech_1462,1,39.32672589073846,maximum_decision_score
5,159,1462-170145-0015,1462/170145,LibriSpeech_1462,LibriSpeech_1462,1,39.325793604347076,maximum_decision_score
1,160,1462-170145-0016,1462/170145,LibriSpeech_1462,LibriSpeech_1462,1,39.32662929349265,maximum_decision_score
3,161,1462-170145-0017,1462/170145,LibriSpeech_1462,LibriSpeech_1462,1,39.32492303952192,maximum_decision_score
4,162,1462-170145-0018,1462/170145,LibriSpeech_1462,LibriSpeech_1462,1,39.325476914841246,maximum_decision_score
2,163,1462-170145-0019,1462/170145,LibriSpeech_1462,LibriSpeech_1462,1,39.32710809057435,maximum_decision_score
4,164,1462-170145-0020,1462/170145,LibriSpeech_1462,LibriSpeech_1462,1,39.326762522332075,maximum_decision_score
5,165,1462-170145-0021,1462/170145,LibriSpeech_1462,LibriSpeech_1462,1,39.32524127353711,maximum_decision_score
1,166,1462-170145-0022,1462/170145,LibriSpeech_1462,LibriSpeech_1462,1,39.32582611103486,maximum_decision_score
5,167,1673-143396-0000,1673/143396,LibriSpeech_1673,LibriSpeech_1673,1,39.32537070271472,maximum_decision_score
4,168,1673-143396-0001,1673/143396,LibriSpeech_1673,LibriSpeech_1673,1,39.32529743727618,maximum_decision_score
3,169,1673-143396-0002,1673/143396,LibriSpeech_1673,LibriSpeech_1673,1,39.325585515674966,maximum_decision_score
4,170,1673-143396-0003,1673/143396,LibriSpeech_1673,LibriSpeech_1673,1,39.32487903799535,maximum_decision_score
4,171,1673-143396-0004,1673/143396,LibriSpeech_1673,LibriSpeech_1673,1,39.325099195552376,maximum_decision_score
1,172,1673-143396-0005,1673/143396,LibriSpeech_1673,LibriSpeech_1673,1,39.32590193948896,maximum_decision_score
5,173,1673-143396-0006,1673/143396,LibriSpeech_1673,LibriSpeech_1673,1,39.32554150124977,maximum_decision_score
3,174,1673-143396-0007,1673/143396,LibriSpeech_1673,LibriSpeech_1673,1,39.32618425439302,maximum_decision_score
2,175,1673-143396-0008,1673/143396,LibriSpeech_1673,LibriSpeech_1673,1,39.32522371375773,maximum_decision_score
2,176,1673-143396-0009,1673/143396,LibriSpeech_1673,LibriSpeech_1673,1,39.325496405781834,maximum_decision_score
1,177,1673-143396-0010,1673/143396,LibriSpeech_1673,LibriSpeech_1673,1,39.32611094337568,maximum_decision_score
5,178,1673-143396-0011,1673/143396,LibriSpeech_1673,LibriSpeech_1673,1,39.32557026875146,maximum_decision_score
3,179,1673-143396-0012,1673/143396,LibriSpeech_1673,LibriSpeech_1673,1,39.325870649397885,maximum_decision_score
1,180,1673-143396-0013,1673/143396,LibriSpeech_1673,LibriSpeech_1673,1,39.32544251452639,maximum_decision_score
5,181,1673-143396-0014,1673/143396,LibriSpeech_1673,LibriSpeech_1673,1,39.32547275743332,maximum_decision_score
1,182,1673-143396-0015,1673/143396,LibriSpeech_1673,LibriSpeech_1673,1,39.32625256549664,maximum_decision_score
2,183,1673-143396-0016,1673/143396,LibriSpeech_1673,LibriSpeech_1673,1,39.32564970159596,maximum_decision_score
1,184,1673-143396-0017,1673/143396,LibriSpeech_1673,LibriSpeech_1673,1,39.32596024627652,maximum_decision_score
3,185,1673-143396-0018,1673/143396,LibriSpeech_1673,LibriSpeech_1673,1,39.32579459614296,maximum_decision_score
3,186,1673-143396-0019,1673/143396,LibriSpeech_1673,LibriSpeech_1673,1,39.325222039104844,maximum_decision_score
3,187,1673-143396-0020,1673/143396,LibriSpeech_1673,LibriSpeech_1673,1,39.32524211185641,maximum_decision_score
5,188,1673-143397-0000,1673/143397,LibriSpeech_1673,LibriSpeech_1673,1,39.32552298995468,maximum_decision_score
2,189,1673-143397-0001,1673/143397,LibriSpeech_1673,LibriSpeech_1673,1,39.32527305222594,maximum_decision_score
1,190,1673-143397-0002,1673/143397,LibriSpeech_1673,LibriSpeech_1673,1,39.32538991178468,maximum_decision_score
4,191,1673-143397-0003,1673/143397,LibriSpeech_1673,LibriSpeech_1673,1,39.3252083498672,maximum_decision_score
2,192,1673-143397-0004,1673/143397,LibriSpeech_1673,LibriSpeech_1673,1,39.32456265003365,maximum_decision_score
2,193,1673-143397-0005,1673/143397,LibriSpeech_1673,LibriSpeech_1673,1,39.32517755092016,maximum_decision_score
5,194,1673-143397-0006,1673/143397,LibriSpeech_1673,LibriSpeech_1673,1,39.32480913189511,maximum_decision_score
4,195,1673-143397-0007,1673/143397,LibriSpeech_1673,LibriSpeech_1673,1,39.32547271618656,maximum_decision_score
2,196,1673-143397-0008,1673/143397,LibriSpeech_1673,LibriSpeech_1673,1,39.32442598671174,maximum_decision_score
3,197,1673-143397-0009,1673/143397,LibriSpeech_1673,LibriSpeech_1673,1,39.32618959310885,maximum_decision_score
4,198,1673-143397-0010,1673/143397,LibriSpeech_1673,LibriSpeech_1673,1,39.32507585459503,maximum_decision_score
1,199,1673-143397-0011,1673/143397,LibriSpeech_1673,LibriSpeech_1673,1,39.324912321994,maximum_decision_score
5,200,1673-143397-0012,1673/143397,LibriSpeech_1673,LibriSpeech_1673,1,39.32540288690053,maximum_decision_score
4,201,1673-143397-0013,1673/143397,LibriSpeech_1673,LibriSpeech_1673,1,39.32495109629416,maximum_decision_score
2,202,1673-143397-0014,1673/143397,LibriSpeech_1673,LibriSpeech_1673,1,39.32528783498236,maximum_decision_score
3,203,1673-143397-0015,1673/143397,LibriSpeech_1673,LibriSpeech_1673,1,39.325989687062474,maximum_decision_score
1,204,1673-143397-0016,1673/143397,LibriSpeech_1673,LibriSpeech_1673,1,39.32517191952632,maximum_decision_score
4,205,1673-143397-0017,1673/143397,LibriSpeech_1673,LibriSpeech_1673,1,39.32487016061208,maximum_decision_score
5,206,1673-143397-0018,1673/143397,LibriSpeech_1673,LibriSpeech_1673,1,39.3250033299765,maximum_decision_score
3,207,1673-143397-0019,1673/143397,LibriSpeech_1673,LibriSpeech_1673,1,39.325977512864334,maximum_decision_score
4,208,1673-143397-0020,1673/143397,LibriSpeech_1673,LibriSpeech_1673,1,39.3253361618253,maximum_decision_score
3,209,174-168635-0000,174/168635,LibriSpeech_174,LibriSpeech_174,1,39.32462396046929,maximum_decision_score
5,210,174-168635-0001,174/168635,LibriSpeech_174,LibriSpeech_174,1,39.32589814995882,maximum_decision_score
2,211,174-168635-0002,174/168635,LibriSpeech_174,LibriSpeech_174,1,39.32572188623622,maximum_decision_score
3,212,174-168635-0003,174/168635,LibriSpeech_174,LibriSpeech_174,1,39.325986576525665,maximum_decision_score
2,213,174-168635-0004,174/168635,LibriSpeech_174,LibriSpeech_174,1,39.325542845768425,maximum_decision_score
4,214,174-168635-0005,174/168635,LibriSpeech_174,LibriSpeech_174,1,39.3255749561047,maximum_decision_score
5,215,174-168635-0006,174/168635,LibriSpeech_174,LibriSpeech_174,1,39.327129574601265,maximum_decision_score
3,216,174-168635-0007,174/168635,LibriSpeech_174,LibriSpeech_174,1,39.32570113894636,maximum_decision_score
2,217,174-168635-0008,174/168635,LibriSpeech_174,LibriSpeech_174,1,39.32576236506904,maximum_decision_score
5,218,174-168635-0009,174/168635,LibriSpeech_174,LibriSpeech_174,1,39.32667501875179,maximum_decision_score
3,219,174-168635-0010,174/168635,LibriSpeech_174,LibriSpeech_174,1,39.32604053434492,maximum_decision_score
1,220,174-168635-0011,174/168635,LibriSpeech_174,LibriSpeech_174,1,39.32515156044493,maximum_decision_score
5,221,174-168635-0012,174/168635,LibriSpeech_174,LibriSpeech_174,1,39.32577686239048,maximum_decision_score
2,222,174-168635-0013,174/168635,LibriSpeech_174,LibriSpeech_174,1,39.325337445369705,maximum_decision_score
4,223,174-168635-0014,174/168635,LibriSpeech_174,LibriSpeech_174,1,39.32599425020647,maximum_decision_score
5,224,174-168635-0015,174/168635,LibriSpeech_174,LibriSpeech_174,1,39.32609968735161,maximum_decision_score
5,225,174-168635-0016,174/168635,LibriSpeech_174,LibriSpeech_174,1,39.32585456392082,maximum_decision_score
4,226,174-168635-0017,174/168635,LibriSpeech_174,LibriSpeech_174,1,39.32624832461397,maximum_decision_score
4,227,174-168635-0018,174/168635,LibriSpeech_174,LibriSpeech_174,1,39.326385081450795,maximum_decision_score
1,228,174-168635-0019,174/168635,LibriSpeech_174,LibriSpeech_174,1,39.32578992318036,maximum_decision_score
1,229,174-168635-0020,174/168635,LibriSpeech_174,LibriSpeech_174,1,39.32662478662862,maximum_decision_score
3,230,174-168635-0021,174/168635,LibriSpeech_174,LibriSpeech_174,1,39.32624538767595,maximum_decision_score
5,231,174-168635-0022,174/168635,LibriSpeech_174,LibriSpeech_174,1,39.32620430315026,maximum_decision_score
1,232,174-50561-0000,174/50561,LibriSpeech_174,LibriSpeech_174,1,39.32596263828636,maximum_decision_score
5,233,174-50561-0001,174/50561,LibriSpeech_174,LibriSpeech_174,1,39.32620124697703,maximum_decision_score
1,234,174-50561-0002,174/50561,LibriSpeech_174,LibriSpeech_174,1,39.32224513778302,maximum_decision_score
4,235,174-50561-0003,174/50561,LibriSpeech_174,LibriSpeech_174,1,39.32600477199925,maximum_decision_score
1,236,174-50561-0004,174/50561,LibriSpeech_174,LibriSpeech_174,1,39.325370363479074,maximum_decision_score
2,237,174-50561-0005,174/50561,LibriSpeech_174,LibriSpeech_174,1,39.3240884095986,maximum_decision_score
4,238,174-50561-0006,174/50561,LibriSpeech_174,LibriSpeech_174,1,39.325789373206774,maximum_decision_score
2,239,174-50561-0007,174/50561,LibriSpeech_174,LibriSpeech_174,1,39.32542846609209,maximum_decision_score
4,240,174-50561-0008,174/50561,LibriSpeech_174,LibriSpeech_174,1,39.32583144221704,maximum_decision_score
5,241,174-50561-0009,174/50561,LibriSpeech_174,LibriSpeech_174,1,39.32678456238487,maximum_decision_score
1,242,174-50561-0010,174/50561,LibriSpeech_174,LibriSpeech_174,1,39.325538905799476,maximum_decision_score
3,243,174-50561-0011,174/50561,LibriSpeech_174,LibriSpeech_174,1,39.32559284208471,maximum_decision_score
3,244,174-50561-0012,174/50561,LibriSpeech_174,LibriSpeech_174,1,39.32702712355032,maximum_decision_score
4,245,174-50561-0013,174/50561,LibriSpeech_174,LibriSpeech_174,1,39.32587246230793,maximum_decision_score
1,246,174-50561-0014,174/50561,LibriSpeech_174,LibriSpeech_174,1,39.3239769117849,maximum_decision_score
3,247,174-50561-0015,174/50561,LibriSpeech_174,LibriSpeech_174,1,39.325385899626006,maximum_decision_score
1,248,174-50561-0016,174/50561,LibriSpeech_174,LibriSpeech_174,1,39.32565207331722,maximum_decision_score
5,249,174-50561-0017,174/50561,LibriSpeech_174,LibriSpeech_174,1,39.32508684943093,maximum_decision_score
4,250,174-50561-0018,174/50561,LibriSpeech_174,LibriSpeech_174,1,39.321911859904795,maximum_decision_score
4,251,174-50561-0019,174/50561,LibriSpeech_174,LibriSpeech_174,1,39.32544032460385,maximum_decision_score
2,252,174-84280-0000,174/84280,LibriSpeech_174,LibriSpeech_174,1,39.32606796329153,maximum_decision_score
2,253,174-84280-0001,174/84280,LibriSpeech_174,LibriSpeech_174,1,39.32550082992232,maximum_decision_score
2,254,174-84280-0002,174/84280,LibriSpeech_174,LibriSpeech_174,1,39.3254365130586,maximum_decision_score
1,255,174-84280-0003,174/84280,LibriSpeech_174,LibriSpeech_174,1,39.32554557499661,maximum_decision_score
4,256,174-84280-0004,174/84280,LibriSpeech_174,LibriSpeech_174,1,39.326059535472275,maximum_decision_score
5,257,174-84280-0005,174/84280,LibriSpeech_174,LibriSpeech_174,1,39.325695685139635,maximum_decision_score
5,258,174-84280-0006,174/84280,LibriSpeech_174,LibriSpeech_174,1,39.32468886653875,maximum_decision_score
3,259,174-84280-0007,174/84280,LibriSpeech_174,LibriSpeech_174,1,39.32626193367948,maximum_decision_score
1,260,174-84280-0008,174/84280,LibriSpeech_174,LibriSpeech_174,1,39.32486426648505,maximum_decision_score
2,261,174-84280-0009,174/84280,LibriSpeech_174,LibriSpeech_174,1,39.32508910450993,maximum_decision_score
3,262,174-84280-0010,174/84280,LibriSpeech_174,LibriSpeech_174,1,39.325826610840025,maximum_decision_score
2,263,174-84280-0011,174/84280,LibriSpeech_174,LibriSpeech_174,1,39.32353266440605,maximum_decision_score
1,264,174-84280-0012,174/84280,LibriSpeech_174,LibriSpeech_174,1,39.32561908822832,maximum_decision_score
2,265,174-84280-0013,174/84280,LibriSpeech_174,LibriSpeech_174,1,39.32590086592818,maximum_decision_score
4,266,174-84280-0014,174/84280,LibriSpeech_174,LibriSpeech_174,1,39.324938355165855,maximum_decision_score
3,267,174-84280-0015,174/84280,LibriSpeech_174,LibriSpeech_174,1,39.326080570804805,maximum_decision_score
5,268,1919-142785-0000,1919/142785,LibriSpeech_1919,LibriSpeech_1919,1,39.32597246100341,maximum_decision_score
4,269,1919-142785-0001,1919/142785,LibriSpeech_1919,LibriSpeech_1919,1,39.325097993235936,maximum_decision_score
3,270,1919-142785-0002,1919/142785,LibriSpeech_1919,LibriSpeech_1919,1,39.32496536270505,maximum_decision_score
2,271,1919-142785-0003,1919/142785,LibriSpeech_1919,LibriSpeech_1919,1,39.3250486726479,maximum_decision_score
3,272,1919-142785-0004,1919/142785,LibriSpeech_1919,LibriSpeech_1919,1,39.326154376944636,maximum_decision_score
4,273,1919-142785-0005,1919/142785,LibriSpeech_1919,LibriSpeech_1919,1,39.32605963581635,maximum_decision_score
4,274,1919-142785-0006,1919/142785,LibriSpeech_1919,LibriSpeech_1919,1,39.32563786466466,maximum_decision_score
5,275,1919-142785-0007,1919/142785,LibriSpeech_1919,LibriSpeech_1919,1,39.32614349838331,maximum_decision_score
3,276,1919-142785-0008,1919/142785,LibriSpeech_1919,LibriSpeech_1919,1,39.32583484795894,maximum_decision_score
2,277,1919-142785-0009,1919/142785,LibriSpeech_1919,LibriSpeech_1919,1,39.324335403947195,maximum_decision_score
5,278,1919-142785-0010,1919/142785,LibriSpeech_1919,LibriSpeech_1919,1,39.325224208840694,maximum_decision_score
1,279,1919-142785-0011,1919/142785,LibriSpeech_1919,LibriSpeech_1919,1,39.32615031144917,maximum_decision_score
2,280,1919-142785-0012,1919/142785,LibriSpeech_1919,LibriSpeech_1919,1,39.32630724608829,maximum_decision_score
3,281,1919-142785-0013,1919/142785,LibriSpeech_1919,LibriSpeech_1919,1,39.32613199795982,maximum_decision_score
2,282,1919-142785-0014,1919/142785,LibriSpeech_1919,LibriSpeech_1919,1,39.3260898468597,maximum_decision_score
5,283,1919-142785-0015,1919/142785,LibriSpeech_1919,LibriSpeech_1919,1,39.32550615199186,maximum_decision_score
3,284,1919-142785-0016,1919/142785,LibriSpeech_1919,LibriSpeech_1919,1,39.326078320714515,maximum_decision_score
2,285,1919-142785-0017,1919/142785,LibriSpeech_1919,LibriSpeech_1919,1,39.32568728536305,maximum_decision_score
1,286,1919-142785-0018,1919/142785,LibriSpeech_1919,LibriSpeech_1919,1,39.32618705720953,maximum_decision_score
4,287,1919-142785-0019,1919/142785,LibriSpeech_1919,LibriSpeech_1919,1,39.32528950695641,maximum_decision_score
3,288,1919-142785-0020,1919/142785,LibriSpeech_1919,LibriSpeech_1919,1,39.32544261414721,maximum_decision_score
2,289,1919-142785-0021,1919/142785,LibriSpeech_1919,LibriSpeech_1919,1,39.32449836379037,maximum_decision_score
3,290,1919-142785-0022,1919/142785,LibriSpeech_1919,LibriSpeech_1919,1,39.32660830237058,maximum_decision_score
5,291,1919-142785-0023,1919/142785,LibriSpeech_1919,LibriSpeech_1919,1,39.32584025826359,maximum_decision_score
5,292,1919-142785-0024,1919/142785,LibriSpeech_1919,LibriSpeech_1919,1,39.32545145291648,maximum_decision_score
2,293,1919-142785-0025,1919/142785,LibriSpeech_1919,LibriSpeech_1919,1,39.32610932862462,maximum_decision_score
5,294,1919-142785-0026,1919/142785,LibriSpeech_1919,LibriSpeech_1919,1,39.32641362468508,maximum_decision_score
3,295,1919-142785-0027,1919/142785,LibriSpeech_1919,LibriSpeech_1919,1,39.32510325109007,maximum_decision_score
1,296,1919-142785-0028,1919/142785,LibriSpeech_1919,LibriSpeech_1919,1,39.32542520300246,maximum_decision_score
1,297,1919-142785-0029,1919/142785,LibriSpeech_1919,LibriSpeech_1919,1,39.324994672679,maximum_decision_score
3,298,1919-142785-0030,1919/142785,LibriSpeech_1919,LibriSpeech_1919,1,39.32585620879711,maximum_decision_score
4,299,1919-142785-0031,1919/142785,LibriSpeech_1919,LibriSpeech_1919,1,39.32566746036518,maximum_decision_score
1,300,1919-142785-0032,1919/142785,LibriSpeech_1919,LibriSpeech_1919,1,39.32645061126716,maximum_decision_score
1,301,1919-142785-0033,1919/142785,LibriSpeech_1919,LibriSpeech_1919,1,39.325384485214215,maximum_decision_score
3,302,1919-142785-0034,1919/142785,LibriSpeech_1919,LibriSpeech_1919,1,39.324755990602796,maximum_decision_score
3,303,1919-142785-0035,1919/142785,LibriSpeech_1919,LibriSpeech_1919,1,39.325820367726585,maximum_decision_score
3,304,1919-142785-0036,1919/142785,LibriSpeech_1919,LibriSpeech_1919,1,39.32581537745026,maximum_decision_score
4,305,1919-142785-0037,1919/142785,LibriSpeech_1919,LibriSpeech_1919,1,39.32725172615368,maximum_decision_score
1,306,1919-142785-0038,1919/142785,LibriSpeech_1919,LibriSpeech_1919,1,39.32611959187174,maximum_decision_score
2,307,1919-142785-0039,1919/142785,LibriSpeech_1919,LibriSpeech_1919,1,39.326550094122496,maximum_decision_score
5,308,1919-142785-0040,1919/142785,LibriSpeech_1919,LibriSpeech_1919,1,39.32615503568177,maximum_decision_score
2,309,1919-142785-0041,1919/142785,LibriSpeech_1919,LibriSpeech_1919,1,39.326151311618524,maximum_decision_score
4,310,1919-142785-0042,1919/142785,LibriSpeech_1919,LibriSpeech_1919,1,39.32600725409878,maximum_decision_score
5,311,1919-142785-0043,1919/142785,LibriSpeech_1919,LibriSpeech_1919,1,39.32600577047708,maximum_decision_score
1,312,1919-142785-0044,1919/142785,LibriSpeech_1919,LibriSpeech_1919,1,39.326167986262455,maximum_decision_score
5,313,1919-142785-0045,1919/142785,LibriSpeech_1919,LibriSpeech_1919,1,39.323160424835656,maximum_decision_score
4,314,1919-142785-0046,1919/142785,LibriSpeech_1919,LibriSpeech_1919,1,39.32680520716257,maximum_decision_score
2,315,1919-142785-0047,1919/142785,LibriSpeech_1919,LibriSpeech_1919,1,39.32632370743399,maximum_decision_score
4,316,1919-142785-0048,1919/142785,LibriSpeech_1919,LibriSpeech_1919,1,39.32630441197617,maximum_decision_score
2,317,1919-142785-0049,1919/142785,LibriSpeech_1919,LibriSpeech_1919,1,39.326247679231166,maximum_decision_score
4,318,1919-142785-0050,1919/142785,LibriSpeech_1919,LibriSpeech_1919,1,39.32580739706732,maximum_decision_score
5,319,1919-142785-0051,1919/142785,LibriSpeech_1919,LibriSpeech_1919,1,39.325972591161175,maximum_decision_score
2,320,1919-142785-0052,1919/142785,LibriSpeech_1919,LibriSpeech_1919,1,39.32558819560471,maximum_decision_score
2,321,1919-142785-0053,1919/142785,LibriSpeech_1919,LibriSpeech_1919,1,39.32603468163764,maximum_decision_score
1,322,1919-142785-0054,1919/142785,LibriSpeech_1919,LibriSpeech_1919,1,39.32511767299867,maximum_decision_score
4,323,1919-142785-0055,1919/142785,LibriSpeech_1919,LibriSpeech_1919,1,39.325423286947796,maximum_decision_score
1,324,1919-142785-0056,1919/142785,LibriSpeech_1919,LibriSpeech_1919,1,39.32224224661516,maximum_decision_score
5,325,1919-142785-0057,1919/142785,LibriSpeech_1919,LibriSpeech_1919,1,39.325698608833974,maximum_decision_score
1,326,1919-142785-0058,1919/142785,LibriSpeech_1919,LibriSpeech_1919,1,39.32308871295603,maximum_decision_score
1,327,1919-142785-0059,1919/142785,LibriSpeech_1919,LibriSpeech_1919,1,39.3258538350178,maximum_decision_score
4,328,1919-142785-0060,1919/142785,LibriSpeech_1919,LibriSpeech_1919,1,39.325442380344676,maximum_decision_score
1,329,1919-142785-0061,1919/142785,LibriSpeech_1919,LibriSpeech_1919,1,39.32587721613321,maximum_decision_score
3,330,1919-142785-0062,1919/142785,LibriSpeech_1919,LibriSpeech_1919,1,39.32584037730493,maximum_decision_score
5,331,1919-142785-0063,1919/142785,LibriSpeech_1919,LibriSpeech_1919,1,39.3251270219329,maximum_decision_score
2,332,1988-147956-0000,1988/147956,LibriSpeech_1988,LibriSpeech_1988,1,39.32650276907855,maximum_decision_score
3,333,1988-147956-0001,1988/147956,LibriSpeech_1988,LibriSpeech_1988,1,39.32585885444694,maximum_decision_score
1,334,1988-147956-0002,1988/147956,LibriSpeech_1988,LibriSpeech_1988,1,39.32581889012107,maximum_decision_score
5,335,1988-147956-0003,1988/147956,LibriSpeech_1988,LibriSpeech_1988,1,39.32508560477752,maximum_decision_score
3,336,1988-147956-0004,1988/147956,LibriSpeech_1988,LibriSpeech_1988,1,39.32656372773182,maximum_decision_score
1,337,1988-147956-0005,1988/147956,LibriSpeech_1988,LibriSpeech_1988,1,39.32580070834163,maximum_decision_score
4,338,1988-147956-0006,1988/147956,LibriSpeech_1988,LibriSpeech_1988,1,39.326109538838125,maximum_decision_score
1,339,1988-147956-0007,1988/147956,LibriSpeech_1988,LibriSpeech_1988,1,39.326296856539706,maximum_decision_score
5,340,1988-147956-0008,1988/147956,LibriSpeech_1988,LibriSpeech_1988,1,39.32592770872745,maximum_decision_score
3,341,1988-147956-0009,1988/147956,LibriSpeech_1988,LibriSpeech_1988,1,39.326688875596126,maximum_decision_score
2,342,1988-147956-0010,1988/147956,LibriSpeech_1988,LibriSpeech_1988,1,39.326589300392115,maximum_decision_score
2,343,1988-147956-0011,1988/147956,LibriSpeech_1988,LibriSpeech_1988,1,39.32675779531921,maximum_decision_score
4,344,1988-147956-0012,1988/147956,LibriSpeech_1988,LibriSpeech_1988,1,39.325512927459485,maximum_decision_score
4,345,1988-147956-0013,1988/147956,LibriSpeech_1988,LibriSpeech_1988,1,39.3260576653529,maximum_decision_score
4,346,1988-147956-0014,1988/147956,LibriSpeech_1988,LibriSpeech_1988,1,39.321455356533214,maximum_decision_score
4,347,1988-147956-0015,1988/147956,LibriSpeech_1988,LibriSpeech_1988,1,39.32580285375069,maximum_decision_score
3,348,1988-147956-0016,1988/147956,LibriSpeech_1988,LibriSpeech_1988,1,39.32621692843535,maximum_decision_score
1,349,1988-147956-0017,1988/147956,LibriSpeech_1988,LibriSpeech_1988,1,39.32633781144624,maximum_decision_score
4,350,1988-147956-0018,1988/147956,LibriSpeech_1988,LibriSpeech_1988,1,39.325626119969414,maximum_decision_score
2,351,1988-147956-0019,1988/147956,LibriSpeech_1988,LibriSpeech_1988,1,39.32568325225003,maximum_decision_score
3,352,1988-147956-0020,1988/147956,LibriSpeech_1988,LibriSpeech_1988,1,39.32612172934272,maximum_decision_score
1,353,1988-147956-0021,1988/147956,LibriSpeech_1988,LibriSpeech_1988,1,39.32625888363415,maximum_decision_score
1,354,1988-147956-0022,1988/147956,LibriSpeech_1988,LibriSpeech_1988,1,39.32670057728616,maximum_decision_score
3,355,1988-147956-0023,1988/147956,LibriSpeech_1988,LibriSpeech_1988,1,39.32698982340519,maximum_decision_score
2,356,1988-147956-0024,1988/147956,LibriSpeech_1988,LibriSpeech_1988,1,39.32627048469628,maximum_decision_score
1,357,1988-147956-0025,1988/147956,LibriSpeech_1988,LibriSpeech_1988,1,39.32671278292514,maximum_decision_score
5,358,1988-147956-0026,1988/147956,LibriSpeech_1988,LibriSpeech_1988,1,39.326506813544796,maximum_decision_score
5,359,1988-147956-0027,1988/147956,LibriSpeech_1988,LibriSpeech_1988,1,39.32603556683486,maximum_decision_score
2,360,1988-147956-0028,1988/147956,LibriSpeech_1988,LibriSpeech_1988,1,39.32651146168461,maximum_decision_score
3,361,1988-147956-0029,1988/147956,LibriSpeech_1988,LibriSpeech_1988,1,39.326243760481425,maximum_decision_score
5,362,1988-148538-0000,1988/148538,LibriSpeech_1988,LibriSpeech_1988,1,39.32551524102053,maximum_decision_score
1,363,1988-148538-0001,1988/148538,LibriSpeech_1988,LibriSpeech_1988,1,39.325358805832956,maximum_decision_score
3,364,1988-148538-0002,1988/148538,LibriSpeech_1988,LibriSpeech_1988,1,39.32426618244374,maximum_decision_score
3,365,1988-148538-0003,1988/148538,LibriSpeech_1988,LibriSpeech_1988,1,39.32473218519154,maximum_decision_score
3,366,1988-148538-0004,1988/148538,LibriSpeech_1988,LibriSpeech_1988,1,39.32498050236163,maximum_decision_score
1,367,1988-148538-0005,1988/148538,LibriSpeech_1988,LibriSpeech_1988,1,39.325529791078836,maximum_decision_score
5,368,1988-148538-0006,1988/148538,LibriSpeech_1988,LibriSpeech_1988,1,39.32538396385881,maximum_decision_score
5,369,1988-148538-0007,1988/148538,LibriSpeech_1988,LibriSpeech_1988,1,39.32527534491656,maximum_decision_score
2,370,1988-148538-0008,1988/148538,LibriSpeech_1988,LibriSpeech_1988,1,39.32479047309271,maximum_decision_score
2,371,1988-148538-0009,1988/148538,LibriSpeech_1988,LibriSpeech_1988,1,39.325619804071856,maximum_decision_score
5,372,1988-148538-0010,1988/148538,LibriSpeech_1988,LibriSpeech_1988,1,39.3257906242205,maximum_decision_score
1,373,1988-148538-0011,1988/148538,LibriSpeech_1988,LibriSpeech_1988,1,39.32462775612687,maximum_decision_score
4,374,1988-148538-0012,1988/148538,LibriSpeech_1988,LibriSpeech_1988,1,39.32579336161661,maximum_decision_score
3,375,1988-148538-0013,1988/148538,LibriSpeech_1988,LibriSpeech_1988,1,39.32553867549512,maximum_decision_score
1,376,1988-148538-0014,1988/148538,LibriSpeech_1988,LibriSpeech_1988,1,39.32568441108572,maximum_decision_score
2,377,1988-148538-0015,1988/148538,LibriSpeech_1988,LibriSpeech_1988,1,39.32484389515116,maximum_decision_score
2,378,1988-24833-0000,1988/24833,LibriSpeech_1988,LibriSpeech_1988,1,39.324663980211426,maximum_decision_score
4,379,1988-24833-0001,1988/24833,LibriSpeech_1988,LibriSpeech_1988,1,39.326141568159606,maximum_decision_score
3,380,1988-24833-0002,1988/24833,LibriSpeech_1988,LibriSpeech_1988,1,39.32628799784045,maximum_decision_score
2,381,1988-24833-0003,1988/24833,LibriSpeech_1988,LibriSpeech_1988,1,39.32467775636025,maximum_decision_score
2,382,1988-24833-0004,1988/24833,LibriSpeech_1988,LibriSpeech_1988,1,39.32574331943588,maximum_decision_score
5,383,1988-24833-0005,1988/24833,LibriSpeech_1988,LibriSpeech_1988,1,39.326103252933876,maximum_decision_score
1,384,1988-24833-0006,1988/24833,LibriSpeech_1988,LibriSpeech_1988,1,39.32759290438241,maximum_decision_score
4,385,1988-24833-0007,1988/24833,LibriSpeech_1988,LibriSpeech_1988,1,39.32588978326166,maximum_decision_score
2,386,1988-24833-0008,1988/24833,LibriSpeech_1988,LibriSpeech_1988,1,39.32525822436828,maximum_decision_score
4,387,1988-24833-0009,1988/24833,LibriSpeech_1988,LibriSpeech_1988,1,39.32392939616005,maximum_decision_score
2,388,1988-24833-0010,1988/24833,LibriSpeech_1988,LibriSpeech_1988,1,39.32502659803649,maximum_decision_score
5,389,1988-24833-0011,1988/24833,LibriSpeech_1988,LibriSpeech_1988,1,39.32714386697155,maximum_decision_score
5,390,1988-24833-0012,1988/24833,LibriSpeech_1988,LibriSpeech_1988,1,39.32602978803502,maximum_decision_score
3,391,1988-24833-0013,1988/24833,LibriSpeech_1988,LibriSpeech_1988,1,39.32554907895121,maximum_decision_score
2,392,1988-24833-0014,1988/24833,LibriSpeech_1988,LibriSpeech_1988,1,39.325677556839835,maximum_decision_score
4,393,1988-24833-0015,1988/24833,LibriSpeech_1988,LibriSpeech_1988,1,39.326150279045955,maximum_decision_score
4,394,1988-24833-0016,1988/24833,LibriSpeech_1988,LibriSpeech_1988,1,39.32671261926592,maximum_decision_score
5,395,1988-24833-0017,1988/24833,LibriSpeech_1988,LibriSpeech_1988,1,39.32612196220729,maximum_decision_score
5,396,1988-24833-0018,1988/24833,LibriSpeech_1988,LibriSpeech_1988,1,39.32545224090751,maximum_decision_score
1,397,1988-24833-0019,1988/24833,LibriSpeech_1988,LibriSpeech_1988,1,39.325902588889754,maximum_decision_score
3,398,1988-24833-0020,1988/24833,LibriSpeech_1988,LibriSpeech_1988,1,39.32636463366524,maximum_decision_score
4,399,1988-24833-0021,1988/24833,LibriSpeech_1988,LibriSpeech_1988,1,39.32693681312729,maximum_decision_score
5,400,1988-24833-0022,1988/24833,LibriSpeech_1988,LibriSpeech_1988,1,39.325984396693585,maximum_decision_score
4,401,1988-24833-0023,1988/24833,LibriSpeech_1988,LibriSpeech_1988,1,39.326062240700935,maximum_decision_score
5,402,1988-24833-0024,1988/24833,LibriSpeech_1988,LibriSpeech_1988,1,39.3257968272592,maximum_decision_score
4,403,1988-24833-0025,1988/24833,LibriSpeech_1988,LibriSpeech_1988,1,39.32463264571856,maximum_decision_score
1,404,1988-24833-0026,1988/24833,LibriSpeech_1988,LibriSpeech_1988,1,39.32563535031323,maximum_decision_score
1,405,1988-24833-0027,1988/24833,LibriSpeech_1988,LibriSpeech_1988,1,39.32578992644037,maximum_decision_score
3,406,1988-24833-0028,1988/24833,LibriSpeech_1988,LibriSpeech_1988,1,39.325760201960186,maximum_decision_score
1,407,1993-147149-0000,1993/147149,LibriSpeech_1993,LibriSpeech_1993,1,39.3253409304478,maximum_decision_score
3,408,1993-147149-0001,1993/147149,LibriSpeech_1993,LibriSpeech_1993,1,39.32593751085266,maximum_decision_score
4,409,1993-147149-0002,1993/147149,LibriSpeech_1993,LibriSpeech_1993,1,39.32634737914938,maximum_decision_score
3,410,1993-147149-0003,1993/147149,LibriSpeech_1993,LibriSpeech_1993,1,39.32619080363345,maximum_decision_score
1,411,1993-147149-0004,1993/147149,LibriSpeech_1993,LibriSpeech_1993,1,39.32516274947856,maximum_decision_score
2,412,1993-147149-0005,1993/147149,LibriSpeech_1993,LibriSpeech_1993,1,39.32634207628497,maximum_decision_score
5,413,1993-147149-0006,1993/147149,LibriSpeech_1993,LibriSpeech_1993,1,39.325684346889346,maximum_decision_score
4,414,1993-147149-0007,1993/147149,LibriSpeech_1993,LibriSpeech_1993,1,39.325898295825766,maximum_decision_score
4,415,1993-147149-0008,1993/147149,LibriSpeech_1993,LibriSpeech_1993,1,39.32606574675999,maximum_decision_score
5,416,1993-147149-0009,1993/147149,LibriSpeech_1993,LibriSpeech_1993,1,39.326000553695344,maximum_decision_score
5,417,1993-147149-0010,1993/147149,LibriSpeech_1993,LibriSpeech_1993,1,39.32516896547373,maximum_decision_score
5,418,1993-147149-0011,1993/147149,LibriSpeech_1993,LibriSpeech_1993,1,39.32661404835229,maximum_decision_score
2,419,1993-147149-0012,1993/147149,LibriSpeech_1993,LibriSpeech_1993,1,39.32601918081728,maximum_decision_score
5,420,1993-147149-0013,1993/147149,LibriSpeech_1993,LibriSpeech_1993,1,39.32543351526997,maximum_decision_score
3,421,1993-147149-0014,1993/147149,LibriSpeech_1993,LibriSpeech_1993,1,39.325492014952786,maximum_decision_score
2,422,1993-147149-0015,1993/147149,LibriSpeech_1993,LibriSpeech_1993,1,39.32637019789899,maximum_decision_score
4,423,1993-147149-0016,1993/147149,LibriSpeech_1993,LibriSpeech_1993,1,39.326295102201605,maximum_decision_score
2,424,1993-147149-0017,1993/147149,LibriSpeech_1993,LibriSpeech_1993,1,39.32646598746354,maximum_decision_score
1,425,1993-147149-0018,1993/147149,LibriSpeech_1993,LibriSpeech_1993,1,39.32626789706126,maximum_decision_score
1,426,1993-147149-0019,1993/147149,LibriSpeech_1993,LibriSpeech_1993,1,39.32635754380253,maximum_decision_score
2,427,1993-147149-0020,1993/147149,LibriSpeech_1993,LibriSpeech_1993,1,39.32613054078293,maximum_decision_score
3,428,1993-147149-0021,1993/147149,LibriSpeech_1993,LibriSpeech_1993,1,39.32572479742166,maximum_decision_score
1,429,1993-147149-0022,1993/147149,LibriSpeech_1993,LibriSpeech_1993,1,39.325146522924825,maximum_decision_score
4,430,1993-147149-0023,1993/147149,LibriSpeech_1993,LibriSpeech_1993,1,39.3256127467151,maximum_decision_score
2,431,1993-147149-0024,1993/147149,LibriSpeech_1993,LibriSpeech_1993,1,39.3253063956199,maximum_decision_score
3,432,1993-147149-0025,1993/147149,LibriSpeech_1993,LibriSpeech_1993,1,39.32475434519493,maximum_decision_score
3,433,1993-147149-0026,1993/147149,LibriSpeech_1993,LibriSpeech_1993,1,39.323239811707396,maximum_decision_score
5,434,1993-147149-0027,1993/147149,LibriSpeech_1993,LibriSpeech_1993,1,39.32562561351559,maximum_decision_score
3,435,1993-147149-0028,1993/147149,LibriSpeech_1993,LibriSpeech_1993,1,39.32572007280553,maximum_decision_score
4,436,1993-147149-0029,1993/147149,LibriSpeech_1993,LibriSpeech_1993,1,39.32545370670516,maximum_decision_score
1,437,1993-147149-0030,1993/147149,LibriSpeech_1993,LibriSpeech_1993,1,39.326283970155544,maximum_decision_score
5,438,1993-147964-0000,1993/147964,LibriSpeech_1993,LibriSpeech_1993,1,39.32568329381644,maximum_decision_score
4,439,1993-147964-0001,1993/147964,LibriSpeech_1993,LibriSpeech_1993,1,39.32497696552145,maximum_decision_score
1,440,1993-147964-0002,1993/147964,LibriSpeech_1993,LibriSpeech_1993,1,39.3258341138256,maximum_decision_score
2,441,1993-147964-0003,1993/147964,LibriSpeech_1993,LibriSpeech_1993,1,39.32629796255108,maximum_decision_score
5,442,1993-147964-0004,1993/147964,LibriSpeech_1993,LibriSpeech_1993,1,39.32597637087562,maximum_decision_score
1,443,1993-147964-0005,1993/147964,LibriSpeech_1993,LibriSpeech_1993,1,39.32548535733888,maximum_decision_score
2,444,1993-147964-0006,1993/147964,LibriSpeech_1993,LibriSpeech_1993,1,39.32561250924748,maximum_decision_score
3,445,1993-147964-0007,1993/147964,LibriSpeech_1993,LibriSpeech_1993,1,39.32506807923305,maximum_decision_score
5,446,1993-147964-0008,1993/147964,LibriSpeech_1993,LibriSpeech_1993,1,39.32534671471392,maximum_decision_score
4,447,1993-147964-0009,1993/147964,LibriSpeech_1993,LibriSpeech_1993,1,39.32553778443991,maximum_decision_score
2,448,1993-147964-0010,1993/147964,LibriSpeech_1993,LibriSpeech_1993,1,39.325711383362936,maximum_decision_score
4,449,1993-147965-0000,1993/147965,LibriSpeech_1993,LibriSpeech_1993,1,39.32487947670877,maximum_decision_score
1,450,1993-147965-0001,1993/147965,LibriSpeech_1993,LibriSpeech_1993,1,39.32222199433443,maximum_decision_score
4,451,1993-147965-0002,1993/147965,LibriSpeech_1993,LibriSpeech_1993,1,39.326752962142535,maximum_decision_score
2,452,1993-147965-0003,1993/147965,LibriSpeech_1993,LibriSpeech_1993,1,39.326413411343715,maximum_decision_score
4,453,1993-147965-0004,1993/147965,LibriSpeech_1993,LibriSpeech_1993,1,39.327020803671594,maximum_decision_score
5,454,1993-147965-0005,1993/147965,LibriSpeech_1993,LibriSpeech_1993,1,39.326973534767944,maximum_decision_score
1,455,1993-147965-0006,1993/147965,LibriSpeech_1993,LibriSpeech_1993,1,39.32603339853307,maximum_decision_score
4,456,1993-147965-0007,1993/147965,LibriSpeech_1993,LibriSpeech_1993,1,39.32671017693091,maximum_decision_score
5,457,1993-147965-0008,1993/147965,LibriSpeech_1993,LibriSpeech_1993,1,39.32597439222987,maximum_decision_score
3,458,1993-147966-0000,1993/147966,LibriSpeech_1993,LibriSpeech_1993,1,39.32493773841902,maximum_decision_score
3,459,1993-147966-0001,1993/147966,LibriSpeech_1993,LibriSpeech_1993,1,39.32570043726873,maximum_decision_score
1,460,1993-147966-0002,1993/147966,LibriSpeech_1993,LibriSpeech_1993,1,39.32495490982709,maximum_decision_score
2,461,1993-147966-0003,1993/147966,LibriSpeech_1993,LibriSpeech_1993,1,39.326434201850304,maximum_decision_score
3,462,1993-147966-0004,1993/147966,LibriSpeech_1993,LibriSpeech_1993,1,39.32569709845454,maximum_decision_score
2,463,1993-147966-0005,1993/147966,LibriSpeech_1993,LibriSpeech_1993,1,39.32597420012505,maximum_decision_score
3,464,1993-147966-0006,1993/147966,LibriSpeech_1993,LibriSpeech_1993,1,39.32109290516052,maximum_decision_score
2,465,2035-147960-0000,2035/147960,LibriSpeech_2035,LibriSpeech_2035,1,39.325807996031216,maximum_decision_score
5,466,2035-147960-0001,2035/147960,LibriSpeech_2035,LibriSpeech_2035,1,39.325702929171804,maximum_decision_score
4,467,2035-147960-0002,2035/147960,LibriSpeech_2035,LibriSpeech_2035,1,39.32530417472163,maximum_decision_score
4,468,2035-147960-0003,2035/147960,LibriSpeech_2035,LibriSpeech_2035,1,39.326172039408235,maximum_decision_score
1,469,2035-147960-0004,2035/147960,LibriSpeech_2035,LibriSpeech_2035,1,39.32579814403439,maximum_decision_score
4,470,2035-147960-0005,2035/147960,LibriSpeech_2035,LibriSpeech_2035,1,39.32610857827037,maximum_decision_score
3,471,2035-147960-0006,2035/147960,LibriSpeech_2035,LibriSpeech_2035,1,39.32219558876191,maximum_decision_score
4,472,2035-147960-0007,2035/147960,LibriSpeech_2035,LibriSpeech_2035,1,39.32565972082759,maximum_decision_score
5,473,2035-147960-0008,2035/147960,LibriSpeech_2035,LibriSpeech_2035,1,39.325810478114676,maximum_decision_score
4,474,2035-147960-0009,2035/147960,LibriSpeech_2035,LibriSpeech_2035,1,39.32518488491283,maximum_decision_score
3,475,2035-147960-0010,2035/147960,LibriSpeech_2035,LibriSpeech_2035,1,39.32519631477484,maximum_decision_score
5,476,2035-147960-0011,2035/147960,LibriSpeech_2035,LibriSpeech_2035,1,39.32666530816024,maximum_decision_score
3,477,2035-147960-0012,2035/147960,LibriSpeech_2035,LibriSpeech_2035,1,39.32624736971651,maximum_decision_score
2,478,2035-147960-0013,2035/147960,LibriSpeech_2035,LibriSpeech_2035,1,39.32636127070948,maximum_decision_score
2,479,2035-147960-0014,2035/147960,LibriSpeech_2035,LibriSpeech_2035,1,39.32536691529683,maximum_decision_score
4,480,2035-147960-0015,2035/147960,LibriSpeech_2035,LibriSpeech_2035,1,39.32464103633485,maximum_decision_score
5,481,2035-147960-0016,2035/147960,LibriSpeech_2035,LibriSpeech_2035,1,39.32494890131197,maximum_decision_score
1,482,2035-147961-0000,2035/147961,LibriSpeech_2035,LibriSpeech_2035,1,39.325729083001676,maximum_decision_score
5,483,2035-147961-0001,2035/147961,LibriSpeech_2035,LibriSpeech_2035,1,39.32587196304789,maximum_decision_score
5,484,2035-147961-0002,2035/147961,LibriSpeech_2035,LibriSpeech_2035,1,39.32610664559924,maximum_decision_score
1,485,2035-147961-0003,2035/147961,LibriSpeech_2035,LibriSpeech_2035,1,39.32580806209321,maximum_decision_score
1,486,2035-147961-0004,2035/147961,LibriSpeech_2035,LibriSpeech_2035,1,39.32522789492113,maximum_decision_score
3,487,2035-147961-0005,2035/147961,LibriSpeech_2035,LibriSpeech_2035,1,39.32582106195959,maximum_decision_score
3,488,2035-147961-0006,2035/147961,LibriSpeech_2035,LibriSpeech_2035,1,39.32603293572742,maximum_decision_score
4,489,2035-147961-0007,2035/147961,LibriSpeech_2035,LibriSpeech_2035,1,39.32495162126299,maximum_decision_score
2,490,2035-147961-0008,2035/147961,LibriSpeech_2035,LibriSpeech_2035,1,39.324785349012096,maximum_decision_score
3,491,2035-147961-0009,2035/147961,LibriSpeech_2035,LibriSpeech_2035,1,39.32589519880627,maximum_decision_score
3,492,2035-147961-0010,2035/147961,LibriSpeech_2035,LibriSpeech_2035,1,39.32527301989765,maximum_decision_score
4,493,2035-147961-0011,2035/147961,LibriSpeech_2035,LibriSpeech_2035,1,39.32563889315826,maximum_decision_score
1,494,2035-147961-0012,2035/147961,LibriSpeech_2035,LibriSpeech_2035,1,39.326377995384334,maximum_decision_score
3,495,2035-147961-0013,2035/147961,LibriSpeech_2035,LibriSpeech_2035,1,39.32556823509066,maximum_decision_score
1,496,2035-147961-0014,2035/147961,LibriSpeech_2035,LibriSpeech_2035,1,39.32520506071418,maximum_decision_score
2,497,2035-147961-0015,2035/147961,LibriSpeech_2035,LibriSpeech_2035,1,39.32600510003277,maximum_decision_score
3,498,2035-147961-0016,2035/147961,LibriSpeech_2035,LibriSpeech_2035,1,39.325030312044824,maximum_decision_score
3,499,2035-147961-0017,2035/147961,LibriSpeech_2035,LibriSpeech_2035,1,39.32581535288589,maximum_decision_score
2,500,2035-147961-0018,2035/147961,LibriSpeech_2035,LibriSpeech_2035,1,39.326095886508234,maximum_decision_score
5,501,2035-147961-0019,2035/147961,LibriSpeech_2035,LibriSpeech_2035,1,39.32617488561868,maximum_decision_score
2,502,2035-147961-0020,2035/147961,LibriSpeech_2035,LibriSpeech_2035,1,39.32525925489332,maximum_decision_score
4,503,2035-147961-0021,2035/147961,LibriSpeech_2035,LibriSpeech_2035,1,39.32593429439394,maximum_decision_score
5,504,2035-147961-0022,2035/147961,LibriSpeech_2035,LibriSpeech_2035,1,39.32623414894865,maximum_decision_score
1,505,2035-147961-0023,2035/147961,LibriSpeech_2035,LibriSpeech_2035,1,39.32649458671903,maximum_decision_score
1,506,2035-147961-0024,2035/147961,LibriSpeech_2035,LibriSpeech_2035,1,39.32439497370549,maximum_decision_score
2,507,2035-147961-0025,2035/147961,LibriSpeech_2035,LibriSpeech_2035,1,39.32612389286677,maximum_decision_score
5,508,2035-147961-0026,2035/147961,LibriSpeech_2035,LibriSpeech_2035,1,39.326031330611826,maximum_decision_score
2,509,2035-147961-0027,2035/147961,LibriSpeech_2035,LibriSpeech_2035,1,39.32261292629553,maximum_decision_score
3,510,2035-147961-0028,2035/147961,LibriSpeech_2035,LibriSpeech_2035,1,39.32563950955032,maximum_decision_score
1,511,2035-147961-0029,2035/147961,LibriSpeech_2035,LibriSpeech_2035,1,39.32525208017451,maximum_decision_score
5,512,2035-147961-0030,2035/147961,LibriSpeech_2035,LibriSpeech_2035,1,39.32613750818472,maximum_decision_score
4,513,2035-147961-0031,2035/147961,LibriSpeech_2035,LibriSpeech_2035,1,39.32570024946507,maximum_decision_score
4,514,2035-147961-0032,2035/147961,LibriSpeech_2035,LibriSpeech_2035,1,39.32584216825151,maximum_decision_score
3,515,2035-147961-0033,2035/147961,LibriSpeech_2035,LibriSpeech_2035,1,39.32547723104421,maximum_decision_score
3,516,2035-147961-0034,2035/147961,LibriSpeech_2035,LibriSpeech_2035,1,39.32447153482283,maximum_decision_score
4,517,2035-147961-0035,2035/147961,LibriSpeech_2035,LibriSpeech_2035,1,39.325775543920614,maximum_decision_score
1,518,2035-147961-0036,2035/147961,LibriSpeech_2035,LibriSpeech_2035,1,39.32608115087956,maximum_decision_score
3,519,2035-147961-0037,2035/147961,LibriSpeech_2035,LibriSpeech_2035,1,39.32473007614225,maximum_decision_score
4,520,2035-147961-0038,2035/147961,LibriSpeech_2035,LibriSpeech_2035,1,39.325586643866544,maximum_decision_score
3,521,2035-147961-0039,2035/147961,LibriSpeech_2035,LibriSpeech_2035,1,39.32545072974711,maximum_decision_score
5,522,2035-147961-0040,2035/147961,LibriSpeech_2035,LibriSpeech_2035,1,39.32645693283012,maximum_decision_score
1,523,2035-152373-0000,2035/152373,LibriSpeech_2035,LibriSpeech_2035,1,39.32611266805833,maximum_decision_score
3,524,2035-152373-0001,2035/152373,LibriSpeech_2035,LibriSpeech_2035,1,39.32619468623646,maximum_decision_score
2,525,2035-152373-0002,2035/152373,LibriSpeech_2035,LibriSpeech_2035,1,39.32629641987911,maximum_decision_score
5,526,2035-152373-0003,2035/152373,LibriSpeech_2035,LibriSpeech_2035,1,39.32590602349975,maximum_decision_score
2,527,2035-152373-0004,2035/152373,LibriSpeech_2035,LibriSpeech_2035,1,39.32621867926377,maximum_decision_score
1,528,2035-152373-0005,2035/152373,LibriSpeech_2035,LibriSpeech_2035,1,39.32587674137628,maximum_decision_score
2,529,2035-152373-0006,2035/152373,LibriSpeech_2035,LibriSpeech_2035,1,39.32500105202676,maximum_decision_score
5,530,2035-152373-0007,2035/152373,LibriSpeech_2035,LibriSpeech_2035,1,39.3260367196185,maximum_decision_score
1,531,2035-152373-0008,2035/152373,LibriSpeech_2035,LibriSpeech_2035,1,39.3265884202895,maximum_decision_score
1,532,2035-152373-0009,2035/152373,LibriSpeech_2035,LibriSpeech_2035,1,39.32648715274897,maximum_decision_score
5,533,2035-152373-0010,2035/152373,LibriSpeech_2035,LibriSpeech_2035,1,39.32597495058522,maximum_decision_score
2,534,2035-152373-0011,2035/152373,LibriSpeech_2035,LibriSpeech_2035,1,39.32612832947084,maximum_decision_score
4,535,2035-152373-0012,2035/152373,LibriSpeech_2035,LibriSpeech_2035,1,39.32611836436947,maximum_decision_score
1,536,2035-152373-0013,2035/152373,LibriSpeech_2035,LibriSpeech_2035,1,39.32609742423421,maximum_decision_score
5,537,2035-152373-0014,2035/152373,LibriSpeech_2035,LibriSpeech_2035,1,39.32573751352364,maximum_decision_score
4,538,2035-152373-0015,2035/152373,LibriSpeech_2035,LibriSpeech_2035,1,39.32640906876113,maximum_decision_score
2,539,2035-152373-0016,2035/152373,LibriSpeech_2035,LibriSpeech_2035,1,39.32601315165283,maximum_decision_score
2,540,2035-152373-0017,2035/152373,LibriSpeech_2035,LibriSpeech_2035,1,39.32578969179985,maximum_decision_score
4,541,2035-152373-0018,2035/152373,LibriSpeech_2035,LibriSpeech_2035,1,39.32598592378839,maximum_decision_score
4,542,2078-142845-0000,2078/142845,LibriSpeech_2078,LibriSpeech_2078,1,39.325261777213804,maximum_decision_score
3,543,2078-142845-0001,2078/142845,LibriSpeech_2078,LibriSpeech_2078,1,39.32502153181848,maximum_decision_score
5,544,2078-142845-0002,2078/142845,LibriSpeech_2078,LibriSpeech_2078,1,39.32376512225474,maximum_decision_score
1,545,2078-142845-0003,2078/142845,LibriSpeech_2078,LibriSpeech_2078,1,39.32508576390038,maximum_decision_score
4,546,2078-142845-0004,2078/142845,LibriSpeech_2078,LibriSpeech_2078,1,39.32601607429972,maximum_decision_score
2,547,2078-142845-0005,2078/142845,LibriSpeech_2078,LibriSpeech_2078,1,39.325465148813656,maximum_decision_score
4,548,2078-142845-0006,2078/142845,LibriSpeech_2078,LibriSpeech_2078,1,39.326046156257846,maximum_decision_score
3,549,2078-142845-0007,2078/142845,LibriSpeech_2078,LibriSpeech_2078,1,39.325608855714876,maximum_decision_score
5,550,2078-142845-0008,2078/142845,LibriSpeech_2078,LibriSpeech_2078,1,39.325564850638756,maximum_decision_score
1,551,2078-142845-0009,2078/142845,LibriSpeech_2078,LibriSpeech_2078,1,39.326319941670164,maximum_decision_score
3,552,2078-142845-0010,2078/142845,LibriSpeech_2078,LibriSpeech_2078,1,39.32565600011894,maximum_decision_score
4,553,2078-142845-0011,2078/142845,LibriSpeech_2078,LibriSpeech_2078,1,39.32539993536893,maximum_decision_score
3,554,2078-142845-0012,2078/142845,LibriSpeech_2078,LibriSpeech_2078,1,39.32562275415397,maximum_decision_score
1,555,2078-142845-0013,2078/142845,LibriSpeech_2078,LibriSpeech_2078,1,39.32582406555715,maximum_decision_score
3,556,2078-142845-0014,2078/142845,LibriSpeech_2078,LibriSpeech_2078,1,39.325599293393154,maximum_decision_score
1,557,2078-142845-0015,2078/142845,LibriSpeech_2078,LibriSpeech_2078,1,39.32608315379561,maximum_decision_score
1,558,2078-142845-0016,2078/142845,LibriSpeech_2078,LibriSpeech_2078,1,39.32552777912618,maximum_decision_score
1,559,2078-142845-0017,2078/142845,LibriSpeech_2078,LibriSpeech_2078,1,39.32551930886151,maximum_decision_score
5,560,2078-142845-0018,2078/142845,LibriSpeech_2078,LibriSpeech_2078,1,39.32513617151114,maximum_decision_score
5,561,2078-142845-0019,2078/142845,LibriSpeech_2078,LibriSpeech_2078,1,39.32532914917379,maximum_decision_score
4,562,2078-142845-0020,2078/142845,LibriSpeech_2078,LibriSpeech_2078,1,39.32562939384793,maximum_decision_score
5,563,2078-142845-0021,2078/142845,LibriSpeech_2078,LibriSpeech_2078,1,39.324790600351015,maximum_decision_score
4,564,2078-142845-0022,2078/142845,LibriSpeech_2078,LibriSpeech_2078,1,39.325070283005225,maximum_decision_score
4,565,2078-142845-0023,2078/142845,LibriSpeech_2078,LibriSpeech_2078,1,39.32467490046831,maximum_decision_score
3,566,2078-142845-0024,2078/142845,LibriSpeech_2078,LibriSpeech_2078,1,39.32540935480192,maximum_decision_score
5,567,2078-142845-0025,2078/142845,LibriSpeech_2078,LibriSpeech_2078,1,39.325272473986544,maximum_decision_score
5,568,2078-142845-0026,2078/142845,LibriSpeech_2078,LibriSpeech_2078,1,39.32398954410445,maximum_decision_score
3,569,2078-142845-0027,2078/142845,LibriSpeech_2078,LibriSpeech_2078,1,39.325324819193426,maximum_decision_score
5,570,2078-142845-0028,2078/142845,LibriSpeech_2078,LibriSpeech_2078,1,39.325819287454635,maximum_decision_score
1,571,2078-142845-0029,2078/142845,LibriSpeech_2078,LibriSpeech_2078,1,39.32591334896726,maximum_decision_score
4,572,2078-142845-0030,2078/142845,LibriSpeech_2078,LibriSpeech_2078,1,39.325650839640005,maximum_decision_score
4,573,2078-142845-0031,2078/142845,LibriSpeech_2078,LibriSpeech_2078,1,39.32537252265457,maximum_decision_score
2,574,2078-142845-0032,2078/142845,LibriSpeech_2078,LibriSpeech_2078,1,39.32541277524493,maximum_decision_score
4,575,2078-142845-0033,2078/142845,LibriSpeech_2078,LibriSpeech_2078,1,39.32551667005887,maximum_decision_score
3,576,2078-142845-0034,2078/142845,LibriSpeech_2078,LibriSpeech_2078,1,39.325375291161045,maximum_decision_score
2,577,2078-142845-0035,2078/142845,LibriSpeech_2078,LibriSpeech_2078,1,39.325501077500185,maximum_decision_score
1,578,2078-142845-0036,2078/142845,LibriSpeech_2078,LibriSpeech_2078,1,39.324818729675016,maximum_decision_score
2,579,2078-142845-0037,2078/142845,LibriSpeech_2078,LibriSpeech_2078,1,39.325473155527945,maximum_decision_score
3,580,2078-142845-0038,2078/142845,LibriSpeech_2078,LibriSpeech_2078,1,39.3243101780255,maximum_decision_score
1,581,2078-142845-0039,2078/142845,LibriSpeech_2078,LibriSpeech_2078,1,39.32550103513791,maximum_decision_score
2,582,2078-142845-0040,2078/142845,LibriSpeech_2078,LibriSpeech_2078,1,39.32550891702628,maximum_decision_score
3,583,2078-142845-0041,2078/142845,LibriSpeech_2078,LibriSpeech_2078,1,39.325642557128745,maximum_decision_score
1,584,2078-142845-0042,2078/142845,LibriSpeech_2078,LibriSpeech_2078,1,39.32627623114993,maximum_decision_score
2,585,2078-142845-0043,2078/142845,LibriSpeech_2078,LibriSpeech_2078,1,39.324961140566536,maximum_decision_score
2,586,2078-142845-0044,2078/142845,LibriSpeech_2078,LibriSpeech_2078,1,39.326023197942085,maximum_decision_score
2,587,2078-142845-0045,2078/142845,LibriSpeech_2078,LibriSpeech_2078,1,39.32547543128451,maximum_decision_score
5,588,2078-142845-0046,2078/142845,LibriSpeech_2078,LibriSpeech_2078,1,39.3251136591938,maximum_decision_score
2,589,2078-142845-0047,2078/142845,LibriSpeech_2078,LibriSpeech_2078,1,39.325008312516935,maximum_decision_score
5,590,2078-142845-0048,2078/142845,LibriSpeech_2078,LibriSpeech_2078,1,39.32474697237612,maximum_decision_score
4,591,2078-142845-0049,2078/142845,LibriSpeech_2078,LibriSpeech_2078,1,39.32591553159576,maximum_decision_score
2,592,2078-142845-0050,2078/142845,LibriSpeech_2078,LibriSpeech_2078,1,39.3253434189955,maximum_decision_score
5,593,2078-142845-0051,2078/142845,LibriSpeech_2078,LibriSpeech_2078,1,39.325309026701646,maximum_decision_score
4,594,2086-149214-0000,2086/149214,LibriSpeech_2086,LibriSpeech_2086,1,39.3254292884811,maximum_decision_score
5,595,2086-149214-0001,2086/149214,LibriSpeech_2086,LibriSpeech_2086,1,39.3249969147682,maximum_decision_score
5,596,2086-149214-0002,2086/149214,LibriSpeech_2086,LibriSpeech_2086,1,39.324191751134,maximum_decision_score
3,597,2086-149214-0003,2086/149214,LibriSpeech_2086,LibriSpeech_2086,1,39.32442241510529,maximum_decision_score
2,598,2086-149214-0004,2086/149214,LibriSpeech_2086,LibriSpeech_2086,1,39.32587910662115,maximum_decision_score
2,599,2086-149220-0000,2086/149220,LibriSpeech_2086,LibriSpeech_2086,1,39.32603047510307,maximum_decision_score
4,600,2086-149220-0001,2086/149220,LibriSpeech_2086,LibriSpeech_2086,1,39.32584703515786,maximum_decision_score
5,601,2086-149220-0002,2086/149220,LibriSpeech_2086,LibriSpeech_2086,1,39.32592234987128,maximum_decision_score
3,602,2086-149220-0003,2086/149220,LibriSpeech_2086,LibriSpeech_2086,1,39.325476659684796,maximum_decision_score
4,603,2086-149220-0004,2086/149220,LibriSpeech_2086,LibriSpeech_2086,1,39.32530689052363,maximum_decision_score
4,604,2086-149220-0005,2086/149220,LibriSpeech_2086,LibriSpeech_2086,1,39.32628677072618,maximum_decision_score
1,605,2086-149220-0006,2086/149220,LibriSpeech_2086,LibriSpeech_2086,1,39.32627355739086,maximum_decision_score
4,606,2086-149220-0007,2086/149220,LibriSpeech_2086,LibriSpeech_2086,1,39.32548031972285,maximum_decision_score
5,607,2086-149220-0008,2086/149220,LibriSpeech_2086,LibriSpeech_2086,1,39.32590045134911,maximum_decision_score
5,608,2086-149220-0009,2086/149220,LibriSpeech_2086,LibriSpeech_2086,1,39.325317677640136,maximum_decision_score
4,609,2086-149220-0010,2086/149220,LibriSpeech_2086,LibriSpeech_2086,1,39.32611770302551,maximum_decision_score
4,610,2086-149220-0011,2086/149220,LibriSpeech_2086,LibriSpeech_2086,1,39.325873877508116,maximum_decision_score
2,611,2086-149220-0012,2086/149220,LibriSpeech_2086,LibriSpeech_2086,1,39.325944164080475,maximum_decision_score
3,612,2086-149220-0013,2086/149220,LibriSpeech_2086,LibriSpeech_2086,1,39.32581129318763,maximum_decision_score
5,613,2086-149220-0014,2086/149220,LibriSpeech_2086,LibriSpeech_2086,1,39.32564592556161,maximum_decision_score
1,614,2086-149220-0015,2086/149220,LibriSpeech_2086,LibriSpeech_2086,1,39.325859969902666,maximum_decision_score
1,615,2086-149220-0016,2086/149220,LibriSpeech_2086,LibriSpeech_2086,1,39.324572285677874,maximum_decision_score
3,616,2086-149220-0017,2086/149220,LibriSpeech_2086,LibriSpeech_2086,1,39.325387902957196,maximum_decision_score
5,617,2086-149220-0018,2086/149220,LibriSpeech_2086,LibriSpeech_2086,1,39.32580575968664,maximum_decision_score
1,618,2086-149220-0019,2086/149220,LibriSpeech_2086,LibriSpeech_2086,1,39.325948389635386,maximum_decision_score
5,619,2086-149220-0020,2086/149220,LibriSpeech_2086,LibriSpeech_2086,1,39.32431247935623,maximum_decision_score
1,620,2086-149220-0021,2086/149220,LibriSpeech_2086,LibriSpeech_2086,1,39.324278974621684,maximum_decision_score
3,621,2086-149220-0022,2086/149220,LibriSpeech_2086,LibriSpeech_2086,1,39.32593988455948,maximum_decision_score
1,622,2086-149220-0023,2086/149220,LibriSpeech_2086,LibriSpeech_2086,1,39.32588346906036,maximum_decision_score
2,623,2086-149220-0024,2086/149220,LibriSpeech_2086,LibriSpeech_2086,1,39.32584613995987,maximum_decision_score
2,624,2086-149220-0025,2086/149220,LibriSpeech_2086,LibriSpeech_2086,1,39.326208944434434,maximum_decision_score
3,625,2086-149220-0026,2086/149220,LibriSpeech_2086,LibriSpeech_2086,1,39.325496695465716,maximum_decision_score
3,626,2086-149220-0027,2086/149220,LibriSpeech_2086,LibriSpeech_2086,1,39.3260046116977,maximum_decision_score
4,627,2086-149220-0028,2086/149220,LibriSpeech_2086,LibriSpeech_2086,1,39.32615524050613,maximum_decision_score
3,628,2086-149220-0029,2086/149220,LibriSpeech_2086,LibriSpeech_2086,1,39.32573417594862,maximum_decision_score
2,629,2086-149220-0030,2086/149220,LibriSpeech_2086,LibriSpeech_2086,1,39.32582773494188,maximum_decision_score
2,630,2086-149220-0031,2086/149220,LibriSpeech_2086,LibriSpeech_2086,1,39.32549610153162,maximum_decision_score
1,631,2086-149220-0032,2086/149220,LibriSpeech_2086,LibriSpeech_2086,1,39.324543626927955,maximum_decision_score
4,632,2086-149220-0033,2086/149220,LibriSpeech_2086,LibriSpeech_2086,1,39.324936404992,maximum_decision_score
3,633,2086-149220-0034,2086/149220,LibriSpeech_2086,LibriSpeech_2086,1,39.32613573069575,maximum_decision_score
5,634,2086-149220-0035,2086/149220,LibriSpeech_2086,LibriSpeech_2086,1,39.32610770381407,maximum_decision_score
2,635,2086-149220-0036,2086/149220,LibriSpeech_2086,LibriSpeech_2086,1,39.32570515415907,maximum_decision_score
2,636,2086-149220-0037,2086/149220,LibriSpeech_2086,LibriSpeech_2086,1,39.326415013392186,maximum_decision_score
1,637,2086-149220-0038,2086/149220,LibriSpeech_2086,LibriSpeech_2086,1,39.32583525529594,maximum_decision_score
1,638,2086-149220-0039,2086/149220,LibriSpeech_2086,LibriSpeech_2086,1,39.32378609011726,maximum_decision_score
3,639,2086-149220-0040,2086/149220,LibriSpeech_2086,LibriSpeech_2086,1,39.3243632452419,maximum_decision_score
4,640,2086-149220-0041,2086/149220,LibriSpeech_2086,LibriSpeech_2086,1,39.325783452451866,maximum_decision_score
1,641,2086-149220-0042,2086/149220,LibriSpeech_2086,LibriSpeech_2086,1,39.32500232322154,maximum_decision_score
5,642,2086-149220-0043,2086/149220,LibriSpeech_2086,LibriSpeech_2086,1,39.32483767044808,maximum_decision_score
3,643,2086-149220-0044,2086/149220,LibriSpeech_2086,LibriSpeech_2086,1,39.32594224949261,maximum_decision_score
5,644,2086-149220-0045,2086/149220,LibriSpeech_2086,LibriSpeech_2086,1,39.32580238173368,maximum_decision_score
1,645,2086-149220-0046,2086/149220,LibriSpeech_2086,LibriSpeech_2086,1,39.32500196630746,maximum_decision_score
2,646,2086-149220-0047,2086/149220,LibriSpeech_2086,LibriSpeech_2086,1,39.32651732795561,maximum_decision_score
2,647,2086-149220-0048,2086/149220,LibriSpeech_2086,LibriSpeech_2086,1,39.32569678077194,maximum_decision_score
4,648,2086-149220-0049,2086/149220,LibriSpeech_2086,LibriSpeech_2086,1,39.326112214851385,maximum_decision_score
2,649,2277-149874-0000,2277/149874,LibriSpeech_2277,LibriSpeech_2277,1,39.32634351772412,maximum_decision_score
1,650,2277-149874-0001,2277/149874,LibriSpeech_2277,LibriSpeech_2277,1,39.325636002982655,maximum_decision_score
1,651,2277-149874-0002,2277/149874,LibriSpeech_2277,LibriSpeech_2277,1,39.324728627746374,maximum_decision_score
3,652,2277-149874-0003,2277/149874,LibriSpeech_2277,LibriSpeech_2277,1,39.32572106392741,maximum_decision_score
5,653,2277-149874-0004,2277/149874,LibriSpeech_2277,LibriSpeech_2277,1,39.32520459810382,maximum_decision_score
2,654,2277-149874-0005,2277/149874,LibriSpeech_2277,LibriSpeech_2277,1,39.325823748590636,maximum_decision_score
5,655,2277-149874-0006,2277/149874,LibriSpeech_2277,LibriSpeech_2277,1,39.32511555436822,maximum_decision_score
2,656,2277-149874-0007,2277/149874,LibriSpeech_2277,LibriSpeech_2277,1,39.32608566645532,maximum_decision_score
2,657,2277-149874-0008,2277/149874,LibriSpeech_2277,LibriSpeech_2277,1,39.32540123797409,maximum_decision_score
4,658,2277-149874-0009,2277/149874,LibriSpeech_2277,LibriSpeech_2277,1,39.325299806385615,maximum_decision_score
3,659,2277-149874-0010,2277/149874,LibriSpeech_2277,LibriSpeech_2277,1,39.32491472185062,maximum_decision_score
5,660,2277-149874-0011,2277/149874,LibriSpeech_2277,LibriSpeech_2277,1,39.325337581507505,maximum_decision_score
4,661,2277-149874-0012,2277/149874,LibriSpeech_2277,LibriSpeech_2277,1,39.32654932505179,maximum_decision_score
4,662,2277-149874-0013,2277/149874,LibriSpeech_2277,LibriSpeech_2277,1,39.323345357916956,maximum_decision_score
3,663,2277-149874-0014,2277/149874,LibriSpeech_2277,LibriSpeech_2277,1,39.32552318850116,maximum_decision_score
4,664,2277-149874-0015,2277/149874,LibriSpeech_2277,LibriSpeech_2277,1,39.32505452362332,maximum_decision_score
4,665,2277-149874-0016,2277/149874,LibriSpeech_2277,LibriSpeech_2277,1,39.32532925489036,maximum_decision_score
5,666,2277-149874-0017,2277/149874,LibriSpeech_2277,LibriSpeech_2277,1,39.326088718602975,maximum_decision_score
1,667,2277-149874-0018,2277/149874,LibriSpeech_2277,LibriSpeech_2277,1,39.325129431225754,maximum_decision_score
3,668,2277-149874-0019,2277/149874,LibriSpeech_2277,LibriSpeech_2277,1,39.32558424095273,maximum_decision_score
4,669,2277-149874-0020,2277/149874,LibriSpeech_2277,LibriSpeech_2277,1,39.326038902666625,maximum_decision_score
2,670,2277-149874-0021,2277/149874,LibriSpeech_2277,LibriSpeech_2277,1,39.32485476229316,maximum_decision_score
5,671,2277-149896-0000,2277/149896,LibriSpeech_2277,LibriSpeech_2277,1,39.32525606046912,maximum_decision_score
1,672,2277-149896-0001,2277/149896,LibriSpeech_2277,LibriSpeech_2277,1,39.326014172436395,maximum_decision_score
3,673,2277-149896-0002,2277/149896,LibriSpeech_2277,LibriSpeech_2277,1,39.32693006541926,maximum_decision_score
1,674,2277-149896-0003,2277/149896,LibriSpeech_2277,LibriSpeech_2277,1,39.3261699693519,maximum_decision_score
4,675,2277-149896-0004,2277/149896,LibriSpeech_2277,LibriSpeech_2277,1,39.32425212270982,maximum_decision_score
4,676,2277-149896-0005,2277/149896,LibriSpeech_2277,LibriSpeech_2277,1,39.324998094828686,maximum_decision_score
1,677,2277-149896-0006,2277/149896,LibriSpeech_2277,LibriSpeech_2277,1,39.32599418922873,maximum_decision_score
2,678,2277-149896-0007,2277/149896,LibriSpeech_2277,LibriSpeech_2277,1,39.32604372094818,maximum_decision_score
1,679,2277-149896-0008,2277/149896,LibriSpeech_2277,LibriSpeech_2277,1,39.32571918498294,maximum_decision_score
1,680,2277-149896-0009,2277/149896,LibriSpeech_2277,LibriSpeech_2277,1,39.326178589979804,maximum_decision_score
4,681,2277-149896-0010,2277/149896,LibriSpeech_2277,LibriSpeech_2277,1,39.32624216362349,maximum_decision_score
2,682,2277-149896-0011,2277/149896,LibriSpeech_2277,LibriSpeech_2277,1,39.32559898341867,maximum_decision_score
2,683,2277-149896-0012,2277/149896,LibriSpeech_2277,LibriSpeech_2277,1,39.32568245164981,maximum_decision_score
3,684,2277-149896-0013,2277/149896,LibriSpeech_2277,LibriSpeech_2277,1,39.326558484670755,maximum_decision_score
3,685,2277-149896-0014,2277/149896,LibriSpeech_2277,LibriSpeech_2277,1,39.32579524747853,maximum_decision_score
5,686,2277-149896-0015,2277/149896,LibriSpeech_2277,LibriSpeech_2277,1,39.32619478484841,maximum_decision_score
2,687,2277-149896-0016,2277/149896,LibriSpeech_2277,LibriSpeech_2277,1,39.32544708708037,maximum_decision_score
4,688,2277-149896-0017,2277/149896,LibriSpeech_2277,LibriSpeech_2277,1,39.32642738984197,maximum_decision_score
3,689,2277-149896-0018,2277/149896,LibriSpeech_2277,LibriSpeech_2277,1,39.3266934216912,maximum_decision_score
2,690,2277-149896-0019,2277/149896,LibriSpeech_2277,LibriSpeech_2277,1,39.32617666378707,maximum_decision_score
1,691,2277-149896-0020,2277/149896,LibriSpeech_2277,LibriSpeech_2277,1,39.326227188625595,maximum_decision_score
5,692,2277-149896-0021,2277/149896,LibriSpeech_2277,LibriSpeech_2277,1,39.32625787779077,maximum_decision_score
2,693,2277-149896-0022,2277/149896,LibriSpeech_2277,LibriSpeech_2277,1,39.32587600640381,maximum_decision_score
4,694,2277-149896-0023,2277/149896,LibriSpeech_2277,LibriSpeech_2277,1,39.32645380168617,maximum_decision_score
4,695,2277-149896-0024,2277/149896,LibriSpeech_2277,LibriSpeech_2277,1,39.326771438030626,maximum_decision_score
2,696,2277-149896-0025,2277/149896,LibriSpeech_2277,LibriSpeech_2277,1,39.32563490433272,maximum_decision_score
3,697,2277-149896-0026,2277/149896,LibriSpeech_2277,LibriSpeech_2277,1,39.325775274725856,maximum_decision_score
3,698,2277-149896-0027,2277/149896,LibriSpeech_2277,LibriSpeech_2277,1,39.32558099002831,maximum_decision_score
1,699,2277-149896-0028,2277/149896,LibriSpeech_2277,LibriSpeech_2277,1,39.32648695791128,maximum_decision_score
2,700,2277-149896-0029,2277/149896,LibriSpeech_2277,LibriSpeech_2277,1,39.3266638069492,maximum_decision_score
2,701,2277-149896-0030,2277/149896,LibriSpeech_2277,LibriSpeech_2277,1,39.3266144847124,maximum_decision_score
3,702,2277-149896-0031,2277/149896,LibriSpeech_2277,LibriSpeech_2277,1,39.32644035466289,maximum_decision_score
1,703,2277-149896-0032,2277/149896,LibriSpeech_2277,LibriSpeech_2277,1,39.326749340383174,maximum_decision_score
3,704,2277-149896-0033,2277/149896,LibriSpeech_2277,LibriSpeech_2277,1,39.326336597030604,maximum_decision_score
5,705,2277-149896-0034,2277/149896,LibriSpeech_2277,LibriSpeech_2277,1,39.3264758250647,maximum_decision_score
2,706,2277-149897-0000,2277/149897,LibriSpeech_2277,LibriSpeech_2277,1,39.325649239606,maximum_decision_score
4,707,2277-149897-0001,2277/149897,LibriSpeech_2277,LibriSpeech_2277,1,39.325430106809016,maximum_decision_score
1,708,2277-149897-0002,2277/149897,LibriSpeech_2277,LibriSpeech_2277,1,39.32632732849904,maximum_decision_score
1,709,2277-149897-0003,2277/149897,LibriSpeech_2277,LibriSpeech_2277,1,39.32667807860727,maximum_decision_score
3,710,2277-149897-0004,2277/149897,LibriSpeech_2277,LibriSpeech_2277,1,39.3266345290479,maximum_decision_score
5,711,2277-149897-0005,2277/149897,LibriSpeech_2277,LibriSpeech_2277,1,39.32621446787561,maximum_decision_score
1,712,2277-149897-0006,2277/149897,LibriSpeech_2277,LibriSpeech_2277,1,39.325757865569074,maximum_decision_score
2,713,2277-149897-0007,2277/149897,LibriSpeech_2277,LibriSpeech_2277,1,39.326051695968864,maximum_decision_score
3,714,2277-149897-0008,2277/149897,LibriSpeech_2277,LibriSpeech_2277,1,39.32782483537065,maximum_decision_score
3,715,2277-149897-0009,2277/149897,LibriSpeech_2277,LibriSpeech_2277,1,39.324563624437566,maximum_decision_score
2,716,2277-149897-0010,2277/149897,LibriSpeech_2277,LibriSpeech_2277,1,39.32628489813853,maximum_decision_score
5,717,2277-149897-0011,2277/149897,LibriSpeech_2277,LibriSpeech_2277,1,39.325582575052245,maximum_decision_score
1,718,2277-149897-0012,2277/149897,LibriSpeech_2277,LibriSpeech_2277,1,39.32635170332066,maximum_decision_score
5,719,2277-149897-0013,2277/149897,LibriSpeech_2277,LibriSpeech_2277,1,39.326836826186195,maximum_decision_score
1,720,2277-149897-0014,2277/149897,LibriSpeech_2277,LibriSpeech_2277,1,39.32579523478395,maximum_decision_score
5,721,2277-149897-0015,2277/149897,LibriSpeech_2277,LibriSpeech_2277,1,39.325624781082126,maximum_decision_score
1,722,2277-149897-0016,2277/149897,LibriSpeech_2277,LibriSpeech_2277,1,39.3257176853974,maximum_decision_score
5,723,2277-149897-0017,2277/149897,LibriSpeech_2277,LibriSpeech_2277,1,39.32553908254062,maximum_decision_score
5,724,2277-149897-0018,2277/149897,LibriSpeech_2277,LibriSpeech_2277,1,39.32587154623962,maximum_decision_score
5,725,2277-149897-0019,2277/149897,LibriSpeech_2277,LibriSpeech_2277,1,39.326021256277436,maximum_decision_score
5,726,2277-149897-0020,2277/149897,LibriSpeech_2277,LibriSpeech_2277,1,39.32634431131719,maximum_decision_score
2,727,2277-149897-0021,2277/149897,LibriSpeech_2277,LibriSpeech_2277,1,39.32596203318921,maximum_decision_score
3,728,2277-149897-0022,2277/149897,LibriSpeech_2277,LibriSpeech_2277,1,39.32578883940648,maximum_decision_score
1,729,2277-149897-0023,2277/149897,LibriSpeech_2277,LibriSpeech_2277,1,39.32646053627588,maximum_decision_score
5,730,2277-149897-0024,2277/149897,LibriSpeech_2277,LibriSpeech_2277,1,39.32538692057985,maximum_decision_score
3,731,2277-149897-0025,2277/149897,LibriSpeech_2277,LibriSpeech_2277,1,39.3264279709597,maximum_decision_score
4,732,2277-149897-0026,2277/149897,LibriSpeech_2277,LibriSpeech_2277,1,39.32604920982051,maximum_decision_score
4,733,2277-149897-0027,2277/149897,LibriSpeech_2277,LibriSpeech_2277,1,39.326463995951464,maximum_decision_score
4,734,2277-149897-0028,2277/149897,LibriSpeech_2277,LibriSpeech_2277,1,39.32717249748918,maximum_decision_score
1,735,2277-149897-0029,2277/149897,LibriSpeech_2277,LibriSpeech_2277,1,39.325408829639365,maximum_decision_score
4,736,2277-149897-0030,2277/149897,LibriSpeech_2277,LibriSpeech_2277,1,39.32523428946215,maximum_decision_score
4,737,2277-149897-0031,2277/149897,LibriSpeech_2277,LibriSpeech_2277,1,39.32467228526144,maximum_decision_score
5,738,2277-149897-0032,2277/149897,LibriSpeech_2277,LibriSpeech_2277,1,39.32536011543318,maximum_decision_score
5,739,2277-149897-0033,2277/149897,LibriSpeech_2277,LibriSpeech_2277,1,39.32618126120095,maximum_decision_score
4,740,2277-149897-0034,2277/149897,LibriSpeech_2277,LibriSpeech_2277,1,39.325375143250824,maximum_decision_score
3,741,2277-149897-0035,2277/149897,LibriSpeech_2277,LibriSpeech_2277,1,39.32636984865895,maximum_decision_score
3,742,2277-149897-0036,2277/149897,LibriSpeech_2277,LibriSpeech_2277,1,39.32558412000339,maximum_decision_score
2,743,2277-149897-0037,2277/149897,LibriSpeech_2277,LibriSpeech_2277,1,39.32635206168411,maximum_decision_score
5,744,2412-153947-0000,2412/153947,LibriSpeech_2412,LibriSpeech_2412,1,39.32433128237572,maximum_decision_score
1,745,2412-153947-0001,2412/153947,LibriSpeech_2412,LibriSpeech_2412,1,39.324303993434675,maximum_decision_score
3,746,2412-153947-0002,2412/153947,LibriSpeech_2412,LibriSpeech_2412,1,39.32541145271583,maximum_decision_score
1,747,2412-153947-0003,2412/153947,LibriSpeech_2412,LibriSpeech_2412,1,39.32533426215483,maximum_decision_score
4,748,2412-153947-0004,2412/153947,LibriSpeech_2412,LibriSpeech_2412,1,39.32499378823465,maximum_decision_score
1,749,2412-153947-0005,2412/153947,LibriSpeech_2412,LibriSpeech_2412,1,39.325803790175,maximum_decision_score
3,750,2412-153947-0006,2412/153947,LibriSpeech_2412,LibriSpeech_2412,1,39.32549222535474,maximum_decision_score
4,751,2412-153947-0007,2412/153947,LibriSpeech_2412,LibriSpeech_2412,1,39.32485878901884,maximum_decision_score
2,752,2412-153947-0008,2412/153947,LibriSpeech_2412,LibriSpeech_2412,1,39.32513280873139,maximum_decision_score
4,753,2412-153947-0009,2412/153947,LibriSpeech_2412,LibriSpeech_2412,1,39.32561422475239,maximum_decision_score
3,754,2412-153947-0010,2412/153947,LibriSpeech_2412,LibriSpeech_2412,1,39.325662309009296,maximum_decision_score
3,755,2412-153947-0011,2412/153947,LibriSpeech_2412,LibriSpeech_2412,1,39.325761524596416,maximum_decision_score
4,756,2412-153947-0012,2412/153947,LibriSpeech_2412,LibriSpeech_2412,1,39.32142885445286,maximum_decision_score
5,757,2412-153947-0013,2412/153947,LibriSpeech_2412,LibriSpeech_2412,1,39.325103435381294,maximum_decision_score
2,758,2412-153947-0014,2412/153947,LibriSpeech_2412,LibriSpeech_2412,1,39.325609515122444,maximum_decision_score
4,759,2412-153947-0015,2412/153947,LibriSpeech_2412,LibriSpeech_2412,1,39.32541872265384,maximum_decision_score
3,760,2412-153947-0016,2412/153947,LibriSpeech_2412,LibriSpeech_2412,1,39.32573811376942,maximum_decision_score
5,761,2412-153948-0000,2412/153948,LibriSpeech_2412,LibriSpeech_2412,1,39.32582426207868,maximum_decision_score
1,762,2412-153948-0001,2412/153948,LibriSpeech_2412,LibriSpeech_2412,1,39.325002258431866,maximum_decision_score
2,763,2412-153948-0002,2412/153948,LibriSpeech_2412,LibriSpeech_2412,1,39.323821849786434,maximum_decision_score
4,764,2412-153948-0003,2412/153948,LibriSpeech_2412,LibriSpeech_2412,1,39.32581210587313,maximum_decision_score
5,765,2412-153948-0004,2412/153948,LibriSpeech_2412,LibriSpeech_2412,1,39.32602554220355,maximum_decision_score
3,766,2412-153948-0005,2412/153948,LibriSpeech_2412,LibriSpeech_2412,1,39.32551620820487,maximum_decision_score
5,767,2412-153948-0006,2412/153948,LibriSpeech_2412,LibriSpeech_2412,1,39.32485602701698,maximum_decision_score
2,768,2412-153948-0007,2412/153948,LibriSpeech_2412,LibriSpeech_2412,1,39.325691419957636,maximum_decision_score
2,769,2412-153948-0008,2412/153948,LibriSpeech_2412,LibriSpeech_2412,1,39.32633450443787,maximum_decision_score
1,770,2412-153948-0009,2412/153948,LibriSpeech_2412,LibriSpeech_2412,1,39.3246407750193,maximum_decision_score
5,771,2412-153948-0010,2412/153948,LibriSpeech_2412,LibriSpeech_2412,1,39.325593427512295,maximum_decision_score
4,772,2412-153948-0011,2412/153948,LibriSpeech_2412,LibriSpeech_2412,1,39.324974033534424,maximum_decision_score
5,773,2412-153948-0012,2412/153948,LibriSpeech_2412,LibriSpeech_2412,1,39.32531103931857,maximum_decision_score
3,774,2412-153948-0013,2412/153948,LibriSpeech_2412,LibriSpeech_2412,1,39.3255606215918,maximum_decision_score
3,775,2412-153948-0014,2412/153948,LibriSpeech_2412,LibriSpeech_2412,1,39.32606699934,maximum_decision_score
2,776,2412-153948-0015,2412/153948,LibriSpeech_2412,LibriSpeech_2412,1,39.32602234680678,maximum_decision_score
4,777,2412-153954-0000,2412/153954,LibriSpeech_2412,LibriSpeech_2412,1,39.326829853268926,maximum_decision_score
2,778,2412-153954-0001,2412/153954,LibriSpeech_2412,LibriSpeech_2412,1,39.3262269659835,maximum_decision_score
3,779,2412-153954-0002,2412/153954,LibriSpeech_2412,LibriSpeech_2412,1,39.32603181379586,maximum_decision_score
1,780,2412-153954-0003,2412/153954,LibriSpeech_2412,LibriSpeech_2412,1,39.326677232685434,maximum_decision_score
5,781,2412-153954-0004,2412/153954,LibriSpeech_2412,LibriSpeech_2412,1,39.32669969671821,maximum_decision_score
5,782,2412-153954-0005,2412/153954,LibriSpeech_2412,LibriSpeech_2412,1,39.326519635044306,maximum_decision_score
3,783,2412-153954-0006,2412/153954,LibriSpeech_2412,LibriSpeech_2412,1,39.32592038698867,maximum_decision_score
1,784,2412-153954-0007,2412/153954,LibriSpeech_2412,LibriSpeech_2412,1,39.326791371977755,maximum_decision_score
1,785,2412-153954-0008,2412/153954,LibriSpeech_2412,LibriSpeech_2412,1,39.32479814082935,maximum_decision_score
3,786,2412-153954-0009,2412/153954,LibriSpeech_2412,LibriSpeech_2412,1,39.32673055243388,maximum_decision_score
2,787,2412-153954-0010,2412/153954,LibriSpeech_2412,LibriSpeech_2412,1,39.326018274747994,maximum_decision_score
2,788,2412-153954-0011,2412/153954,LibriSpeech_2412,LibriSpeech_2412,1,39.32507324157249,maximum_decision_score
4,789,2412-153954-0012,2412/153954,LibriSpeech_2412,LibriSpeech_2412,1,39.32647528278646,maximum_decision_score
2,790,2412-153954-0013,2412/153954,LibriSpeech_2412,LibriSpeech_2412,1,39.32376054681265,maximum_decision_score
5,791,2412-153954-0014,2412/153954,LibriSpeech_2412,LibriSpeech_2412,1,39.32569926975991,maximum_decision_score
5,792,2412-153954-0015,2412/153954,LibriSpeech_2412,LibriSpeech_2412,1,39.32625764114779,maximum_decision_score
1,793,2412-153954-0016,2412/153954,LibriSpeech_2412,LibriSpeech_2412,1,39.32657641178547,maximum_decision_score
2,794,2412-153954-0017,2412/153954,LibriSpeech_2412,LibriSpeech_2412,1,39.3270389724321,maximum_decision_score
4,795,2412-153954-0018,2412/153954,LibriSpeech_2412,LibriSpeech_2412,1,39.32571148825733,maximum_decision_score
4,796,2412-153954-0019,2412/153954,LibriSpeech_2412,LibriSpeech_2412,1,39.326213898393,maximum_decision_score
4,797,2412-153954-0020,2412/153954,LibriSpeech_2412,LibriSpeech_2412,1,39.326130004039186,maximum_decision_score
3,798,2412-153954-0021,2412/153954,LibriSpeech_2412,LibriSpeech_2412,1,39.326564854103104,maximum_decision_score
1,799,2412-153954-0022,2412/153954,LibriSpeech_2412,LibriSpeech_2412,1,39.32572881484636,maximum_decision_score
2,800,2412-153954-0023,2412/153954,LibriSpeech_2412,LibriSpeech_2412,1,39.32438613677576,maximum_decision_score
1,801,2412-153954-0024,2412/153954,LibriSpeech_2412,LibriSpeech_2412,1,39.32555733074134,maximum_decision_score
4,802,2428-83699-0000,2428/83699,LibriSpeech_2428,LibriSpeech_2428,1,39.32612663171846,maximum_decision_score
4,803,2428-83699-0001,2428/83699,LibriSpeech_2428,LibriSpeech_2428,1,39.323078439609546,maximum_decision_score
5,804,2428-83699-0002,2428/83699,LibriSpeech_2428,LibriSpeech_2428,1,39.32636191077104,maximum_decision_score
1,805,2428-83699-0003,2428/83699,LibriSpeech_2428,LibriSpeech_2428,1,39.32614975962829,maximum_decision_score
1,806,2428-83699-0004,2428/83699,LibriSpeech_2428,LibriSpeech_2428,1,39.32559194631417,maximum_decision_score
5,807,2428-83699-0005,2428/83699,LibriSpeech_2428,LibriSpeech_2428,1,39.32595998867614,maximum_decision_score
2,808,2428-83699-0006,2428/83699,LibriSpeech_2428,LibriSpeech_2428,1,39.32556638015339,maximum_decision_score
5,809,2428-83699-0007,2428/83699,LibriSpeech_2428,LibriSpeech_2428,1,39.32520165168342,maximum_decision_score
5,810,2428-83699-0008,2428/83699,LibriSpeech_2428,LibriSpeech_2428,1,39.32567976064024,maximum_decision_score
1,811,2428-83699-0009,2428/83699,LibriSpeech_2428,LibriSpeech_2428,1,39.32534444280947,maximum_decision_score
1,812,2428-83699-0010,2428/83699,LibriSpeech_2428,LibriSpeech_2428,1,39.32467631886183,maximum_decision_score
3,813,2428-83699-0011,2428/83699,LibriSpeech_2428,LibriSpeech_2428,1,39.32426727801204,maximum_decision_score
1,814,2428-83699-0012,2428/83699,LibriSpeech_2428,LibriSpeech_2428,1,39.325797570389796,maximum_decision_score
2,815,2428-83699-0013,2428/83699,LibriSpeech_2428,LibriSpeech_2428,1,39.325811474781545,maximum_decision_score
3,816,2428-83699-0014,2428/83699,LibriSpeech_2428,LibriSpeech_2428,1,39.32510123163048,maximum_decision_score
4,817,2428-83699-0015,2428/83699,LibriSpeech_2428,LibriSpeech_2428,1,39.3266858737852,maximum_decision_score
4,818,2428-83699-0016,2428/83699,LibriSpeech_2428,LibriSpeech_2428,1,39.32671791776909,maximum_decision_score
5,819,2428-83699-0017,2428/83699,LibriSpeech_2428,LibriSpeech_2428,1,39.32582902796567,maximum_decision_score
4,820,2428-83699-0018,2428/83699,LibriSpeech_2428,LibriSpeech_2428,1,39.32663580294641,maximum_decision_score
1,821,2428-83699-0019,2428/83699,LibriSpeech_2428,LibriSpeech_2428,1,39.32494315917578,maximum_decision_score
4,822,2428-83699-0020,2428/83699,LibriSpeech_2428,LibriSpeech_2428,1,39.32630608651003,maximum_decision_score
1,823,2428-83699-0021,2428/83699,LibriSpeech_2428,LibriSpeech_2428,1,39.32587680282821,maximum_decision_score
4,824,2428-83699-0022,2428/83699,LibriSpeech_2428,LibriSpeech_2428,1,39.32555955305416,maximum_decision_score
2,825,2428-83699-0023,2428/83699,LibriSpeech_2428,LibriSpeech_2428,1,39.32530479992867,maximum_decision_score
2,826,2428-83699-0024,2428/83699,LibriSpeech_2428,LibriSpeech_2428,1,39.32704738967132,maximum_decision_score
5,827,2428-83699-0025,2428/83699,LibriSpeech_2428,LibriSpeech_2428,1,39.32513546497492,maximum_decision_score
3,828,2428-83699-0026,2428/83699,LibriSpeech_2428,LibriSpeech_2428,1,39.32609712115455,maximum_decision_score
5,829,2428-83699-0027,2428/83699,LibriSpeech_2428,LibriSpeech_2428,1,39.32658161111202,maximum_decision_score
5,830,2428-83699-0028,2428/83699,LibriSpeech_2428,LibriSpeech_2428,1,39.32627528685502,maximum_decision_score
3,831,2428-83699-0029,2428/83699,LibriSpeech_2428,LibriSpeech_2428,1,39.3262159231308,maximum_decision_score
2,832,2428-83699-0030,2428/83699,LibriSpeech_2428,LibriSpeech_2428,1,39.32640860546919,maximum_decision_score
1,833,2428-83699-0031,2428/83699,LibriSpeech_2428,LibriSpeech_2428,1,39.32661011818099,maximum_decision_score
2,834,2428-83699-0032,2428/83699,LibriSpeech_2428,LibriSpeech_2428,1,39.32629211812696,maximum_decision_score
5,835,2428-83699-0033,2428/83699,LibriSpeech_2428,LibriSpeech_2428,1,39.32462439744359,maximum_decision_score
1,836,2428-83699-0034,2428/83699,LibriSpeech_2428,LibriSpeech_2428,1,39.32624776084866,maximum_decision_score
2,837,2428-83699-0035,2428/83699,LibriSpeech_2428,LibriSpeech_2428,1,39.32671464849962,maximum_decision_score
3,838,2428-83699-0036,2428/83699,LibriSpeech_2428,LibriSpeech_2428,1,39.326117413431646,maximum_decision_score
2,839,2428-83699-0037,2428/83699,LibriSpeech_2428,LibriSpeech_2428,1,39.32667421308264,maximum_decision_score
1,840,2428-83699-0038,2428/83699,LibriSpeech_2428,LibriSpeech_2428,1,39.32503643530111,maximum_decision_score
4,841,2428-83699-0039,2428/83699,LibriSpeech_2428,LibriSpeech_2428,1,39.32578376873682,maximum_decision_score
2,842,2428-83699-0040,2428/83699,LibriSpeech_2428,LibriSpeech_2428,1,39.32637733107547,maximum_decision_score
1,843,2428-83699-0041,2428/83699,LibriSpeech_2428,LibriSpeech_2428,1,39.326355770320475,maximum_decision_score
2,844,2428-83699-0042,2428/83699,LibriSpeech_2428,LibriSpeech_2428,1,39.32619764497778,maximum_decision_score
2,845,2428-83705-0000,2428/83705,LibriSpeech_2428,LibriSpeech_2428,1,39.326292168419094,maximum_decision_score
3,846,2428-83705-0001,2428/83705,LibriSpeech_2428,LibriSpeech_2428,1,39.32575097692821,maximum_decision_score
2,847,2428-83705-0002,2428/83705,LibriSpeech_2428,LibriSpeech_2428,1,39.32601894029264,maximum_decision_score
3,848,2428-83705-0003,2428/83705,LibriSpeech_2428,LibriSpeech_2428,1,39.32637560336514,maximum_decision_score
1,849,2428-83705-0004,2428/83705,LibriSpeech_2428,LibriSpeech_2428,1,39.326416650095624,maximum_decision_score
4,850,2428-83705-0005,2428/83705,LibriSpeech_2428,LibriSpeech_2428,1,39.326666863663895,maximum_decision_score
3,851,2428-83705-0006,2428/83705,LibriSpeech_2428,LibriSpeech_2428,1,39.325151692357274,maximum_decision_score
3,852,2428-83705-0007,2428/83705,LibriSpeech_2428,LibriSpeech_2428,1,39.3244807755511,maximum_decision_score
3,853,2428-83705-0008,2428/83705,LibriSpeech_2428,LibriSpeech_2428,1,39.32448276931369,maximum_decision_score
4,854,2428-83705-0009,2428/83705,LibriSpeech_2428,LibriSpeech_2428,1,39.32502924255765,maximum_decision_score
2,855,2428-83705-0010,2428/83705,LibriSpeech_2428,LibriSpeech_2428,1,39.326643082897874,maximum_decision_score
4,856,2428-83705-0011,2428/83705,LibriSpeech_2428,LibriSpeech_2428,1,39.326226502111666,maximum_decision_score
5,857,2428-83705-0012,2428/83705,LibriSpeech_2428,LibriSpeech_2428,1,39.32586618575643,maximum_decision_score
2,858,2428-83705-0013,2428/83705,LibriSpeech_2428,LibriSpeech_2428,1,39.32647761152785,maximum_decision_score
5,859,2428-83705-0014,2428/83705,LibriSpeech_2428,LibriSpeech_2428,1,39.325833898374604,maximum_decision_score
5,860,2428-83705-0015,2428/83705,LibriSpeech_2428,LibriSpeech_2428,1,39.32605133478338,maximum_decision_score
2,861,2428-83705-0016,2428/83705,LibriSpeech_2428,LibriSpeech_2428,1,39.324969330987116,maximum_decision_score
3,862,2428-83705-0017,2428/83705,LibriSpeech_2428,LibriSpeech_2428,1,39.32592069791673,maximum_decision_score
3,863,2428-83705-0018,2428/83705,LibriSpeech_2428,LibriSpeech_2428,1,39.325786605140394,maximum_decision_score
5,864,2428-83705-0019,2428/83705,LibriSpeech_2428,LibriSpeech_2428,1,39.3265052128713,maximum_decision_score
1,865,2428-83705-0020,2428/83705,LibriSpeech_2428,LibriSpeech_2428,1,39.32645814667019,maximum_decision_score
4,866,2428-83705-0021,2428/83705,LibriSpeech_2428,LibriSpeech_2428,1,39.32644965770045,maximum_decision_score
4,867,2428-83705-0022,2428/83705,LibriSpeech_2428,LibriSpeech_2428,1,39.32594925261538,maximum_decision_score
5,868,2428-83705-0023,2428/83705,LibriSpeech_2428,LibriSpeech_2428,1,39.32581432691988,maximum_decision_score
3,869,2428-83705-0024,2428/83705,LibriSpeech_2428,LibriSpeech_2428,1,39.32592924148961,maximum_decision_score
1,870,2428-83705-0025,2428/83705,LibriSpeech_2428,LibriSpeech_2428,1,39.32609329915422,maximum_decision_score
5,871,2428-83705-0026,2428/83705,LibriSpeech_2428,LibriSpeech_2428,1,39.32620871281554,maximum_decision_score
1,872,2428-83705-0027,2428/83705,LibriSpeech_2428,LibriSpeech_2428,1,39.324784989804996,maximum_decision_score
5,873,2428-83705-0028,2428/83705,LibriSpeech_2428,LibriSpeech_2428,1,39.325627153731915,maximum_decision_score
4,874,2428-83705-0029,2428/83705,LibriSpeech_2428,LibriSpeech_2428,1,39.32519762051904,maximum_decision_score
1,875,2428-83705-0030,2428/83705,LibriSpeech_2428,LibriSpeech_2428,1,39.325553137223494,maximum_decision_score
3,876,2428-83705-0031,2428/83705,LibriSpeech_2428,LibriSpeech_2428,1,39.3265079925916,maximum_decision_score
3,877,2428-83705-0032,2428/83705,LibriSpeech_2428,LibriSpeech_2428,1,39.32554893724851,maximum_decision_score
3,878,2428-83705-0033,2428/83705,LibriSpeech_2428,LibriSpeech_2428,1,39.32503716675421,maximum_decision_score
5,879,2428-83705-0034,2428/83705,LibriSpeech_2428,LibriSpeech_2428,1,39.325830511366526,maximum_decision_score
3,880,2428-83705-0035,2428/83705,LibriSpeech_2428,LibriSpeech_2428,1,39.3256360807972,maximum_decision_score
1,881,2428-83705-0036,2428/83705,LibriSpeech_2428,LibriSpeech_2428,1,39.32595298930258,maximum_decision_score
2,882,2428-83705-0037,2428/83705,LibriSpeech_2428,LibriSpeech_2428,1,39.32584965864048,maximum_decision_score
4,883,2428-83705-0038,2428/83705,LibriSpeech_2428,LibriSpeech_2428,1,39.325234901303695,maximum_decision_score
3,884,2428-83705-0039,2428/83705,LibriSpeech_2428,LibriSpeech_2428,1,39.32587756150158,maximum_decision_score
4,885,2428-83705-0040,2428/83705,LibriSpeech_2428,LibriSpeech_2428,1,39.3255186498683,maximum_decision_score
4,886,2428-83705-0041,2428/83705,LibriSpeech_2428,LibriSpeech_2428,1,39.325149284628424,maximum_decision_score
2,887,2428-83705-0042,2428/83705,LibriSpeech_2428,LibriSpeech_2428,1,39.32598150474779,maximum_decision_score
4,888,2428-83705-0043,2428/83705,LibriSpeech_2428,LibriSpeech_2428,1,39.32535292026304,maximum_decision_score
2,889,251-118436-0000,251/118436,LibriSpeech_251,LibriSpeech_251,1,39.3251971069745,maximum_decision_score
5,890,251-118436-0001,251/118436,LibriSpeech_251,LibriSpeech_251,1,39.32639357199098,maximum_decision_score
3,891,251-118436-0002,251/118436,LibriSpeech_251,LibriSpeech_251,1,39.32583585141087,maximum_decision_score
1,892,251-118436-0003,251/118436,LibriSpeech_251,LibriSpeech_251,1,39.32547762791954,maximum_decision_score
1,893,251-118436-0004,251/118436,LibriSpeech_251,LibriSpeech_251,1,39.325580117222195,maximum_decision_score
3,894,251-118436-0005,251/118436,LibriSpeech_251,LibriSpeech_251,1,39.32540136223437,maximum_decision_score
1,895,251-118436-0006,251/118436,LibriSpeech_251,LibriSpeech_251,1,39.32624388236309,maximum_decision_score
3,896,251-118436-0007,251/118436,LibriSpeech_251,LibriSpeech_251,1,39.32563837091742,maximum_decision_score
3,897,251-118436-0008,251/118436,LibriSpeech_251,LibriSpeech_251,1,39.32574850503523,maximum_decision_score
3,898,251-118436-0009,251/118436,LibriSpeech_251,LibriSpeech_251,1,39.3266966922089,maximum_decision_score
5,899,251-118436-0010,251/118436,LibriSpeech_251,LibriSpeech_251,1,39.32565763958522,maximum_decision_score
5,900,251-118436-0011,251/118436,LibriSpeech_251,LibriSpeech_251,1,39.32573987247171,maximum_decision_score
4,901,251-118436-0012,251/118436,LibriSpeech_251,LibriSpeech_251,1,39.326136243270916,maximum_decision_score
4,902,251-118436-0013,251/118436,LibriSpeech_251,LibriSpeech_251,1,39.3259168292126,maximum_decision_score
5,903,251-118436-0014,251/118436,LibriSpeech_251,LibriSpeech_251,1,39.326119116240335,maximum_decision_score
4,904,251-118436-0015,251/118436,LibriSpeech_251,LibriSpeech_251,1,39.32568877150772,maximum_decision_score
3,905,251-118436-0016,251/118436,LibriSpeech_251,LibriSpeech_251,1,39.32623552072358,maximum_decision_score
1,906,251-118436-0017,251/118436,LibriSpeech_251,LibriSpeech_251,1,39.32371438627299,maximum_decision_score
3,907,251-118436-0018,251/118436,LibriSpeech_251,LibriSpeech_251,1,39.32634009228104,maximum_decision_score
4,908,251-118436-0019,251/118436,LibriSpeech_251,LibriSpeech_251,1,39.3247056778388,maximum_decision_score
1,909,251-118436-0020,251/118436,LibriSpeech_251,LibriSpeech_251,1,39.32527053227469,maximum_decision_score
3,910,251-118436-0021,251/118436,LibriSpeech_251,LibriSpeech_251,1,39.32616260882413,maximum_decision_score
3,911,251-118436-0022,251/118436,LibriSpeech_251,LibriSpeech_251,1,39.32488895779965,maximum_decision_score
1,912,251-118436-0023,251/118436,LibriSpeech_251,LibriSpeech_251,1,39.324982132991714,maximum_decision_score
4,913,251-136532-0000,251/136532,LibriSpeech_251,LibriSpeech_251,1,39.325971498000065,maximum_decision_score
1,914,251-136532-0001,251/136532,LibriSpeech_251,LibriSpeech_251,1,39.32595501772256,maximum_decision_score
5,915,251-136532-0002,251/136532,LibriSpeech_251,LibriSpeech_251,1,39.32593052694242,maximum_decision_score
5,916,251-136532-0003,251/136532,LibriSpeech_251,LibriSpeech_251,1,39.325827547599715,maximum_decision_score
5,917,251-136532-0004,251/136532,LibriSpeech_251,LibriSpeech_251,1,39.3259749651065,maximum_decision_score
2,918,251-136532-0005,251/136532,LibriSpeech_251,LibriSpeech_251,1,39.32628098461539,maximum_decision_score
3,919,251-136532-0006,251/136532,LibriSpeech_251,LibriSpeech_251,1,39.32588401544942,maximum_decision_score
2,920,251-136532-0007,251/136532,LibriSpeech_251,LibriSpeech_251,1,39.32567630412395,maximum_decision_score
2,921,251-136532-0008,251/136532,LibriSpeech_251,LibriSpeech_251,1,39.325671730869054,maximum_decision_score
5,922,251-136532-0009,251/136532,LibriSpeech_251,LibriSpeech_251,1,39.32487017427327,maximum_decision_score
4,923,251-136532-0010,251/136532,LibriSpeech_251,LibriSpeech_251,1,39.324893266908354,maximum_decision_score
3,924,251-136532-0011,251/136532,LibriSpeech_251,LibriSpeech_251,1,39.32534890914581,maximum_decision_score
4,925,251-136532-0012,251/136532,LibriSpeech_251,LibriSpeech_251,1,39.32546808087385,maximum_decision_score
4,926,251-136532-0013,251/136532,LibriSpeech_251,LibriSpeech_251,1,39.3256514649106,maximum_decision_score
4,927,251-136532-0014,251/136532,LibriSpeech_251,LibriSpeech_251,1,39.32507428994705,maximum_decision_score
2,928,251-136532-0015,251/136532,LibriSpeech_251,LibriSpeech_251,1,39.32537173560524,maximum_decision_score
2,929,251-136532-0016,251/136532,LibriSpeech_251,LibriSpeech_251,1,39.32551660690585,maximum_decision_score
4,930,251-136532-0017,251/136532,LibriSpeech_251,LibriSpeech_251,1,39.326276951437045,maximum_decision_score
3,931,251-136532-0018,251/136532,LibriSpeech_251,LibriSpeech_251,1,39.324594351015584,maximum_decision_score
5,932,251-136532-0019,251/136532,LibriSpeech_251,LibriSpeech_251,1,39.325216463013184,maximum_decision_score
5,933,251-136532-0020,251/136532,LibriSpeech_251,LibriSpeech_251,1,39.32569704263489,maximum_decision_score
5,934,251-136532-0021,251/136532,LibriSpeech_251,LibriSpeech_251,1,39.32577468079093,maximum_decision_score
2,935,251-136532-0022,251/136532,LibriSpeech_251,LibriSpeech_251,1,39.31789185389626,maximum_decision_score
4,936,251-136532-0023,251/136532,LibriSpeech_251,LibriSpeech_251,1,39.32576890712734,maximum_decision_score
5,937,251-137823-0000,251/137823,LibriSpeech_251,LibriSpeech_251,1,39.325959718346326,maximum_decision_score
1,938,251-137823-0001,251/137823,LibriSpeech_251,LibriSpeech_251,1,39.32589699904265,maximum_decision_score
4,939,251-137823-0002,251/137823,LibriSpeech_251,LibriSpeech_251,1,39.32518813059988,maximum_decision_score
1,940,251-137823-0003,251/137823,LibriSpeech_251,LibriSpeech_251,1,39.326538949366125,maximum_decision_score
4,941,251-137823-0004,251/137823,LibriSpeech_251,LibriSpeech_251,1,39.32617739407278,maximum_decision_score
1,942,251-137823-0005,251/137823,LibriSpeech_251,LibriSpeech_251,1,39.3254005440556,maximum_decision_score
1,943,251-137823-0006,251/137823,LibriSpeech_251,LibriSpeech_251,1,39.325833208129225,maximum_decision_score
2,944,251-137823-0007,251/137823,LibriSpeech_251,LibriSpeech_251,1,39.326565413240104,maximum_decision_score
1,945,251-137823-0008,251/137823,LibriSpeech_251,LibriSpeech_251,1,39.325836235672746,maximum_decision_score
2,946,251-137823-0009,251/137823,LibriSpeech_251,LibriSpeech_251,1,39.32602944307074,maximum_decision_score
5,947,251-137823-0010,251/137823,LibriSpeech_251,LibriSpeech_251,1,39.325567953346926,maximum_decision_score
5,948,251-137823-0011,251/137823,LibriSpeech_251,LibriSpeech_251,1,39.32527417650265,maximum_decision_score
5,949,251-137823-0012,251/137823,LibriSpeech_251,LibriSpeech_251,1,39.32546475699508,maximum_decision_score
3,950,251-137823-0013,251/137823,LibriSpeech_251,LibriSpeech_251,1,39.32613268699639,maximum_decision_score
1,951,251-137823-0014,251/137823,LibriSpeech_251,LibriSpeech_251,1,39.326111937608154,maximum_decision_score
2,952,251-137823-0015,251/137823,LibriSpeech_251,LibriSpeech_251,1,39.325795263377486,maximum_decision_score
1,953,251-137823-0016,251/137823,LibriSpeech_251,LibriSpeech_251,1,39.325589556098876,maximum_decision_score
2,954,251-137823-0017,251/137823,LibriSpeech_251,LibriSpeech_251,1,39.32694238093179,maximum_decision_score
2,955,251-137823-0018,251/137823,LibriSpeech_251,LibriSpeech_251,1,39.32613349643217,maximum_decision_score
4,956,251-137823-0019,251/137823,LibriSpeech_251,LibriSpeech_251,1,39.32629710047851,maximum_decision_score
3,957,251-137823-0020,251/137823,LibriSpeech_251,LibriSpeech_251,1,39.32649338632354,maximum_decision_score
2,958,251-137823-0021,251/137823,LibriSpeech_251,LibriSpeech_251,1,39.32547248711743,maximum_decision_score
3,959,251-137823-0022,251/137823,LibriSpeech_251,LibriSpeech_251,1,39.325643515771745,maximum_decision_score
2,960,251-137823-0023,251/137823,LibriSpeech_251,LibriSpeech_251,1,39.325918674915236,maximum_decision_score
1,961,251-137823-0024,251/137823,LibriSpeech_251,LibriSpeech_251,1,39.3239814826371,maximum_decision_score
4,962,251-137823-0025,251/137823,LibriSpeech_251,LibriSpeech_251,1,39.32406311260332,maximum_decision_score
2,963,251-137823-0026,251/137823,LibriSpeech_251,LibriSpeech_251,1,39.32576913242243,maximum_decision_score
2,964,2803-154320-0000,2803/154320,LibriSpeech_2803,LibriSpeech_2803,1,39.32512806948271,maximum_decision_score
1,965,2803-154320-0001,2803/154320,LibriSpeech_2803,LibriSpeech_2803,1,39.32517518417881,maximum_decision_score
2,966,2803-154320-0002,2803/154320,LibriSpeech_2803,LibriSpeech_2803,1,39.32541173567373,maximum_decision_score
4,967,2803-154320-0003,2803/154320,LibriSpeech_2803,LibriSpeech_2803,1,39.32611706262268,maximum_decision_score
1,968,2803-154320-0004,2803/154320,LibriSpeech_2803,LibriSpeech_2803,1,39.32524742588056,maximum_decision_score
2,969,2803-154320-0005,2803/154320,LibriSpeech_2803,LibriSpeech_2803,1,39.32614766456991,maximum_decision_score
3,970,2803-154320-0006,2803/154320,LibriSpeech_2803,LibriSpeech_2803,1,39.325600577006966,maximum_decision_score
3,971,2803-154320-0007,2803/154320,LibriSpeech_2803,LibriSpeech_2803,1,39.32504678245652,maximum_decision_score
4,972,2803-154320-0008,2803/154320,LibriSpeech_2803,LibriSpeech_2803,1,39.32447926985452,maximum_decision_score
1,973,2803-154320-0009,2803/154320,LibriSpeech_2803,LibriSpeech_2803,1,39.32535386557136,maximum_decision_score
5,974,2803-154320-0010,2803/154320,LibriSpeech_2803,LibriSpeech_2803,1,39.32440550687198,maximum_decision_score
3,975,2803-154320-0011,2803/154320,LibriSpeech_2803,LibriSpeech_2803,1,39.325172140408455,maximum_decision_score
5,976,2803-154320-0012,2803/154320,LibriSpeech_2803,LibriSpeech_2803,1,39.32537269842655,maximum_decision_score
1,977,2803-154320-0013,2803/154320,LibriSpeech_2803,LibriSpeech_2803,1,39.3246311857426,maximum_decision_score
3,978,2803-154320-0014,2803/154320,LibriSpeech_2803,LibriSpeech_2803,1,39.32455829842016,maximum_decision_score
1,979,2803-154328-0000,2803/154328,LibriSpeech_2803,LibriSpeech_2803,1,39.32539434429451,maximum_decision_score
2,980,2803-154328-0001,2803/154328,LibriSpeech_2803,LibriSpeech_2803,1,39.32466637217858,maximum_decision_score
5,981,2803-154328-0002,2803/154328,LibriSpeech_2803,LibriSpeech_2803,1,39.32388645286823,maximum_decision_score
3,982,2803-154328-0003,2803/154328,LibriSpeech_2803,LibriSpeech_2803,1,39.325757071097314,maximum_decision_score
5,983,2803-154328-0004,2803/154328,LibriSpeech_2803,LibriSpeech_2803,1,39.325439011413025,maximum_decision_score
1,984,2803-154328-0005,2803/154328,LibriSpeech_2803,LibriSpeech_2803,1,39.325955477456105,maximum_decision_score
2,985,2803-154328-0006,2803/154328,LibriSpeech_2803,LibriSpeech_2803,1,39.326510936207335,maximum_decision_score
5,986,2803-154328-0007,2803/154328,LibriSpeech_2803,LibriSpeech_2803,1,39.325045886467095,maximum_decision_score
1,987,2803-154328-0008,2803/154328,LibriSpeech_2803,LibriSpeech_2803,1,39.32604953103972,maximum_decision_score
2,988,2803-154328-0009,2803/154328,LibriSpeech_2803,LibriSpeech_2803,1,39.32586243834263,maximum_decision_score
4,989,2803-154328-0010,2803/154328,LibriSpeech_2803,LibriSpeech_2803,1,39.3257835377171,maximum_decision_score
3,990,2803-154328-0011,2803/154328,LibriSpeech_2803,LibriSpeech_2803,1,39.32520648854349,maximum_decision_score
4,991,2803-154328-0012,2803/154328,LibriSpeech_2803,LibriSpeech_2803,1,39.32614601740148,maximum_decision_score
5,992,2803-154328-0013,2803/154328,LibriSpeech_2803,LibriSpeech_2803,1,39.324885690725814,maximum_decision_score
4,993,2803-154328-0014,2803/154328,LibriSpeech_2803,LibriSpeech_2803,1,39.325286451285,maximum_decision_score
5,994,2803-154328-0015,2803/154328,LibriSpeech_2803,LibriSpeech_2803,1,39.32582919179788,maximum_decision_score
2,995,2803-154328-0016,2803/154328,LibriSpeech_2803,LibriSpeech_2803,1,39.324060528414996,maximum_decision_score
1,996,2803-154328-0017,2803/154328,LibriSpeech_2803,LibriSpeech_2803,1,39.32573391534783,maximum_decision_score
5,997,2803-154328-0018,2803/154328,LibriSpeech_2803,LibriSpeech_2803,1,39.325354758350905,maximum_decision_score
2,998,2803-154328-0019,2803/154328,LibriSpeech_2803,LibriSpeech_2803,1,39.32608124500392,maximum_decision_score
5,999,2803-154328-0020,2803/154328,LibriSpeech_2803,LibriSpeech_2803,1,39.32592956159134,maximum_decision_score
5,1000,2803-154328-0021,2803/154328,LibriSpeech_2803,LibriSpeech_2803,1,39.32631942742,maximum_decision_score
3,1001,2803-154328-0022,2803/154328,LibriSpeech_2803,LibriSpeech_2803,1,39.324071733229346,maximum_decision_score
3,1002,2803-154328-0023,2803/154328,LibriSpeech_2803,LibriSpeech_2803,1,39.32582901111119,maximum_decision_score
2,1003,2803-161169-0000,2803/161169,LibriSpeech_2803,LibriSpeech_2803,1,39.325885941084586,maximum_decision_score
2,1004,2803-161169-0001,2803/161169,LibriSpeech_2803,LibriSpeech_2803,1,39.32666675348977,maximum_decision_score
3,1005,2803-161169-0002,2803/161169,LibriSpeech_2803,LibriSpeech_2803,1,39.32559868348692,maximum_decision_score
1,1006,2803-161169-0003,2803/161169,LibriSpeech_2803,LibriSpeech_2803,1,39.326241954219306,maximum_decision_score
2,1007,2803-161169-0004,2803/161169,LibriSpeech_2803,LibriSpeech_2803,1,39.325417194943604,maximum_decision_score
3,1008,2803-161169-0005,2803/161169,LibriSpeech_2803,LibriSpeech_2803,1,39.32562103126278,maximum_decision_score
4,1009,2803-161169-0006,2803/161169,LibriSpeech_2803,LibriSpeech_2803,1,39.32615492809794,maximum_decision_score
4,1010,2803-161169-0007,2803/161169,LibriSpeech_2803,LibriSpeech_2803,1,39.32583926823126,maximum_decision_score
5,1011,2803-161169-0008,2803/161169,LibriSpeech_2803,LibriSpeech_2803,1,39.32542267781955,maximum_decision_score
1,1012,2803-161169-0009,2803/161169,LibriSpeech_2803,LibriSpeech_2803,1,39.325749738433096,maximum_decision_score
4,1013,2803-161169-0010,2803/161169,LibriSpeech_2803,LibriSpeech_2803,1,39.326189304449734,maximum_decision_score
1,1014,2803-161169-0011,2803/161169,LibriSpeech_2803,LibriSpeech_2803,1,39.32540997140858,maximum_decision_score
4,1015,2803-161169-0012,2803/161169,LibriSpeech_2803,LibriSpeech_2803,1,39.32595560713123,maximum_decision_score
5,1016,2803-161169-0013,2803/161169,LibriSpeech_2803,LibriSpeech_2803,1,39.32529886485767,maximum_decision_score
4,1017,2803-161169-0014,2803/161169,LibriSpeech_2803,LibriSpeech_2803,1,39.32510948347952,maximum_decision_score
1,1018,2803-161169-0015,2803/161169,LibriSpeech_2803,LibriSpeech_2803,1,39.32542709256579,maximum_decision_score
4,1019,2803-161169-0016,2803/161169,LibriSpeech_2803,LibriSpeech_2803,1,39.32550064109852,maximum_decision_score
3,1020,2803-161169-0017,2803/161169,LibriSpeech_2803,LibriSpeech_2803,1,39.32519572727406,maximum_decision_score
4,1021,2902-9006-0000,2902/9006,LibriSpeech_2902,LibriSpeech_2902,1,39.324979440282405,maximum_decision_score
5,1022,2902-9006-0001,2902/9006,LibriSpeech_2902,LibriSpeech_2902,1,39.32570940162616,maximum_decision_score
5,1023,2902-9006-0002,2902/9006,LibriSpeech_2902,LibriSpeech_2902,1,39.325949716275474,maximum_decision_score
5,1024,2902-9006-0003,2902/9006,LibriSpeech_2902,LibriSpeech_2902,1,39.326072223799855,maximum_decision_score
3,1025,2902-9006-0004,2902/9006,LibriSpeech_2902,LibriSpeech_2902,1,39.32585559184448,maximum_decision_score
5,1026,2902-9006-0005,2902/9006,LibriSpeech_2902,LibriSpeech_2902,1,39.32597804056313,maximum_decision_score
1,1027,2902-9006-0006,2902/9006,LibriSpeech_2902,LibriSpeech_2902,1,39.32639605563571,maximum_decision_score
1,1028,2902-9006-0007,2902/9006,LibriSpeech_2902,LibriSpeech_2902,1,39.325289868458,maximum_decision_score
4,1029,2902-9006-0008,2902/9006,LibriSpeech_2902,LibriSpeech_2902,1,39.32460984339791,maximum_decision_score
1,1030,2902-9006-0009,2902/9006,LibriSpeech_2902,LibriSpeech_2902,1,39.32563602908551,maximum_decision_score
2,1031,2902-9006-0010,2902/9006,LibriSpeech_2902,LibriSpeech_2902,1,39.32603875491466,maximum_decision_score
1,1032,2902-9006-0011,2902/9006,LibriSpeech_2902,LibriSpeech_2902,1,39.32615476790444,maximum_decision_score
4,1033,2902-9006-0012,2902/9006,LibriSpeech_2902,LibriSpeech_2902,1,39.32481619730868,maximum_decision_score
1,1034,2902-9006-0013,2902/9006,LibriSpeech_2902,LibriSpeech_2902,1,39.3259244710062,maximum_decision_score
5,1035,2902-9006-0014,2902/9006,LibriSpeech_2902,LibriSpeech_2902,1,39.32604896336147,maximum_decision_score
3,1036,2902-9006-0015,2902/9006,LibriSpeech_2902,LibriSpeech_2902,1,39.32578723361383,maximum_decision_score
3,1037,2902-9006-0016,2902/9006,LibriSpeech_2902,LibriSpeech_2902,1,39.324610709825855,maximum_decision_score
2,1038,2902-9006-0017,2902/9006,LibriSpeech_2902,LibriSpeech_2902,1,39.32553201003456,maximum_decision_score
1,1039,2902-9006-0018,2902/9006,LibriSpeech_2902,LibriSpeech_2902,1,39.32563039030028,maximum_decision_score
2,1040,2902-9006-0019,2902/9006,LibriSpeech_2902,LibriSpeech_2902,1,39.325531970048566,maximum_decision_score
3,1041,2902-9006-0020,2902/9006,LibriSpeech_2902,LibriSpeech_2902,1,39.32493152993441,maximum_decision_score
1,1042,2902-9008-0000,2902/9008,LibriSpeech_2902,LibriSpeech_2902,1,39.32579295394019,maximum_decision_score
2,1043,2902-9008-0001,2902/9008,LibriSpeech_2902,LibriSpeech_2902,1,39.32566608805376,maximum_decision_score
4,1044,2902-9008-0002,2902/9008,LibriSpeech_2902,LibriSpeech_2902,1,39.32558409387219,maximum_decision_score
3,1045,2902-9008-0003,2902/9008,LibriSpeech_2902,LibriSpeech_2902,1,39.325698333851044,maximum_decision_score
1,1046,2902-9008-0004,2902/9008,LibriSpeech_2902,LibriSpeech_2902,1,39.32599985397981,maximum_decision_score
5,1047,2902-9008-0005,2902/9008,LibriSpeech_2902,LibriSpeech_2902,1,39.32643294100048,maximum_decision_score
5,1048,2902-9008-0006,2902/9008,LibriSpeech_2902,LibriSpeech_2902,1,39.32553037167123,maximum_decision_score
2,1049,2902-9008-0007,2902/9008,LibriSpeech_2902,LibriSpeech_2902,1,39.326641706823835,maximum_decision_score
3,1050,2902-9008-0008,2902/9008,LibriSpeech_2902,LibriSpeech_2902,1,39.32205885354725,maximum_decision_score
4,1051,2902-9008-0009,2902/9008,LibriSpeech_2902,LibriSpeech_2902,1,39.324629411136065,maximum_decision_score
2,1052,2902-9008-0010,2902/9008,LibriSpeech_2902,LibriSpeech_2902,1,39.32571694775124,maximum_decision_score
3,1053,2902-9008-0011,2902/9008,LibriSpeech_2902,LibriSpeech_2902,1,39.32562303771348,maximum_decision_score
3,1054,2902-9008-0012,2902/9008,LibriSpeech_2902,LibriSpeech_2902,1,39.32390502952617,maximum_decision_score
2,1055,2902-9008-0013,2902/9008,LibriSpeech_2902,LibriSpeech_2902,1,39.32615439483897,maximum_decision_score
2,1056,2902-9008-0014,2902/9008,LibriSpeech_2902,LibriSpeech_2902,1,39.32585126671884,maximum_decision_score
4,1057,2902-9008-0015,2902/9008,LibriSpeech_2902,LibriSpeech_2902,1,39.32153096642595,maximum_decision_score
4,1058,2902-9008-0016,2902/9008,LibriSpeech_2902,LibriSpeech_2902,1,39.3253998582721,maximum_decision_score
3,1059,3000-15664-0000,3000/15664,LibriSpeech_3000,LibriSpeech_3000,1,39.32478469920719,maximum_decision_score
3,1060,3000-15664-0001,3000/15664,LibriSpeech_3000,LibriSpeech_3000,1,39.32534830784034,maximum_decision_score
4,1061,3000-15664-0002,3000/15664,LibriSpeech_3000,LibriSpeech_3000,1,39.32578930516514,maximum_decision_score
3,1062,3000-15664-0003,3000/15664,LibriSpeech_3000,LibriSpeech_3000,1,39.32194997440242,maximum_decision_score
5,1063,3000-15664-0004,3000/15664,LibriSpeech_3000,LibriSpeech_3000,1,39.324351080155125,maximum_decision_score
2,1064,3000-15664-0005,3000/15664,LibriSpeech_3000,LibriSpeech_3000,1,39.32448286191567,maximum_decision_score
1,1065,3000-15664-0006,3000/15664,LibriSpeech_3000,LibriSpeech_3000,1,39.32475229004828,maximum_decision_score
1,1066,3000-15664-0007,3000/15664,LibriSpeech_3000,LibriSpeech_3000,1,39.32588990763552,maximum_decision_score
5,1067,3000-15664-0008,3000/15664,LibriSpeech_3000,LibriSpeech_3000,1,39.32481956976206,maximum_decision_score
1,1068,3000-15664-0009,3000/15664,LibriSpeech_3000,LibriSpeech_3000,1,39.32605279374239,maximum_decision_score
3,1069,3000-15664-0010,3000/15664,LibriSpeech_3000,LibriSpeech_3000,1,39.32592334007674,maximum_decision_score
1,1070,3000-15664-0011,3000/15664,LibriSpeech_3000,LibriSpeech_3000,1,39.32576389286119,maximum_decision_score
3,1071,3000-15664-0012,3000/15664,LibriSpeech_3000,LibriSpeech_3000,1,39.3256973473072,maximum_decision_score
5,1072,3000-15664-0013,3000/15664,LibriSpeech_3000,LibriSpeech_3000,1,39.32589121237468,maximum_decision_score
2,1073,3000-15664-0014,3000/15664,LibriSpeech_3000,LibriSpeech_3000,1,39.32543898276498,maximum_decision_score
1,1074,3000-15664-0015,3000/15664,LibriSpeech_3000,LibriSpeech_3000,1,39.32602000240932,maximum_decision_score
1,1075,3000-15664-0016,3000/15664,LibriSpeech_3000,LibriSpeech_3000,1,39.32541737470303,maximum_decision_score
5,1076,3000-15664-0017,3000/15664,LibriSpeech_3000,LibriSpeech_3000,1,39.325189707874294,maximum_decision_score
2,1077,3000-15664-0018,3000/15664,LibriSpeech_3000,LibriSpeech_3000,1,39.32563233119565,maximum_decision_score
5,1078,3000-15664-0019,3000/15664,LibriSpeech_3000,LibriSpeech_3000,1,39.32526988852347,maximum_decision_score
5,1079,3000-15664-0020,3000/15664,LibriSpeech_3000,LibriSpeech_3000,1,39.324948927566716,maximum_decision_score
4,1080,3000-15664-0021,3000/15664,LibriSpeech_3000,LibriSpeech_3000,1,39.325808704157005,maximum_decision_score
4,1081,3000-15664-0022,3000/15664,LibriSpeech_3000,LibriSpeech_3000,1,39.3251579173418,maximum_decision_score
3,1082,3000-15664-0023,3000/15664,LibriSpeech_3000,LibriSpeech_3000,1,39.324831058772254,maximum_decision_score
3,1083,3000-15664-0024,3000/15664,LibriSpeech_3000,LibriSpeech_3000,1,39.32477132950483,maximum_decision_score
4,1084,3000-15664-0025,3000/15664,LibriSpeech_3000,LibriSpeech_3000,1,39.325195467538606,maximum_decision_score
4,1085,3000-15664-0026,3000/15664,LibriSpeech_3000,LibriSpeech_3000,1,39.32492338682157,maximum_decision_score
2,1086,3000-15664-0027,3000/15664,LibriSpeech_3000,LibriSpeech_3000,1,39.32636717160745,maximum_decision_score
3,1087,3000-15664-0028,3000/15664,LibriSpeech_3000,LibriSpeech_3000,1,39.32550004386488,maximum_decision_score
2,1088,3000-15664-0029,3000/15664,LibriSpeech_3000,LibriSpeech_3000,1,39.32529526177752,maximum_decision_score
4,1089,3000-15664-0030,3000/15664,LibriSpeech_3000,LibriSpeech_3000,1,39.32649609512499,maximum_decision_score
4,1090,3000-15664-0031,3000/15664,LibriSpeech_3000,LibriSpeech_3000,1,39.32564352870144,maximum_decision_score
1,1091,3000-15664-0032,3000/15664,LibriSpeech_3000,LibriSpeech_3000,1,39.32575151464144,maximum_decision_score
4,1092,3000-15664-0033,3000/15664,LibriSpeech_3000,LibriSpeech_3000,1,39.325593042771224,maximum_decision_score
2,1093,3000-15664-0034,3000/15664,LibriSpeech_3000,LibriSpeech_3000,1,39.3256107975234,maximum_decision_score
2,1094,3000-15664-0035,3000/15664,LibriSpeech_3000,LibriSpeech_3000,1,39.32595226317937,maximum_decision_score
1,1095,3000-15664-0036,3000/15664,LibriSpeech_3000,LibriSpeech_3000,1,39.32524647398932,maximum_decision_score
5,1096,3000-15664-0037,3000/15664,LibriSpeech_3000,LibriSpeech_3000,1,39.32587580063831,maximum_decision_score
5,1097,3000-15664-0038,3000/15664,LibriSpeech_3000,LibriSpeech_3000,1,39.325703297498805,maximum_decision_score
5,1098,3000-15664-0039,3000/15664,LibriSpeech_3000,LibriSpeech_3000,1,39.3241249227019,maximum_decision_score
3,1099,3000-15664-0040,3000/15664,LibriSpeech_3000,LibriSpeech_3000,1,39.32522947279872,maximum_decision_score
2,1100,3000-15664-0041,3000/15664,LibriSpeech_3000,LibriSpeech_3000,1,39.32531343837393,maximum_decision_score
1,1101,3000-15664-0042,3000/15664,LibriSpeech_3000,LibriSpeech_3000,1,39.32560404990161,maximum_decision_score
4,1102,3000-15664-0043,3000/15664,LibriSpeech_3000,LibriSpeech_3000,1,39.325428542011544,maximum_decision_score
2,1103,3000-15664-0044,3000/15664,LibriSpeech_3000,LibriSpeech_3000,1,39.32567072042221,maximum_decision_score
2,1104,3000-15664-0045,3000/15664,LibriSpeech_3000,LibriSpeech_3000,1,39.325998002311934,maximum_decision_score
3,1105,3000-15664-0046,3000/15664,LibriSpeech_3000,LibriSpeech_3000,1,39.32609129487591,maximum_decision_score
2,1106,3081-166546-0000,3081/166546,LibriSpeech_3081,LibriSpeech_3081,1,39.325481886417386,maximum_decision_score
2,1107,3081-166546-0001,3081/166546,LibriSpeech_3081,LibriSpeech_3081,1,39.325473239704905,maximum_decision_score
4,1108,3081-166546-0002,3081/166546,LibriSpeech_3081,LibriSpeech_3081,1,39.325446540082446,maximum_decision_score
1,1109,3081-166546-0003,3081/166546,LibriSpeech_3081,LibriSpeech_3081,1,39.326434689703575,maximum_decision_score
2,1110,3081-166546-0004,3081/166546,LibriSpeech_3081,LibriSpeech_3081,1,39.32606925207998,maximum_decision_score
5,1111,3081-166546-0005,3081/166546,LibriSpeech_3081,LibriSpeech_3081,1,39.326804018309446,maximum_decision_score
1,1112,3081-166546-0006,3081/166546,LibriSpeech_3081,LibriSpeech_3081,1,39.325957083217375,maximum_decision_score
5,1113,3081-166546-0007,3081/166546,LibriSpeech_3081,LibriSpeech_3081,1,39.32500560240321,maximum_decision_score
4,1114,3081-166546-0008,3081/166546,LibriSpeech_3081,LibriSpeech_3081,1,39.31891984666757,maximum_decision_score
1,1115,3081-166546-0009,3081/166546,LibriSpeech_3081,LibriSpeech_3081,1,39.32489915255534,maximum_decision_score
3,1116,3081-166546-0010,3081/166546,LibriSpeech_3081,LibriSpeech_3081,1,39.32642536060583,maximum_decision_score
2,1117,3081-166546-0011,3081/166546,LibriSpeech_3081,LibriSpeech_3081,1,39.32590755071024,maximum_decision_score
5,1118,3081-166546-0012,3081/166546,LibriSpeech_3081,LibriSpeech_3081,1,39.326038227840655,maximum_decision_score
5,1119,3081-166546-0013,3081/166546,LibriSpeech_3081,LibriSpeech_3081,1,39.32664753135125,maximum_decision_score
3,1120,3081-166546-0014,3081/166546,LibriSpeech_3081,LibriSpeech_3081,1,39.325398807466044,maximum_decision_score
4,1121,3081-166546-0015,3081/166546,LibriSpeech_3081,LibriSpeech_3081,1,39.32424123260946,maximum_decision_score
2,1122,3081-166546-0016,3081/166546,LibriSpeech_3081,LibriSpeech_3081,1,39.32612952438883,maximum_decision_score
3,1123,3081-166546-0017,3081/166546,LibriSpeech_3081,LibriSpeech_3081,1,39.32560727395488,maximum_decision_score
1,1124,3081-166546-0018,3081/166546,LibriSpeech_3081,LibriSpeech_3081,1,39.324230566577164,maximum_decision_score
4,1125,3081-166546-0019,3081/166546,LibriSpeech_3081,LibriSpeech_3081,1,39.32649616305352,maximum_decision_score
2,1126,3081-166546-0020,3081/166546,LibriSpeech_3081,LibriSpeech_3081,1,39.32599216110032,maximum_decision_score
3,1127,3081-166546-0021,3081/166546,LibriSpeech_3081,LibriSpeech_3081,1,39.32613316648098,maximum_decision_score
4,1128,3081-166546-0022,3081/166546,LibriSpeech_3081,LibriSpeech_3081,1,39.32604668620132,maximum_decision_score
2,1129,3081-166546-0023,3081/166546,LibriSpeech_3081,LibriSpeech_3081,1,39.326307883757806,maximum_decision_score
4,1130,3081-166546-0024,3081/166546,LibriSpeech_3081,LibriSpeech_3081,1,39.32655827055131,maximum_decision_score
4,1131,3081-166546-0025,3081/166546,LibriSpeech_3081,LibriSpeech_3081,1,39.32463447588078,maximum_decision_score
1,1132,3081-166546-0026,3081/166546,LibriSpeech_3081,LibriSpeech_3081,1,39.32610030591702,maximum_decision_score
5,1133,3081-166546-0027,3081/166546,LibriSpeech_3081,LibriSpeech_3081,1,39.32522745792019,maximum_decision_score
5,1134,3081-166546-0028,3081/166546,LibriSpeech_3081,LibriSpeech_3081,1,39.32490629273682,maximum_decision_score
5,1135,3081-166546-0029,3081/166546,LibriSpeech_3081,LibriSpeech_3081,1,39.32643253335242,maximum_decision_score
3,1136,3081-166546-0030,3081/166546,LibriSpeech_3081,LibriSpeech_3081,1,39.32590177382139,maximum_decision_score
2,1137,3081-166546-0031,3081/166546,LibriSpeech_3081,LibriSpeech_3081,1,39.326130732039665,maximum_decision_score
1,1138,3081-166546-0032,3081/166546,LibriSpeech_3081,LibriSpeech_3081,1,39.325532420351784,maximum_decision_score
3,1139,3081-166546-0033,3081/166546,LibriSpeech_3081,LibriSpeech_3081,1,39.32409676626854,maximum_decision_score
1,1140,3081-166546-0034,3081/166546,LibriSpeech_3081,LibriSpeech_3081,1,39.32570311926011,maximum_decision_score
3,1141,3081-166546-0035,3081/166546,LibriSpeech_3081,LibriSpeech_3081,1,39.32461463551482,maximum_decision_score
5,1142,3081-166546-0036,3081/166546,LibriSpeech_3081,LibriSpeech_3081,1,39.324008101934865,maximum_decision_score
4,1143,3081-166546-0037,3081/166546,LibriSpeech_3081,LibriSpeech_3081,1,39.32574075748665,maximum_decision_score
5,1144,3081-166546-0038,3081/166546,LibriSpeech_3081,LibriSpeech_3081,1,39.32586164668198,maximum_decision_score
5,1145,3081-166546-0039,3081/166546,LibriSpeech_3081,LibriSpeech_3081,1,39.325558536355764,maximum_decision_score
3,1146,3081-166546-0040,3081/166546,LibriSpeech_3081,LibriSpeech_3081,1,39.326193569138574,maximum_decision_score
5,1147,3081-166546-0041,3081/166546,LibriSpeech_3081,LibriSpeech_3081,1,39.32605958933079,maximum_decision_score
2,1148,3081-166546-0042,3081/166546,LibriSpeech_3081,LibriSpeech_3081,1,39.32531952309646,maximum_decision_score
3,1149,3081-166546-0043,3081/166546,LibriSpeech_3081,LibriSpeech_3081,1,39.32677389873007,maximum_decision_score
5,1150,3081-166546-0044,3081/166546,LibriSpeech_3081,LibriSpeech_3081,1,39.32624541529824,maximum_decision_score
2,1151,3081-166546-0045,3081/166546,LibriSpeech_3081,LibriSpeech_3081,1,39.326146618810824,maximum_decision_score
1,1152,3081-166546-0046,3081/166546,LibriSpeech_3081,LibriSpeech_3081,1,39.32603358199065,maximum_decision_score
4,1153,3081-166546-0047,3081/166546,LibriSpeech_3081,LibriSpeech_3081,1,39.32604454497892,maximum_decision_score
1,1154,3081-166546-0048,3081/166546,LibriSpeech_3081,LibriSpeech_3081,1,39.32610588005637,maximum_decision_score
3,1155,3081-166546-0049,3081/166546,LibriSpeech_3081,LibriSpeech_3081,1,39.32651616459581,maximum_decision_score
5,1156,3081-166546-0050,3081/166546,LibriSpeech_3081,LibriSpeech_3081,1,39.32561303571097,maximum_decision_score
3,1157,3081-166546-0051,3081/166546,LibriSpeech_3081,LibriSpeech_3081,1,39.32621054603433,maximum_decision_score
5,1158,3081-166546-0052,3081/166546,LibriSpeech_3081,LibriSpeech_3081,1,39.324643145869544,maximum_decision_score
1,1159,3081-166546-0053,3081/166546,LibriSpeech_3081,LibriSpeech_3081,1,39.32519967005712,maximum_decision_score
5,1160,3081-166546-0054,3081/166546,LibriSpeech_3081,LibriSpeech_3081,1,39.325395034280454,maximum_decision_score
2,1161,3081-166546-0055,3081/166546,LibriSpeech_3081,LibriSpeech_3081,1,39.32617278428087,maximum_decision_score
5,1162,3081-166546-0056,3081/166546,LibriSpeech_3081,LibriSpeech_3081,1,39.32506588823753,maximum_decision_score
2,1163,3081-166546-0057,3081/166546,LibriSpeech_3081,LibriSpeech_3081,1,39.326565097049276,maximum_decision_score
3,1164,3081-166546-0058,3081/166546,LibriSpeech_3081,LibriSpeech_3081,1,39.32572823231243,maximum_decision_score
5,1165,3081-166546-0059,3081/166546,LibriSpeech_3081,LibriSpeech_3081,1,39.32598714099159,maximum_decision_score
1,1166,3081-166546-0060,3081/166546,LibriSpeech_3081,LibriSpeech_3081,1,39.32674993658186,maximum_decision_score
3,1167,3081-166546-0061,3081/166546,LibriSpeech_3081,LibriSpeech_3081,1,39.32597306366866,maximum_decision_score
4,1168,3081-166546-0062,3081/166546,LibriSpeech_3081,LibriSpeech_3081,1,39.326196139502485,maximum_decision_score
2,1169,3081-166546-0063,3081/166546,LibriSpeech_3081,LibriSpeech_3081,1,39.325623833538835,maximum_decision_score
1,1170,3081-166546-0064,3081/166546,LibriSpeech_3081,LibriSpeech_3081,1,39.326504289794116,maximum_decision_score
2,1171,3081-166546-0065,3081/166546,LibriSpeech_3081,LibriSpeech_3081,1,39.327157272913745,maximum_decision_score
3,1172,3081-166546-0066,3081/166546,LibriSpeech_3081,LibriSpeech_3081,1,39.3255881198522,maximum_decision_score
1,1173,3081-166546-0067,3081/166546,LibriSpeech_3081,LibriSpeech_3081,1,39.325780696369364,maximum_decision_score
3,1174,3081-166546-0068,3081/166546,LibriSpeech_3081,LibriSpeech_3081,1,39.32533554259391,maximum_decision_score
3,1175,3081-166546-0069,3081/166546,LibriSpeech_3081,LibriSpeech_3081,1,39.3252223521263,maximum_decision_score
1,1176,3081-166546-0070,3081/166546,LibriSpeech_3081,LibriSpeech_3081,1,39.325807478786146,maximum_decision_score
5,1177,3081-166546-0071,3081/166546,LibriSpeech_3081,LibriSpeech_3081,1,39.32642733219774,maximum_decision_score
4,1178,3081-166546-0072,3081/166546,LibriSpeech_3081,LibriSpeech_3081,1,39.326094949502064,maximum_decision_score
4,1179,3081-166546-0073,3081/166546,LibriSpeech_3081,LibriSpeech_3081,1,39.325351531970384,maximum_decision_score
1,1180,3081-166546-0074,3081/166546,LibriSpeech_3081,LibriSpeech_3081,1,39.32629661247515,maximum_decision_score
3,1181,3081-166546-0075,3081/166546,LibriSpeech_3081,LibriSpeech_3081,1,39.325935030030564,maximum_decision_score
1,1182,3081-166546-0076,3081/166546,LibriSpeech_3081,LibriSpeech_3081,1,39.32437719059117,maximum_decision_score
2,1183,3081-166546-0077,3081/166546,LibriSpeech_3081,LibriSpeech_3081,1,39.326289222442306,maximum_decision_score
4,1184,3081-166546-0078,3081/166546,LibriSpeech_3081,LibriSpeech_3081,1,39.32636709039482,maximum_decision_score
2,1185,3081-166546-0079,3081/166546,LibriSpeech_3081,LibriSpeech_3081,1,39.32602313676665,maximum_decision_score
4,1186,3081-166546-0080,3081/166546,LibriSpeech_3081,LibriSpeech_3081,1,39.3255757727266,maximum_decision_score
1,1187,3081-166546-0081,3081/166546,LibriSpeech_3081,LibriSpeech_3081,1,39.32704354679451,maximum_decision_score
4,1188,3081-166546-0082,3081/166546,LibriSpeech_3081,LibriSpeech_3081,1,39.326536765826056,maximum_decision_score
2,1189,3081-166546-0083,3081/166546,LibriSpeech_3081,LibriSpeech_3081,1,39.3251997000317,maximum_decision_score
4,1190,3081-166546-0084,3081/166546,LibriSpeech_3081,LibriSpeech_3081,1,39.32624269265331,maximum_decision_score
4,1191,3081-166546-0085,3081/166546,LibriSpeech_3081,LibriSpeech_3081,1,39.32661562861929,maximum_decision_score
3,1192,3081-166546-0086,3081/166546,LibriSpeech_3081,LibriSpeech_3081,1,39.32587041687068,maximum_decision_score
1,1193,3081-166546-0087,3081/166546,LibriSpeech_3081,LibriSpeech_3081,1,39.326345614789595,maximum_decision_score
4,1194,3081-166546-0088,3081/166546,LibriSpeech_3081,LibriSpeech_3081,1,39.32614849237164,maximum_decision_score
2,1195,3081-166546-0089,3081/166546,LibriSpeech_3081,LibriSpeech_3081,1,39.325731992312946,maximum_decision_score
1,1196,3170-137482-0000,3170/137482,LibriSpeech_3170,LibriSpeech_3170,1,39.32529815291352,maximum_decision_score
2,1197,3170-137482-0001,3170/137482,LibriSpeech_3170,LibriSpeech_3170,1,39.3254961154608,maximum_decision_score
2,1198,3170-137482-0002,3170/137482,LibriSpeech_3170,LibriSpeech_3170,1,39.325034975683835,maximum_decision_score
4,1199,3170-137482-0003,3170/137482,LibriSpeech_3170,LibriSpeech_3170,1,39.3254304179168,maximum_decision_score
2,1200,3170-137482-0004,3170/137482,LibriSpeech_3170,LibriSpeech_3170,1,39.325805683238286,maximum_decision_score
4,1201,3170-137482-0005,3170/137482,LibriSpeech_3170,LibriSpeech_3170,1,39.324783533079646,maximum_decision_score
1,1202,3170-137482-0006,3170/137482,LibriSpeech_3170,LibriSpeech_3170,1,39.326020004802444,maximum_decision_score
1,1203,3170-137482-0007,3170/137482,LibriSpeech_3170,LibriSpeech_3170,1,39.32538951486242,maximum_decision_score
3,1204,3170-137482-0008,3170/137482,LibriSpeech_3170,LibriSpeech_3170,1,39.32658265953037,maximum_decision_score
5,1205,3170-137482-0009,3170/137482,LibriSpeech_3170,LibriSpeech_3170,1,39.32565601655018,maximum_decision_score
4,1206,3170-137482-0010,3170/137482,LibriSpeech_3170,LibriSpeech_3170,1,39.325892205642994,maximum_decision_score
3,1207,3170-137482-0011,3170/137482,LibriSpeech_3170,LibriSpeech_3170,1,39.324986695527244,maximum_decision_score
2,1208,3170-137482-0012,3170/137482,LibriSpeech_3170,LibriSpeech_3170,1,39.32368596856119,maximum_decision_score
4,1209,3170-137482-0013,3170/137482,LibriSpeech_3170,LibriSpeech_3170,1,39.324796853556975,maximum_decision_score
3,1210,3170-137482-0014,3170/137482,LibriSpeech_3170,LibriSpeech_3170,1,39.3227368356352,maximum_decision_score
1,1211,3170-137482-0015,3170/137482,LibriSpeech_3170,LibriSpeech_3170,1,39.32614922837383,maximum_decision_score
1,1212,3170-137482-0016,3170/137482,LibriSpeech_3170,LibriSpeech_3170,1,39.325401137234664,maximum_decision_score
5,1213,3170-137482-0017,3170/137482,LibriSpeech_3170,LibriSpeech_3170,1,39.32579666129038,maximum_decision_score
1,1214,3170-137482-0018,3170/137482,LibriSpeech_3170,LibriSpeech_3170,1,39.3260331544242,maximum_decision_score
2,1215,3170-137482-0019,3170/137482,LibriSpeech_3170,LibriSpeech_3170,1,39.326652552762475,maximum_decision_score
5,1216,3170-137482-0020,3170/137482,LibriSpeech_3170,LibriSpeech_3170,1,39.325490200736944,maximum_decision_score
2,1217,3170-137482-0021,3170/137482,LibriSpeech_3170,LibriSpeech_3170,1,39.32580762240177,maximum_decision_score
5,1218,3170-137482-0022,3170/137482,LibriSpeech_3170,LibriSpeech_3170,1,39.3261337215689,maximum_decision_score
2,1219,3170-137482-0023,3170/137482,LibriSpeech_3170,LibriSpeech_3170,1,39.32553186291013,maximum_decision_score
2,1220,3170-137482-0024,3170/137482,LibriSpeech_3170,LibriSpeech_3170,1,39.32563421221966,maximum_decision_score
3,1221,3170-137482-0025,3170/137482,LibriSpeech_3170,LibriSpeech_3170,1,39.32553559946215,maximum_decision_score
3,1222,3170-137482-0026,3170/137482,LibriSpeech_3170,LibriSpeech_3170,1,39.3252377425034,maximum_decision_score
4,1223,3170-137482-0027,3170/137482,LibriSpeech_3170,LibriSpeech_3170,1,39.325887499557744,maximum_decision_score
5,1224,3170-137482-0028,3170/137482,LibriSpeech_3170,LibriSpeech_3170,1,39.32513059325951,maximum_decision_score
5,1225,3170-137482-0029,3170/137482,LibriSpeech_3170,LibriSpeech_3170,1,39.32352595591296,maximum_decision_score
4,1226,3170-137482-0030,3170/137482,LibriSpeech_3170,LibriSpeech_3170,1,39.32643081915972,maximum_decision_score
3,1227,3170-137482-0031,3170/137482,LibriSpeech_3170,LibriSpeech_3170,1,39.32561126846943,maximum_decision_score
5,1228,3170-137482-0032,3170/137482,LibriSpeech_3170,LibriSpeech_3170,1,39.32620736653755,maximum_decision_score
4,1229,3170-137482-0033,3170/137482,LibriSpeech_3170,LibriSpeech_3170,1,39.3238111055306,maximum_decision_score
3,1230,3170-137482-0034,3170/137482,LibriSpeech_3170,LibriSpeech_3170,1,39.32604410239876,maximum_decision_score
2,1231,3170-137482-0035,3170/137482,LibriSpeech_3170,LibriSpeech_3170,1,39.325561744336426,maximum_decision_score
5,1232,3170-137482-0036,3170/137482,LibriSpeech_3170,LibriSpeech_3170,1,39.325880546002665,maximum_decision_score
4,1233,3170-137482-0037,3170/137482,LibriSpeech_3170,LibriSpeech_3170,1,39.32560367566404,maximum_decision_score
2,1234,3170-137482-0038,3170/137482,LibriSpeech_3170,LibriSpeech_3170,1,39.32600340637825,maximum_decision_score
3,1235,3170-137482-0039,3170/137482,LibriSpeech_3170,LibriSpeech_3170,1,39.32641626953535,maximum_decision_score
3,1236,3170-137482-0040,3170/137482,LibriSpeech_3170,LibriSpeech_3170,1,39.32583965033224,maximum_decision_score
1,1237,3170-137482-0041,3170/137482,LibriSpeech_3170,LibriSpeech_3170,1,39.325759949958346,maximum_decision_score
4,1238,3170-137482-0042,3170/137482,LibriSpeech_3170,LibriSpeech_3170,1,39.32558969516956,maximum_decision_score
5,1239,3170-137482-0043,3170/137482,LibriSpeech_3170,LibriSpeech_3170,1,39.32525137691508,maximum_decision_score
1,1240,3170-137482-0044,3170/137482,LibriSpeech_3170,LibriSpeech_3170,1,39.32539107779491,maximum_decision_score
4,1241,3170-137482-0045,3170/137482,LibriSpeech_3170,LibriSpeech_3170,1,39.32523772763807,maximum_decision_score
1,1242,3170-137482-0046,3170/137482,LibriSpeech_3170,LibriSpeech_3170,1,39.325571015690876,maximum_decision_score
1,1243,3170-137482-0047,3170/137482,LibriSpeech_3170,LibriSpeech_3170,1,39.32536890317092,maximum_decision_score
5,1244,3170-137482-0048,3170/137482,LibriSpeech_3170,LibriSpeech_3170,1,39.3252834810088,maximum_decision_score
1,1245,3536-23268-0000,3536/23268,LibriSpeech_3536,LibriSpeech_3536,1,39.325471266998775,maximum_decision_score
5,1246,3536-23268-0001,3536/23268,LibriSpeech_3536,LibriSpeech_3536,1,39.325866477091964,maximum_decision_score
2,1247,3536-23268-0002,3536/23268,LibriSpeech_3536,LibriSpeech_3536,1,39.326019780182236,maximum_decision_score
4,1248,3536-23268-0003,3536/23268,LibriSpeech_3536,LibriSpeech_3536,1,39.32574443767873,maximum_decision_score
3,1249,3536-23268-0004,3536/23268,LibriSpeech_3536,LibriSpeech_3536,1,39.32573202192454,maximum_decision_score
5,1250,3536-23268-0005,3536/23268,LibriSpeech_3536,LibriSpeech_3536,1,39.326106884922424,maximum_decision_score
3,1251,3536-23268-0006,3536/23268,LibriSpeech_3536,LibriSpeech_3536,1,39.32603478009891,maximum_decision_score
2,1252,3536-23268-0007,3536/23268,LibriSpeech_3536,LibriSpeech_3536,1,39.325723145306256,maximum_decision_score
4,1253,3536-23268-0008,3536/23268,LibriSpeech_3536,LibriSpeech_3536,1,39.32566406192954,maximum_decision_score
3,1254,3536-23268-0009,3536/23268,LibriSpeech_3536,LibriSpeech_3536,1,39.32630107367301,maximum_decision_score
4,1255,3536-23268-0010,3536/23268,LibriSpeech_3536,LibriSpeech_3536,1,39.32513477944132,maximum_decision_score
2,1256,3536-23268-0011,3536/23268,LibriSpeech_3536,LibriSpeech_3536,1,39.32579905801128,maximum_decision_score
4,1257,3536-23268-0012,3536/23268,LibriSpeech_3536,LibriSpeech_3536,1,39.32494205935035,maximum_decision_score
4,1258,3536-23268-0013,3536/23268,LibriSpeech_3536,LibriSpeech_3536,1,39.32556265240989,maximum_decision_score
4,1259,3536-23268-0014,3536/23268,LibriSpeech_3536,LibriSpeech_3536,1,39.32534267609684,maximum_decision_score
2,1260,3536-23268-0015,3536/23268,LibriSpeech_3536,LibriSpeech_3536,1,39.32463571438959,maximum_decision_score
3,1261,3536-23268-0016,3536/23268,LibriSpeech_3536,LibriSpeech_3536,1,39.325932207450705,maximum_decision_score
1,1262,3536-23268-0017,3536/23268,LibriSpeech_3536,LibriSpeech_3536,1,39.325925857094276,maximum_decision_score
3,1263,3536-23268-0018,3536/23268,LibriSpeech_3536,LibriSpeech_3536,1,39.32567190807592,maximum_decision_score
5,1264,3536-23268-0019,3536/23268,LibriSpeech_3536,LibriSpeech_3536,1,39.32523134756245,maximum_decision_score
1,1265,3536-23268-0020,3536/23268,LibriSpeech_3536,LibriSpeech_3536,1,39.32506539755263,maximum_decision_score
3,1266,3536-23268-0021,3536/23268,LibriSpeech_3536,LibriSpeech_3536,1,39.325354183049924,maximum_decision_score
5,1267,3536-23268-0022,3536/23268,LibriSpeech_3536,LibriSpeech_3536,1,39.32648438901574,maximum_decision_score
1,1268,3536-23268-0023,3536/23268,LibriSpeech_3536,LibriSpeech_3536,1,39.325333885667,maximum_decision_score
2,1269,3536-23268-0024,3536/23268,LibriSpeech_3536,LibriSpeech_3536,1,39.32527973180246,maximum_decision_score
4,1270,3536-23268-0025,3536/23268,LibriSpeech_3536,LibriSpeech_3536,1,39.32646734009839,maximum_decision_score
1,1271,3536-23268-0026,3536/23268,LibriSpeech_3536,LibriSpeech_3536,1,39.326273075350386,maximum_decision_score
2,1272,3536-23268-0027,3536/23268,LibriSpeech_3536,LibriSpeech_3536,1,39.325392884640046,maximum_decision_score
1,1273,3536-23268-0028,3536/23268,LibriSpeech_3536,LibriSpeech_3536,1,39.32387449661172,maximum_decision_score
3,1274,3536-23268-0029,3536/23268,LibriSpeech_3536,LibriSpeech_3536,1,39.325239079263355,maximum_decision_score
1,1275,3536-23268-0030,3536/23268,LibriSpeech_3536,LibriSpeech_3536,1,39.325042011728044,maximum_decision_score
4,1276,3536-8226-0000,3536/8226,LibriSpeech_3536,LibriSpeech_3536,1,39.325725657688686,maximum_decision_score
2,1277,3536-8226-0001,3536/8226,LibriSpeech_3536,LibriSpeech_3536,1,39.32559680335374,maximum_decision_score
5,1278,3536-8226-0002,3536/8226,LibriSpeech_3536,LibriSpeech_3536,1,39.32610380552775,maximum_decision_score
5,1279,3536-8226-0003,3536/8226,LibriSpeech_3536,LibriSpeech_3536,1,39.32599364152116,maximum_decision_score
5,1280,3536-8226-0004,3536/8226,LibriSpeech_3536,LibriSpeech_3536,1,39.32618649169975,maximum_decision_score
3,1281,3536-8226-0005,3536/8226,LibriSpeech_3536,LibriSpeech_3536,1,39.32611961987806,maximum_decision_score
3,1282,3536-8226-0006,3536/8226,LibriSpeech_3536,LibriSpeech_3536,1,39.32631136296678,maximum_decision_score
2,1283,3536-8226-0007,3536/8226,LibriSpeech_3536,LibriSpeech_3536,1,39.324608015569844,maximum_decision_score
4,1284,3536-8226-0008,3536/8226,LibriSpeech_3536,LibriSpeech_3536,1,39.32550458344711,maximum_decision_score
2,1285,3536-8226-0009,3536/8226,LibriSpeech_3536,LibriSpeech_3536,1,39.32437599530474,maximum_decision_score
5,1286,3536-8226-0010,3536/8226,LibriSpeech_3536,LibriSpeech_3536,1,39.32563387221538,maximum_decision_score
1,1287,3536-8226-0011,3536/8226,LibriSpeech_3536,LibriSpeech_3536,1,39.32610506645747,maximum_decision_score
2,1288,3536-8226-0012,3536/8226,LibriSpeech_3536,LibriSpeech_3536,1,39.325227931503456,maximum_decision_score
1,1289,3536-8226-0013,3536/8226,LibriSpeech_3536,LibriSpeech_3536,1,39.325369188268056,maximum_decision_score
4,1290,3536-8226-0014,3536/8226,LibriSpeech_3536,LibriSpeech_3536,1,39.32428127116132,maximum_decision_score
5,1291,3536-8226-0015,3536/8226,LibriSpeech_3536,LibriSpeech_3536,1,39.32625582176383,maximum_decision_score
5,1292,3536-8226-0016,3536/8226,LibriSpeech_3536,LibriSpeech_3536,1,39.325863532330665,maximum_decision_score
1,1293,3536-8226-0017,3536/8226,LibriSpeech_3536,LibriSpeech_3536,1,39.324617056100635,maximum_decision_score
5,1294,3536-8226-0018,3536/8226,LibriSpeech_3536,LibriSpeech_3536,1,39.325962938791996,maximum_decision_score
3,1295,3536-8226-0019,3536/8226,LibriSpeech_3536,LibriSpeech_3536,1,39.3263021394852,maximum_decision_score
4,1296,3536-8226-0020,3536/8226,LibriSpeech_3536,LibriSpeech_3536,1,39.32656795713158,maximum_decision_score
3,1297,3536-8226-0021,3536/8226,LibriSpeech_3536,LibriSpeech_3536,1,39.32549299882388,maximum_decision_score
1,1298,3536-8226-0022,3536/8226,LibriSpeech_3536,LibriSpeech_3536,1,39.3256823362069,maximum_decision_score
1,1299,3536-8226-0023,3536/8226,LibriSpeech_3536,LibriSpeech_3536,1,39.32541440168311,maximum_decision_score
1,1300,3536-8226-0024,3536/8226,LibriSpeech_3536,LibriSpeech_3536,1,39.32507895802659,maximum_decision_score
3,1301,3536-8226-0025,3536/8226,LibriSpeech_3536,LibriSpeech_3536,1,39.3256465338297,maximum_decision_score
5,1302,3536-8226-0026,3536/8226,LibriSpeech_3536,LibriSpeech_3536,1,39.32602548429631,maximum_decision_score
2,1303,3536-8226-0027,3536/8226,LibriSpeech_3536,LibriSpeech_3536,1,39.32629964686176,maximum_decision_score
2,1304,3536-8226-0028,3536/8226,LibriSpeech_3536,LibriSpeech_3536,1,39.325218311905765,maximum_decision_score
5,1305,3536-8226-0029,3536/8226,LibriSpeech_3536,LibriSpeech_3536,1,39.32446397014119,maximum_decision_score
2,1306,3536-8226-0030,3536/8226,LibriSpeech_3536,LibriSpeech_3536,1,39.32525607964602,maximum_decision_score
3,1307,3536-8226-0031,3536/8226,LibriSpeech_3536,LibriSpeech_3536,1,39.32641717593405,maximum_decision_score
4,1308,3536-8226-0032,3536/8226,LibriSpeech_3536,LibriSpeech_3536,1,39.32488987118424,maximum_decision_score
3,1309,3576-138058-0000,3576/138058,LibriSpeech_3576,LibriSpeech_3576,1,39.32510017174489,maximum_decision_score
2,1310,3576-138058-0001,3576/138058,LibriSpeech_3576,LibriSpeech_3576,1,39.32536318798849,maximum_decision_score
2,1311,3576-138058-0002,3576/138058,LibriSpeech_3576,LibriSpeech_3576,1,39.32531683446824,maximum_decision_score
1,1312,3576-138058-0003,3576/138058,LibriSpeech_3576,LibriSpeech_3576,1,39.32599630725814,maximum_decision_score
3,1313,3576-138058-0004,3576/138058,LibriSpeech_3576,LibriSpeech_3576,1,39.32509937790588,maximum_decision_score
3,1314,3576-138058-0005,3576/138058,LibriSpeech_3576,LibriSpeech_3576,1,39.3260763905046,maximum_decision_score
2,1315,3576-138058-0006,3576/138058,LibriSpeech_3576,LibriSpeech_3576,1,39.32435891806036,maximum_decision_score
2,1316,3576-138058-0007,3576/138058,LibriSpeech_3576,LibriSpeech_3576,1,39.32556738853347,maximum_decision_score
4,1317,3576-138058-0008,3576/138058,LibriSpeech_3576,LibriSpeech_3576,1,39.32253880742507,maximum_decision_score
2,1318,3576-138058-0009,3576/138058,LibriSpeech_3576,LibriSpeech_3576,1,39.32574303118232,maximum_decision_score
4,1319,3576-138058-0010,3576/138058,LibriSpeech_3576,LibriSpeech_3576,1,39.325639081185265,maximum_decision_score
5,1320,3576-138058-0011,3576/138058,LibriSpeech_3576,LibriSpeech_3576,1,39.32488787075465,maximum_decision_score
3,1321,3576-138058-0012,3576/138058,LibriSpeech_3576,LibriSpeech_3576,1,39.32527330345522,maximum_decision_score
2,1322,3576-138058-0013,3576/138058,LibriSpeech_3576,LibriSpeech_3576,1,39.32637399435591,maximum_decision_score
4,1323,3576-138058-0014,3576/138058,LibriSpeech_3576,LibriSpeech_3576,1,39.32631320361274,maximum_decision_score
3,1324,3576-138058-0015,3576/138058,LibriSpeech_3576,LibriSpeech_3576,1,39.32600813050933,maximum_decision_score
4,1325,3576-138058-0016,3576/138058,LibriSpeech_3576,LibriSpeech_3576,1,39.32493399149015,maximum_decision_score
4,1326,3576-138058-0017,3576/138058,LibriSpeech_3576,LibriSpeech_3576,1,39.32490178223193,maximum_decision_score
1,1327,3576-138058-0018,3576/138058,LibriSpeech_3576,LibriSpeech_3576,1,39.32600273258684,maximum_decision_score
4,1328,3576-138058-0019,3576/138058,LibriSpeech_3576,LibriSpeech_3576,1,39.3255904071003,maximum_decision_score
5,1329,3576-138058-0020,3576/138058,LibriSpeech_3576,LibriSpeech_3576,1,39.32479521563837,maximum_decision_score
5,1330,3576-138058-0021,3576/138058,LibriSpeech_3576,LibriSpeech_3576,1,39.324789410915024,maximum_decision_score
1,1331,3576-138058-0022,3576/138058,LibriSpeech_3576,LibriSpeech_3576,1,39.32621874281284,maximum_decision_score
1,1332,3576-138058-0023,3576/138058,LibriSpeech_3576,LibriSpeech_3576,1,39.32582859399216,maximum_decision_score
4,1333,3576-138058-0024,3576/138058,LibriSpeech_3576,LibriSpeech_3576,1,39.32653163694279,maximum_decision_score
2,1334,3576-138058-0025,3576/138058,LibriSpeech_3576,LibriSpeech_3576,1,39.32606480040053,maximum_decision_score
5,1335,3576-138058-0026,3576/138058,LibriSpeech_3576,LibriSpeech_3576,1,39.32365346028384,maximum_decision_score
4,1336,3576-138058-0027,3576/138058,LibriSpeech_3576,LibriSpeech_3576,1,39.32660727382005,maximum_decision_score
5,1337,3576-138058-0028,3576/138058,LibriSpeech_3576,LibriSpeech_3576,1,39.32619051074464,maximum_decision_score
1,1338,3576-138058-0029,3576/138058,LibriSpeech_3576,LibriSpeech_3576,1,39.32587098177274,maximum_decision_score
5,1339,3576-138058-0030,3576/138058,LibriSpeech_3576,LibriSpeech_3576,1,39.32536853036707,maximum_decision_score
3,1340,3576-138058-0031,3576/138058,LibriSpeech_3576,LibriSpeech_3576,1,39.32619320007467,maximum_decision_score
3,1341,3576-138058-0032,3576/138058,LibriSpeech_3576,LibriSpeech_3576,1,39.324951286369576,maximum_decision_score
1,1342,3576-138058-0033,3576/138058,LibriSpeech_3576,LibriSpeech_3576,1,39.32559840348484,maximum_decision_score
5,1343,3576-138058-0034,3576/138058,LibriSpeech_3576,LibriSpeech_3576,1,39.32469542186298,maximum_decision_score
1,1344,3576-138058-0035,3576/138058,LibriSpeech_3576,LibriSpeech_3576,1,39.32610887277385,maximum_decision_score
1,1345,3576-138058-0036,3576/138058,LibriSpeech_3576,LibriSpeech_3576,1,39.32574714679913,maximum_decision_score
5,1346,3576-138058-0037,3576/138058,LibriSpeech_3576,LibriSpeech_3576,1,39.325252279570336,maximum_decision_score
1,1347,3576-138058-0038,3576/138058,LibriSpeech_3576,LibriSpeech_3576,1,39.32569752493843,maximum_decision_score
3,1348,3576-138058-0039,3576/138058,LibriSpeech_3576,LibriSpeech_3576,1,39.32503016527114,maximum_decision_score
2,1349,3576-138058-0040,3576/138058,LibriSpeech_3576,LibriSpeech_3576,1,39.32520741868313,maximum_decision_score
2,1350,3752-4943-0000,3752/4943,LibriSpeech_3752,LibriSpeech_3752,1,39.325665544748055,maximum_decision_score
1,1351,3752-4943-0001,3752/4943,LibriSpeech_3752,LibriSpeech_3752,1,39.326186373735,maximum_decision_score
1,1352,3752-4943-0002,3752/4943,LibriSpeech_3752,LibriSpeech_3752,1,39.32521307451355,maximum_decision_score
1,1353,3752-4943-0003,3752/4943,LibriSpeech_3752,LibriSpeech_3752,1,39.326244254735734,maximum_decision_score
1,1354,3752-4943-0004,3752/4943,LibriSpeech_3752,LibriSpeech_3752,1,39.32578555521824,maximum_decision_score
3,1355,3752-4943-0005,3752/4943,LibriSpeech_3752,LibriSpeech_3752,1,39.32635260980739,maximum_decision_score
2,1356,3752-4943-0006,3752/4943,LibriSpeech_3752,LibriSpeech_3752,1,39.32564125025258,maximum_decision_score
4,1357,3752-4943-0007,3752/4943,LibriSpeech_3752,LibriSpeech_3752,1,39.32567085408816,maximum_decision_score
2,1358,3752-4943-0008,3752/4943,LibriSpeech_3752,LibriSpeech_3752,1,39.32558986577615,maximum_decision_score
2,1359,3752-4943-0009,3752/4943,LibriSpeech_3752,LibriSpeech_3752,1,39.32615672892014,maximum_decision_score
4,1360,3752-4943-0010,3752/4943,LibriSpeech_3752,LibriSpeech_3752,1,39.32688155441356,maximum_decision_score
5,1361,3752-4943-0011,3752/4943,LibriSpeech_3752,LibriSpeech_3752,1,39.32568364337288,maximum_decision_score
5,1362,3752-4943-0012,3752/4943,LibriSpeech_3752,LibriSpeech_3752,1,39.32592463434793,maximum_decision_score
5,1363,3752-4943-0013,3752/4943,LibriSpeech_3752,LibriSpeech_3752,1,39.32580930991709,maximum_decision_score
1,1364,3752-4943-0014,3752/4943,LibriSpeech_3752,LibriSpeech_3752,1,39.326340546830856,maximum_decision_score
4,1365,3752-4943-0015,3752/4943,LibriSpeech_3752,LibriSpeech_3752,1,39.32563074589227,maximum_decision_score
3,1366,3752-4943-0016,3752/4943,LibriSpeech_3752,LibriSpeech_3752,1,39.32619521815701,maximum_decision_score
3,1367,3752-4943-0017,3752/4943,LibriSpeech_3752,LibriSpeech_3752,1,39.327259198576634,maximum_decision_score
2,1368,3752-4943-0018,3752/4943,LibriSpeech_3752,LibriSpeech_3752,1,39.32537673517418,maximum_decision_score
2,1369,3752-4943-0019,3752/4943,LibriSpeech_3752,LibriSpeech_3752,1,39.32108317534523,maximum_decision_score
2,1370,3752-4943-0020,3752/4943,LibriSpeech_3752,LibriSpeech_3752,1,39.32567654916785,maximum_decision_score
1,1371,3752-4943-0021,3752/4943,LibriSpeech_3752,LibriSpeech_3752,1,39.32470998110593,maximum_decision_score
2,1372,3752-4943-0022,3752/4943,LibriSpeech_3752,LibriSpeech_3752,1,39.32677577667459,maximum_decision_score
3,1373,3752-4943-0023,3752/4943,LibriSpeech_3752,LibriSpeech_3752,1,39.32584043814044,maximum_decision_score
1,1374,3752-4943-0024,3752/4943,LibriSpeech_3752,LibriSpeech_3752,1,39.32587167648042,maximum_decision_score
2,1375,3752-4943-0025,3752/4943,LibriSpeech_3752,LibriSpeech_3752,1,39.32605594633631,maximum_decision_score
4,1376,3752-4943-0026,3752/4943,LibriSpeech_3752,LibriSpeech_3752,1,39.32623304888173,maximum_decision_score
3,1377,3752-4943-0027,3752/4943,LibriSpeech_3752,LibriSpeech_3752,1,39.32435539691746,maximum_decision_score
2,1378,3752-4943-0028,3752/4943,LibriSpeech_3752,LibriSpeech_3752,1,39.324763478202485,maximum_decision_score
5,1379,3752-4943-0029,3752/4943,LibriSpeech_3752,LibriSpeech_3752,1,39.326366876328926,maximum_decision_score
5,1380,3752-4943-0030,3752/4943,LibriSpeech_3752,LibriSpeech_3752,1,39.32701587485407,maximum_decision_score
4,1381,3752-4944-0000,3752/4944,LibriSpeech_3752,LibriSpeech_3752,1,39.32605281875757,maximum_decision_score
4,1382,3752-4944-0001,3752/4944,LibriSpeech_3752,LibriSpeech_3752,1,39.32542084472053,maximum_decision_score
3,1383,3752-4944-0002,3752/4944,LibriSpeech_3752,LibriSpeech_3752,1,39.32591528344661,maximum_decision_score
1,1384,3752-4944-0003,3752/4944,LibriSpeech_3752,LibriSpeech_3752,1,39.32595118828399,maximum_decision_score
4,1385,3752-4944-0004,3752/4944,LibriSpeech_3752,LibriSpeech_3752,1,39.326372046389764,maximum_decision_score
4,1386,3752-4944-0005,3752/4944,LibriSpeech_3752,LibriSpeech_3752,1,39.32750110520629,maximum_decision_score
4,1387,3752-4944-0006,3752/4944,LibriSpeech_3752,LibriSpeech_3752,1,39.327266204622724,maximum_decision_score
5,1388,3752-4944-0007,3752/4944,LibriSpeech_3752,LibriSpeech_3752,1,39.32634423341064,maximum_decision_score
1,1389,3752-4944-0008,3752/4944,LibriSpeech_3752,LibriSpeech_3752,1,39.32712698357914,maximum_decision_score
4,1390,3752-4944-0009,3752/4944,LibriSpeech_3752,LibriSpeech_3752,1,39.32680727904265,maximum_decision_score
5,1391,3752-4944-0010,3752/4944,LibriSpeech_3752,LibriSpeech_3752,1,39.32725820706219,maximum_decision_score
3,1392,3752-4944-0011,3752/4944,LibriSpeech_3752,LibriSpeech_3752,1,39.32593414660641,maximum_decision_score
5,1393,3752-4944-0012,3752/4944,LibriSpeech_3752,LibriSpeech_3752,1,39.32647943379181,maximum_decision_score
1,1394,3752-4944-0013,3752/4944,LibriSpeech_3752,LibriSpeech_3752,1,39.32635412550694,maximum_decision_score
5,1395,3752-4944-0014,3752/4944,LibriSpeech_3752,LibriSpeech_3752,1,39.32587151919747,maximum_decision_score
3,1396,3752-4944-0015,3752/4944,LibriSpeech_3752,LibriSpeech_3752,1,39.32638042303437,maximum_decision_score
2,1397,3752-4944-0016,3752/4944,LibriSpeech_3752,LibriSpeech_3752,1,39.325896290976615,maximum_decision_score
5,1398,3752-4944-0017,3752/4944,LibriSpeech_3752,LibriSpeech_3752,1,39.326214149505226,maximum_decision_score
2,1399,3752-4944-0018,3752/4944,LibriSpeech_3752,LibriSpeech_3752,1,39.32690453304526,maximum_decision_score
3,1400,3752-4944-0019,3752/4944,LibriSpeech_3752,LibriSpeech_3752,1,39.32669626810189,maximum_decision_score
2,1401,3752-4944-0020,3752/4944,LibriSpeech_3752,LibriSpeech_3752,1,39.32647363902247,maximum_decision_score
3,1402,3752-4944-0021,3752/4944,LibriSpeech_3752,LibriSpeech_3752,1,39.32616752613165,maximum_decision_score
3,1403,3752-4944-0022,3752/4944,LibriSpeech_3752,LibriSpeech_3752,1,39.32583989743913,maximum_decision_score
5,1404,3752-4944-0023,3752/4944,LibriSpeech_3752,LibriSpeech_3752,1,39.325710885941916,maximum_decision_score
4,1405,3752-4944-0024,3752/4944,LibriSpeech_3752,LibriSpeech_3752,1,39.325600750601645,maximum_decision_score
3,1406,3752-4944-0025,3752/4944,LibriSpeech_3752,LibriSpeech_3752,1,39.32696121161109,maximum_decision_score
1,1407,3752-4944-0026,3752/4944,LibriSpeech_3752,LibriSpeech_3752,1,39.32468771387143,maximum_decision_score
2,1408,3752-4944-0027,3752/4944,LibriSpeech_3752,LibriSpeech_3752,1,39.32549365802834,maximum_decision_score
4,1409,3752-4944-0028,3752/4944,LibriSpeech_3752,LibriSpeech_3752,1,39.32568107180621,maximum_decision_score
5,1410,3752-4944-0029,3752/4944,LibriSpeech_3752,LibriSpeech_3752,1,39.32579819398266,maximum_decision_score
3,1411,3752-4944-0030,3752/4944,LibriSpeech_3752,LibriSpeech_3752,1,39.326281220022906,maximum_decision_score
3,1412,3752-4944-0031,3752/4944,LibriSpeech_3752,LibriSpeech_3752,1,39.32607283777993,maximum_decision_score
1,1413,3752-4944-0032,3752/4944,LibriSpeech_3752,LibriSpeech_3752,1,39.3258976488695,maximum_decision_score
4,1414,3752-4944-0033,3752/4944,LibriSpeech_3752,LibriSpeech_3752,1,39.32708450309235,maximum_decision_score
3,1415,3752-4944-0034,3752/4944,LibriSpeech_3752,LibriSpeech_3752,1,39.32589231909767,maximum_decision_score
4,1416,3752-4944-0035,3752/4944,LibriSpeech_3752,LibriSpeech_3752,1,39.32542979945044,maximum_decision_score
1,1417,3752-4944-0036,3752/4944,LibriSpeech_3752,LibriSpeech_3752,1,39.325473060072156,maximum_decision_score
2,1418,3752-4944-0037,3752/4944,LibriSpeech_3752,LibriSpeech_3752,1,39.32458060532701,maximum_decision_score
1,1419,3752-4944-0038,3752/4944,LibriSpeech_3752,LibriSpeech_3752,1,39.32597159145261,maximum_decision_score
2,1420,3752-4944-0039,3752/4944,LibriSpeech_3752,LibriSpeech_3752,1,39.325788938109994,maximum_decision_score
1,1421,3752-4944-0040,3752/4944,LibriSpeech_3752,LibriSpeech_3752,1,39.32619677659745,maximum_decision_score
5,1422,3752-4944-0041,3752/4944,LibriSpeech_3752,LibriSpeech_3752,1,39.3262956675495,maximum_decision_score
4,1423,3752-4944-0042,3752/4944,LibriSpeech_3752,LibriSpeech_3752,1,39.32603875944766,maximum_decision_score
2,1424,3752-4944-0043,3752/4944,LibriSpeech_3752,LibriSpeech_3752,1,39.32687998073855,maximum_decision_score
5,1425,3752-4944-0044,3752/4944,LibriSpeech_3752,LibriSpeech_3752,1,39.32556338750173,maximum_decision_score
3,1426,3752-4944-0045,3752/4944,LibriSpeech_3752,LibriSpeech_3752,1,39.32604275276757,maximum_decision_score
5,1427,3752-4944-0046,3752/4944,LibriSpeech_3752,LibriSpeech_3752,1,39.32684553093156,maximum_decision_score
1,1428,3752-4944-0047,3752/4944,LibriSpeech_3752,LibriSpeech_3752,1,39.325595977006465,maximum_decision_score
4,1429,3752-4944-0048,3752/4944,LibriSpeech_3752,LibriSpeech_3752,1,39.326358030007206,maximum_decision_score
5,1430,3752-4944-0049,3752/4944,LibriSpeech_3752,LibriSpeech_3752,1,39.325349627189226,maximum_decision_score
1,1431,3752-4944-0050,3752/4944,LibriSpeech_3752,LibriSpeech_3752,1,39.325472310254995,maximum_decision_score
3,1432,3752-4944-0051,3752/4944,LibriSpeech_3752,LibriSpeech_3752,1,39.32605606086553,maximum_decision_score
2,1433,3752-4944-0052,3752/4944,LibriSpeech_3752,LibriSpeech_3752,1,39.32665846682298,maximum_decision_score
5,1434,3752-4944-0053,3752/4944,LibriSpeech_3752,LibriSpeech_3752,1,39.326642936754176,maximum_decision_score
5,1435,3752-4944-0054,3752/4944,LibriSpeech_3752,LibriSpeech_3752,1,39.32631027845014,maximum_decision_score
3,1436,3752-4944-0055,3752/4944,LibriSpeech_3752,LibriSpeech_3752,1,39.32620340201084,maximum_decision_score
1,1437,3752-4944-0056,3752/4944,LibriSpeech_3752,LibriSpeech_3752,1,39.32648408247359,maximum_decision_score
2,1438,3752-4944-0057,3752/4944,LibriSpeech_3752,LibriSpeech_3752,1,39.32413284910023,maximum_decision_score
1,1439,3752-4944-0058,3752/4944,LibriSpeech_3752,LibriSpeech_3752,1,39.32552483422554,maximum_decision_score
2,1440,3752-4944-0059,3752/4944,LibriSpeech_3752,LibriSpeech_3752,1,39.326343479731186,maximum_decision_score
4,1441,3752-4944-0060,3752/4944,LibriSpeech_3752,LibriSpeech_3752,1,39.32457945078332,maximum_decision_score
2,1442,3752-4944-0061,3752/4944,LibriSpeech_3752,LibriSpeech_3752,1,39.32422856910891,maximum_decision_score
3,1443,3752-4944-0062,3752/4944,LibriSpeech_3752,LibriSpeech_3752,1,39.32595229981764,maximum_decision_score
5,1444,3752-4944-0063,3752/4944,LibriSpeech_3752,LibriSpeech_3752,1,39.32283439565034,maximum_decision_score
1,1445,3752-4944-0064,3752/4944,LibriSpeech_3752,LibriSpeech_3752,1,39.32642185206122,maximum_decision_score
4,1446,3752-4944-0065,3752/4944,LibriSpeech_3752,LibriSpeech_3752,1,39.32670849812301,maximum_decision_score
4,1447,3752-4944-0066,3752/4944,LibriSpeech_3752,LibriSpeech_3752,1,39.325914487239324,maximum_decision_score
3,1448,3752-4944-0067,3752/4944,LibriSpeech_3752,LibriSpeech_3752,1,39.326118536439665,maximum_decision_score
4,1449,3752-4944-0068,3752/4944,LibriSpeech_3752,LibriSpeech_3752,1,39.32649466604455,maximum_decision_score
5,1450,3752-4944-0069,3752/4944,LibriSpeech_3752,LibriSpeech_3752,1,39.32651014737428,maximum_decision_score
5,1451,3853-163249-0000,3853/163249,LibriSpeech_3853,LibriSpeech_3853,1,39.32590270469352,maximum_decision_score
1,1452,3853-163249-0001,3853/163249,LibriSpeech_3853,LibriSpeech_3853,1,39.32606637840518,maximum_decision_score
4,1453,3853-163249-0002,3853/163249,LibriSpeech_3853,LibriSpeech_3853,1,39.326107286841484,maximum_decision_score
4,1454,3853-163249-0003,3853/163249,LibriSpeech_3853,LibriSpeech_3853,1,39.32558777170656,maximum_decision_score
2,1455,3853-163249-0004,3853/163249,LibriSpeech_3853,LibriSpeech_3853,1,39.32527229573026,maximum_decision_score
5,1456,3853-163249-0005,3853/163249,LibriSpeech_3853,LibriSpeech_3853,1,39.32602411805259,maximum_decision_score
3,1457,3853-163249-0006,3853/163249,LibriSpeech_3853,LibriSpeech_3853,1,39.32444761835248,maximum_decision_score
3,1458,3853-163249-0007,3853/163249,LibriSpeech_3853,LibriSpeech_3853,1,39.32561245388836,maximum_decision_score
1,1459,3853-163249-0008,3853/163249,LibriSpeech_3853,LibriSpeech_3853,1,39.32510633229493,maximum_decision_score
4,1460,3853-163249-0009,3853/163249,LibriSpeech_3853,LibriSpeech_3853,1,39.3251204485664,maximum_decision_score
4,1461,3853-163249-0010,3853/163249,LibriSpeech_3853,LibriSpeech_3853,1,39.32516784282184,maximum_decision_score
5,1462,3853-163249-0011,3853/163249,LibriSpeech_3853,LibriSpeech_3853,1,39.3253339262848,maximum_decision_score
5,1463,3853-163249-0012,3853/163249,LibriSpeech_3853,LibriSpeech_3853,1,39.325921921902356,maximum_decision_score
3,1464,3853-163249-0013,3853/163249,LibriSpeech_3853,LibriSpeech_3853,1,39.32549696847777,maximum_decision_score
2,1465,3853-163249-0014,3853/163249,LibriSpeech_3853,LibriSpeech_3853,1,39.32576402262032,maximum_decision_score
1,1466,3853-163249-0015,3853/163249,LibriSpeech_3853,LibriSpeech_3853,1,39.32547763332958,maximum_decision_score
1,1467,3853-163249-0016,3853/163249,LibriSpeech_3853,LibriSpeech_3853,1,39.32590535541314,maximum_decision_score
1,1468,3853-163249-0017,3853/163249,LibriSpeech_3853,LibriSpeech_3853,1,39.325348043057964,maximum_decision_score
4,1469,3853-163249-0018,3853/163249,LibriSpeech_3853,LibriSpeech_3853,1,39.32604760500194,maximum_decision_score
5,1470,3853-163249-0019,3853/163249,LibriSpeech_3853,LibriSpeech_3853,1,39.325517150309544,maximum_decision_score
3,1471,3853-163249-0020,3853/163249,LibriSpeech_3853,LibriSpeech_3853,1,39.32642076056872,maximum_decision_score
4,1472,3853-163249-0021,3853/163249,LibriSpeech_3853,LibriSpeech_3853,1,39.32575342045502,maximum_decision_score
1,1473,3853-163249-0022,3853/163249,LibriSpeech_3853,LibriSpeech_3853,1,39.325817481656195,maximum_decision_score
5,1474,3853-163249-0023,3853/163249,LibriSpeech_3853,LibriSpeech_3853,1,39.32413072620737,maximum_decision_score
3,1475,3853-163249-0024,3853/163249,LibriSpeech_3853,LibriSpeech_3853,1,39.325273772620505,maximum_decision_score
4,1476,3853-163249-0025,3853/163249,LibriSpeech_3853,LibriSpeech_3853,1,39.32505243620644,maximum_decision_score
1,1477,3853-163249-0026,3853/163249,LibriSpeech_3853,LibriSpeech_3853,1,39.32568687372938,maximum_decision_score
1,1478,3853-163249-0027,3853/163249,LibriSpeech_3853,LibriSpeech_3853,1,39.3260567899865,maximum_decision_score
3,1479,3853-163249-0028,3853/163249,LibriSpeech_3853,LibriSpeech_3853,1,39.324808284682256,maximum_decision_score
4,1480,3853-163249-0029,3853/163249,LibriSpeech_3853,LibriSpeech_3853,1,39.32497766563578,maximum_decision_score
5,1481,3853-163249-0030,3853/163249,LibriSpeech_3853,LibriSpeech_3853,1,39.32588767070778,maximum_decision_score
4,1482,3853-163249-0031,3853/163249,LibriSpeech_3853,LibriSpeech_3853,1,39.325652082053075,maximum_decision_score
2,1483,3853-163249-0032,3853/163249,LibriSpeech_3853,LibriSpeech_3853,1,39.324136192980625,maximum_decision_score
5,1484,3853-163249-0033,3853/163249,LibriSpeech_3853,LibriSpeech_3853,1,39.325354151001044,maximum_decision_score
2,1485,3853-163249-0034,3853/163249,LibriSpeech_3853,LibriSpeech_3853,1,39.32618427103261,maximum_decision_score
5,1486,3853-163249-0035,3853/163249,LibriSpeech_3853,LibriSpeech_3853,1,39.32568545071765,maximum_decision_score
1,1487,3853-163249-0036,3853/163249,LibriSpeech_3853,LibriSpeech_3853,1,39.32622785804455,maximum_decision_score
3,1488,3853-163249-0037,3853/163249,LibriSpeech_3853,LibriSpeech_3853,1,39.32566844075103,maximum_decision_score
3,1489,3853-163249-0038,3853/163249,LibriSpeech_3853,LibriSpeech_3853,1,39.32546550443188,maximum_decision_score
5,1490,3853-163249-0039,3853/163249,LibriSpeech_3853,LibriSpeech_3853,1,39.326015322896744,maximum_decision_score
2,1491,3853-163249-0040,3853/163249,LibriSpeech_3853,LibriSpeech_3853,1,39.321897887446575,maximum_decision_score
3,1492,3853-163249-0041,3853/163249,LibriSpeech_3853,LibriSpeech_3853,1,39.325624170932876,maximum_decision_score
2,1493,3853-163249-0042,3853/163249,LibriSpeech_3853,LibriSpeech_3853,1,39.326326830262815,maximum_decision_score
4,1494,3853-163249-0043,3853/163249,LibriSpeech_3853,LibriSpeech_3853,1,39.326385457276686,maximum_decision_score
3,1495,3853-163249-0044,3853/163249,LibriSpeech_3853,LibriSpeech_3853,1,39.32458424845028,maximum_decision_score
4,1496,3853-163249-0045,3853/163249,LibriSpeech_3853,LibriSpeech_3853,1,39.32581587622128,maximum_decision_score
1,1497,3853-163249-0046,3853/163249,LibriSpeech_3853,LibriSpeech_3853,1,39.32611407973456,maximum_decision_score
2,1498,3853-163249-0047,3853/163249,LibriSpeech_3853,LibriSpeech_3853,1,39.32545793681945,maximum_decision_score
1,1499,3853-163249-0048,3853/163249,LibriSpeech_3853,LibriSpeech_3853,1,39.325302454140655,maximum_decision_score
4,1500,3853-163249-0049,3853/163249,LibriSpeech_3853,LibriSpeech_3853,1,39.325842172425034,maximum_decision_score
2,1501,3853-163249-0050,3853/163249,LibriSpeech_3853,LibriSpeech_3853,1,39.32590626860295,maximum_decision_score
5,1502,3853-163249-0051,3853/163249,LibriSpeech_3853,LibriSpeech_3853,1,39.325725685374564,maximum_decision_score
3,1503,3853-163249-0052,3853/163249,LibriSpeech_3853,LibriSpeech_3853,1,39.32512115622952,maximum_decision_score
3,1504,3853-163249-0053,3853/163249,LibriSpeech_3853,LibriSpeech_3853,1,39.32585729582778,maximum_decision_score
2,1505,3853-163249-0054,3853/163249,LibriSpeech_3853,LibriSpeech_3853,1,39.325676736810706,maximum_decision_score
2,1506,3853-163249-0055,3853/163249,LibriSpeech_3853,LibriSpeech_3853,1,39.3248023618574,maximum_decision_score
2,1507,3853-163249-0056,3853/163249,LibriSpeech_3853,LibriSpeech_3853,1,39.32466295243984,maximum_decision_score
4,1508,422-122949-0000,422/122949,LibriSpeech_422,LibriSpeech_422,1,39.32544736312826,maximum_decision_score
5,1509,422-122949-0001,422/122949,LibriSpeech_422,LibriSpeech_422,1,39.32579584084464,maximum_decision_score
2,1510,422-122949-0002,422/122949,LibriSpeech_422,LibriSpeech_422,1,39.324703957999255,maximum_decision_score
3,1511,422-122949-0003,422/122949,LibriSpeech_422,LibriSpeech_422,1,39.32559924963531,maximum_decision_score
4,1512,422-122949-0004,422/122949,LibriSpeech_422,LibriSpeech_422,1,39.32465655486737,maximum_decision_score
3,1513,422-122949-0005,422/122949,LibriSpeech_422,LibriSpeech_422,1,39.32513628443991,maximum_decision_score
3,1514,422-122949-0006,422/122949,LibriSpeech_422,LibriSpeech_422,1,39.32599644205434,maximum_decision_score
5,1515,422-122949-0007,422/122949,LibriSpeech_422,LibriSpeech_422,1,39.32577951703676,maximum_decision_score
3,1516,422-122949-0008,422/122949,LibriSpeech_422,LibriSpeech_422,1,39.32499131827712,maximum_decision_score
2,1517,422-122949-0009,422/122949,LibriSpeech_422,LibriSpeech_422,1,39.32531994174136,maximum_decision_score
3,1518,422-122949-0010,422/122949,LibriSpeech_422,LibriSpeech_422,1,39.32591230679384,maximum_decision_score
4,1519,422-122949-0011,422/122949,LibriSpeech_422,LibriSpeech_422,1,39.325252305206526,maximum_decision_score
2,1520,422-122949-0012,422/122949,LibriSpeech_422,LibriSpeech_422,1,39.32523023513216,maximum_decision_score
4,1521,422-122949-0013,422/122949,LibriSpeech_422,LibriSpeech_422,1,39.32500081282561,maximum_decision_score
5,1522,422-122949-0014,422/122949,LibriSpeech_422,LibriSpeech_422,1,39.3249894318649,maximum_decision_score
5,1523,422-122949-0015,422/122949,LibriSpeech_422,LibriSpeech_422,1,39.324638397942444,maximum_decision_score
4,1524,422-122949-0016,422/122949,LibriSpeech_422,LibriSpeech_422,1,39.32576851292938,maximum_decision_score
2,1525,422-122949-0017,422/122949,LibriSpeech_422,LibriSpeech_422,1,39.32511913918435,maximum_decision_score
4,1526,422-122949-0018,422/122949,LibriSpeech_422,LibriSpeech_422,1,39.32549310355762,maximum_decision_score
2,1527,422-122949-0019,422/122949,LibriSpeech_422,LibriSpeech_422,1,39.32529593438863,maximum_decision_score
2,1528,422-122949-0020,422/122949,LibriSpeech_422,LibriSpeech_422,1,39.32506742862557,maximum_decision_score
1,1529,422-122949-0021,422/122949,LibriSpeech_422,LibriSpeech_422,1,39.32540306799544,maximum_decision_score
1,1530,422-122949-0022,422/122949,LibriSpeech_422,LibriSpeech_422,1,39.3255453389994,maximum_decision_score
1,1531,422-122949-0023,422/122949,LibriSpeech_422,LibriSpeech_422,1,39.32570755864623,maximum_decision_score
1,1532,422-122949-0024,422/122949,LibriSpeech_422,LibriSpeech_422,1,39.32506314176976,maximum_decision_score
3,1533,422-122949-0025,422/122949,LibriSpeech_422,LibriSpeech_422,1,39.32581763126187,maximum_decision_score
5,1534,422-122949-0026,422/122949,LibriSpeech_422,LibriSpeech_422,1,39.326128998009544,maximum_decision_score
3,1535,422-122949-0027,422/122949,LibriSpeech_422,LibriSpeech_422,1,39.32623432577331,maximum_decision_score
1,1536,422-122949-0028,422/122949,LibriSpeech_422,LibriSpeech_422,1,39.3255627924381,maximum_decision_score
1,1537,422-122949-0029,422/122949,LibriSpeech_422,LibriSpeech_422,1,39.32448495088908,maximum_decision_score
4,1538,422-122949-0030,422/122949,LibriSpeech_422,LibriSpeech_422,1,39.325446268717535,maximum_decision_score
2,1539,422-122949-0031,422/122949,LibriSpeech_422,LibriSpeech_422,1,39.32565592445299,maximum_decision_score
4,1540,422-122949-0032,422/122949,LibriSpeech_422,LibriSpeech_422,1,39.3260951643034,maximum_decision_score
5,1541,422-122949-0033,422/122949,LibriSpeech_422,LibriSpeech_422,1,39.325270495138845,maximum_decision_score
5,1542,422-122949-0034,422/122949,LibriSpeech_422,LibriSpeech_422,1,39.32568552157499,maximum_decision_score
1,1543,422-122949-0035,422/122949,LibriSpeech_422,LibriSpeech_422,1,39.32447661433008,maximum_decision_score
3,1544,5338-24615-0000,5338/24615,LibriSpeech_5338,LibriSpeech_5338,1,39.326023465519,maximum_decision_score
1,1545,5338-24615-0001,5338/24615,LibriSpeech_5338,LibriSpeech_5338,1,39.32568501457975,maximum_decision_score
4,1546,5338-24615-0002,5338/24615,LibriSpeech_5338,LibriSpeech_5338,1,39.32567644412248,maximum_decision_score
4,1547,5338-24615-0003,5338/24615,LibriSpeech_5338,LibriSpeech_5338,1,39.326233949447314,maximum_decision_score
2,1548,5338-24615-0004,5338/24615,LibriSpeech_5338,LibriSpeech_5338,1,39.32619218122084,maximum_decision_score
1,1549,5338-24615-0005,5338/24615,LibriSpeech_5338,LibriSpeech_5338,1,39.32630219466499,maximum_decision_score
3,1550,5338-24615-0006,5338/24615,LibriSpeech_5338,LibriSpeech_5338,1,39.32552354929767,maximum_decision_score
1,1551,5338-24615-0007,5338/24615,LibriSpeech_5338,LibriSpeech_5338,1,39.325682924055684,maximum_decision_score
1,1552,5338-24615-0008,5338/24615,LibriSpeech_5338,LibriSpeech_5338,1,39.32585954368245,maximum_decision_score
1,1553,5338-24615-0009,5338/24615,LibriSpeech_5338,LibriSpeech_5338,1,39.32523961178193,maximum_decision_score
4,1554,5338-24615-0010,5338/24615,LibriSpeech_5338,LibriSpeech_5338,1,39.326735122646774,maximum_decision_score
2,1555,5338-24615-0011,5338/24615,LibriSpeech_5338,LibriSpeech_5338,1,39.32603285968509,maximum_decision_score
1,1556,5338-24615-0012,5338/24615,LibriSpeech_5338,LibriSpeech_5338,1,39.325140903932024,maximum_decision_score
2,1557,5338-24615-0013,5338/24615,LibriSpeech_5338,LibriSpeech_5338,1,39.32616783152448,maximum_decision_score
3,1558,5338-24615-0014,5338/24615,LibriSpeech_5338,LibriSpeech_5338,1,39.32585105157492,maximum_decision_score
4,1559,5338-24640-0000,5338/24640,LibriSpeech_5338,LibriSpeech_5338,1,39.32560771628128,maximum_decision_score
5,1560,5338-24640-0001,5338/24640,LibriSpeech_5338,LibriSpeech_5338,1,39.32484371315293,maximum_decision_score
1,1561,5338-24640-0002,5338/24640,LibriSpeech_5338,LibriSpeech_5338,1,39.32470406510681,maximum_decision_score
4,1562,5338-24640-0003,5338/24640,LibriSpeech_5338,LibriSpeech_5338,1,39.325384392195474,maximum_decision_score
2,1563,5338-24640-0004,5338/24640,LibriSpeech_5338,LibriSpeech_5338,1,39.32600579010128,maximum_decision_score
1,1564,5338-24640-0005,5338/24640,LibriSpeech_5338,LibriSpeech_5338,1,39.32562884881786,maximum_decision_score
1,1565,5338-24640-0006,5338/24640,LibriSpeech_5338,LibriSpeech_5338,1,39.325203476580064,maximum_decision_score
3,1566,5338-24640-0007,5338/24640,LibriSpeech_5338,LibriSpeech_5338,1,39.32533280200339,maximum_decision_score
5,1567,5338-24640-0008,5338/24640,LibriSpeech_5338,LibriSpeech_5338,1,39.32563399620053,maximum_decision_score
4,1568,5338-24640-0009,5338/24640,LibriSpeech_5338,LibriSpeech_5338,1,39.32601347593996,maximum_decision_score
3,1569,5338-284437-0000,5338/284437,LibriSpeech_5338,LibriSpeech_5338,1,39.325519200793885,maximum_decision_score
5,1570,5338-284437-0001,5338/284437,LibriSpeech_5338,LibriSpeech_5338,1,39.326499263635846,maximum_decision_score
2,1571,5338-284437-0002,5338/284437,LibriSpeech_5338,LibriSpeech_5338,1,39.32177290720415,maximum_decision_score
2,1572,5338-284437-0003,5338/284437,LibriSpeech_5338,LibriSpeech_5338,1,39.32373211524109,maximum_decision_score
5,1573,5338-284437-0004,5338/284437,LibriSpeech_5338,LibriSpeech_5338,1,39.325478264544735,maximum_decision_score
5,1574,5338-284437-0005,5338/284437,LibriSpeech_5338,LibriSpeech_5338,1,39.32473972900851,maximum_decision_score
4,1575,5338-284437-0006,5338/284437,LibriSpeech_5338,LibriSpeech_5338,1,39.32603689047194,maximum_decision_score
4,1576,5338-284437-0007,5338/284437,LibriSpeech_5338,LibriSpeech_5338,1,39.32607510534461,maximum_decision_score
3,1577,5338-284437-0008,5338/284437,LibriSpeech_5338,LibriSpeech_5338,1,39.32546654729469,maximum_decision_score
5,1578,5338-284437-0009,5338/284437,LibriSpeech_5338,LibriSpeech_5338,1,39.325590215472005,maximum_decision_score
3,1579,5338-284437-0010,5338/284437,LibriSpeech_5338,LibriSpeech_5338,1,39.32641394635007,maximum_decision_score
3,1580,5338-284437-0011,5338/284437,LibriSpeech_5338,LibriSpeech_5338,1,39.32618836041697,maximum_decision_score
1,1581,5338-284437-0012,5338/284437,LibriSpeech_5338,LibriSpeech_5338,1,39.32676902962217,maximum_decision_score
2,1582,5338-284437-0013,5338/284437,LibriSpeech_5338,LibriSpeech_5338,1,39.32547327113561,maximum_decision_score
5,1583,5338-284437-0014,5338/284437,LibriSpeech_5338,LibriSpeech_5338,1,39.31909207873148,maximum_decision_score
4,1584,5338-284437-0015,5338/284437,LibriSpeech_5338,LibriSpeech_5338,1,39.32553525934157,maximum_decision_score
1,1585,5338-284437-0016,5338/284437,LibriSpeech_5338,LibriSpeech_5338,1,39.32546818957027,maximum_decision_score
5,1586,5338-284437-0017,5338/284437,LibriSpeech_5338,LibriSpeech_5338,1,39.32510349432429,maximum_decision_score
3,1587,5338-284437-0018,5338/284437,LibriSpeech_5338,LibriSpeech_5338,1,39.325230156911246,maximum_decision_score
2,1588,5338-284437-0019,5338/284437,LibriSpeech_5338,LibriSpeech_5338,1,39.32557588800245,maximum_decision_score
3,1589,5338-284437-0020,5338/284437,LibriSpeech_5338,LibriSpeech_5338,1,39.326126557059574,maximum_decision_score
4,1590,5338-284437-0021,5338/284437,LibriSpeech_5338,LibriSpeech_5338,1,39.3255956659695,maximum_decision_score
3,1591,5338-284437-0022,5338/284437,LibriSpeech_5338,LibriSpeech_5338,1,39.32516760750293,maximum_decision_score
2,1592,5338-284437-0023,5338/284437,LibriSpeech_5338,LibriSpeech_5338,1,39.3267519458708,maximum_decision_score
1,1593,5338-284437-0024,5338/284437,LibriSpeech_5338,LibriSpeech_5338,1,39.32623455036825,maximum_decision_score
2,1594,5338-284437-0025,5338/284437,LibriSpeech_5338,LibriSpeech_5338,1,39.32431543741142,maximum_decision_score
5,1595,5338-284437-0026,5338/284437,LibriSpeech_5338,LibriSpeech_5338,1,39.32598468757326,maximum_decision_score
2,1596,5338-284437-0027,5338/284437,LibriSpeech_5338,LibriSpeech_5338,1,39.32543881149573,maximum_decision_score
5,1597,5338-284437-0028,5338/284437,LibriSpeech_5338,LibriSpeech_5338,1,39.32554270467012,maximum_decision_score
5,1598,5338-284437-0029,5338/284437,LibriSpeech_5338,LibriSpeech_5338,1,39.32576659794295,maximum_decision_score
2,1599,5338-284437-0030,5338/284437,LibriSpeech_5338,LibriSpeech_5338,1,39.326101659764234,maximum_decision_score
3,1600,5338-284437-0031,5338/284437,LibriSpeech_5338,LibriSpeech_5338,1,39.325493871559736,maximum_decision_score
4,1601,5338-284437-0032,5338/284437,LibriSpeech_5338,LibriSpeech_5338,1,39.32517154528535,maximum_decision_score
5,1602,5338-284437-0033,5338/284437,LibriSpeech_5338,LibriSpeech_5338,1,39.32518451581116,maximum_decision_score
4,1603,5536-43358-0000,5536/43358,LibriSpeech_5536,LibriSpeech_5536,1,39.32580982300932,maximum_decision_score
3,1604,5536-43358-0001,5536/43358,LibriSpeech_5536,LibriSpeech_5536,1,39.326287050160595,maximum_decision_score
1,1605,5536-43358-0002,5536/43358,LibriSpeech_5536,LibriSpeech_5536,1,39.3260504617188,maximum_decision_score
4,1606,5536-43358-0003,5536/43358,LibriSpeech_5536,LibriSpeech_5536,1,39.325793573667745,maximum_decision_score
5,1607,5536-43358-0004,5536/43358,LibriSpeech_5536,LibriSpeech_5536,1,39.32523701598377,maximum_decision_score
3,1608,5536-43358-0005,5536/43358,LibriSpeech_5536,LibriSpeech_5536,1,39.32598075743833,maximum_decision_score
5,1609,5536-43358-0006,5536/43358,LibriSpeech_5536,LibriSpeech_5536,1,39.326239779675824,maximum_decision_score
4,1610,5536-43358-0007,5536/43358,LibriSpeech_5536,LibriSpeech_5536,1,39.32588924080168,maximum_decision_score
3,1611,5536-43358-0008,5536/43358,LibriSpeech_5536,LibriSpeech_5536,1,39.32632299741121,maximum_decision_score
1,1612,5536-43358-0009,5536/43358,LibriSpeech_5536,LibriSpeech_5536,1,39.32485097940348,maximum_decision_score
2,1613,5536-43358-0010,5536/43358,LibriSpeech_5536,LibriSpeech_5536,1,39.32614861626126,maximum_decision_score
4,1614,5536-43358-0011,5536/43358,LibriSpeech_5536,LibriSpeech_5536,1,39.32545489675268,maximum_decision_score
3,1615,5536-43358-0012,5536/43358,LibriSpeech_5536,LibriSpeech_5536,1,39.32572004701424,maximum_decision_score
5,1616,5536-43358-0013,5536/43358,LibriSpeech_5536,LibriSpeech_5536,1,39.325898571690175,maximum_decision_score
2,1617,5536-43358-0014,5536/43358,LibriSpeech_5536,LibriSpeech_5536,1,39.32519100490662,maximum_decision_score
3,1618,5536-43358-0015,5536/43358,LibriSpeech_5536,LibriSpeech_5536,1,39.3259361923278,maximum_decision_score
4,1619,5536-43358-0016,5536/43358,LibriSpeech_5536,LibriSpeech_5536,1,39.32558946044363,maximum_decision_score
3,1620,5536-43358-0017,5536/43358,LibriSpeech_5536,LibriSpeech_5536,1,39.32614613474123,maximum_decision_score
4,1621,5536-43358-0018,5536/43358,LibriSpeech_5536,LibriSpeech_5536,1,39.32539332230074,maximum_decision_score
4,1622,5536-43358-0019,5536/43358,LibriSpeech_5536,LibriSpeech_5536,1,39.32527113884675,maximum_decision_score
5,1623,5536-43359-0000,5536/43359,LibriSpeech_5536,LibriSpeech_5536,1,39.32653153673013,maximum_decision_score
2,1624,5536-43359-0001,5536/43359,LibriSpeech_5536,LibriSpeech_5536,1,39.32525258885824,maximum_decision_score
2,1625,5536-43359-0002,5536/43359,LibriSpeech_5536,LibriSpeech_5536,1,39.3256006887074,maximum_decision_score
1,1626,5536-43359-0003,5536/43359,LibriSpeech_5536,LibriSpeech_5536,1,39.325818499990156,maximum_decision_score
2,1627,5536-43359-0004,5536/43359,LibriSpeech_5536,LibriSpeech_5536,1,39.326258633180835,maximum_decision_score
1,1628,5536-43359-0005,5536/43359,LibriSpeech_5536,LibriSpeech_5536,1,39.32538089167548,maximum_decision_score
1,1629,5536-43359-0006,5536/43359,LibriSpeech_5536,LibriSpeech_5536,1,39.3258270224494,maximum_decision_score
2,1630,5536-43359-0007,5536/43359,LibriSpeech_5536,LibriSpeech_5536,1,39.32507774014849,maximum_decision_score
4,1631,5536-43359-0008,5536/43359,LibriSpeech_5536,LibriSpeech_5536,1,39.324867074745306,maximum_decision_score
5,1632,5536-43359-0009,5536/43359,LibriSpeech_5536,LibriSpeech_5536,1,39.325884127159235,maximum_decision_score
5,1633,5536-43359-0010,5536/43359,LibriSpeech_5536,LibriSpeech_5536,1,39.324259016823646,maximum_decision_score
3,1634,5536-43359-0011,5536/43359,LibriSpeech_5536,LibriSpeech_5536,1,39.32544279726009,maximum_decision_score
4,1635,5536-43359-0012,5536/43359,LibriSpeech_5536,LibriSpeech_5536,1,39.32569437487801,maximum_decision_score
2,1636,5536-43359-0013,5536/43359,LibriSpeech_5536,LibriSpeech_5536,1,39.32559857084881,maximum_decision_score
3,1637,5536-43359-0014,5536/43359,LibriSpeech_5536,LibriSpeech_5536,1,39.325307120753614,maximum_decision_score
4,1638,5536-43359-0015,5536/43359,LibriSpeech_5536,LibriSpeech_5536,1,39.324835598321734,maximum_decision_score
3,1639,5536-43359-0016,5536/43359,LibriSpeech_5536,LibriSpeech_5536,1,39.32525911358771,maximum_decision_score
2,1640,5536-43359-0017,5536/43359,LibriSpeech_5536,LibriSpeech_5536,1,39.32617989530818,maximum_decision_score
5,1641,5536-43359-0018,5536/43359,LibriSpeech_5536,LibriSpeech_5536,1,39.325472283137934,maximum_decision_score
3,1642,5536-43363-0000,5536/43363,LibriSpeech_5536,LibriSpeech_5536,1,39.32501325810304,maximum_decision_score
4,1643,5536-43363-0001,5536/43363,LibriSpeech_5536,LibriSpeech_5536,1,39.32627828586206,maximum_decision_score
2,1644,5536-43363-0002,5536/43363,LibriSpeech_5536,LibriSpeech_5536,1,39.325976335699885,maximum_decision_score
5,1645,5536-43363-0003,5536/43363,LibriSpeech_5536,LibriSpeech_5536,1,39.325807083859765,maximum_decision_score
4,1646,5536-43363-0004,5536/43363,LibriSpeech_5536,LibriSpeech_5536,1,39.32546003343822,maximum_decision_score
1,1647,5536-43363-0005,5536/43363,LibriSpeech_5536,LibriSpeech_5536,1,39.32448967659459,maximum_decision_score
1,1648,5536-43363-0006,5536/43363,LibriSpeech_5536,LibriSpeech_5536,1,39.32495679068058,maximum_decision_score
5,1649,5536-43363-0007,5536/43363,LibriSpeech_5536,LibriSpeech_5536,1,39.32600537095629,maximum_decision_score
5,1650,5536-43363-0008,5536/43363,LibriSpeech_5536,LibriSpeech_5536,1,39.32560261846083,maximum_decision_score
3,1651,5536-43363-0009,5536/43363,LibriSpeech_5536,LibriSpeech_5536,1,39.32555133264617,maximum_decision_score
5,1652,5536-43363-0010,5536/43363,LibriSpeech_5536,LibriSpeech_5536,1,39.32583816890111,maximum_decision_score
1,1653,5536-43363-0011,5536/43363,LibriSpeech_5536,LibriSpeech_5536,1,39.32433417747375,maximum_decision_score
1,1654,5536-43363-0012,5536/43363,LibriSpeech_5536,LibriSpeech_5536,1,39.32524980774731,maximum_decision_score
3,1655,5536-43363-0013,5536/43363,LibriSpeech_5536,LibriSpeech_5536,1,39.326260657441395,maximum_decision_score
1,1656,5536-43363-0014,5536/43363,LibriSpeech_5536,LibriSpeech_5536,1,39.324721479729284,maximum_decision_score
2,1657,5536-43363-0015,5536/43363,LibriSpeech_5536,LibriSpeech_5536,1,39.3252570796369,maximum_decision_score
1,1658,5536-43363-0016,5536/43363,LibriSpeech_5536,LibriSpeech_5536,1,39.32462387917881,maximum_decision_score
1,1659,5536-43363-0017,5536/43363,LibriSpeech_5536,LibriSpeech_5536,1,39.32371582023201,maximum_decision_score
2,1660,5536-43363-0018,5536/43363,LibriSpeech_5536,LibriSpeech_5536,1,39.326247149679794,maximum_decision_score
2,1661,5536-43363-0019,5536/43363,LibriSpeech_5536,LibriSpeech_5536,1,39.325162960686086,maximum_decision_score
5,1662,5694-64025-0000,5694/64025,LibriSpeech_5694,LibriSpeech_251,0,39.321523616914384,maximum_decision_score
5,1663,5694-64025-0001,5694/64025,LibriSpeech_5694,LibriSpeech_5694,1,39.32693143425283,maximum_decision_score
1,1664,5694-64025-0002,5694/64025,LibriSpeech_5694,LibriSpeech_5694,1,39.32617412029681,maximum_decision_score
3,1665,5694-64025-0003,5694/64025,LibriSpeech_5694,LibriSpeech_5694,1,39.326005955097145,maximum_decision_score
4,1666,5694-64025-0004,5694/64025,LibriSpeech_5694,LibriSpeech_5694,1,39.32554212317348,maximum_decision_score
2,1667,5694-64025-0005,5694/64025,LibriSpeech_5694,LibriSpeech_5694,1,39.32529176722022,maximum_decision_score
5,1668,5694-64025-0006,5694/64025,LibriSpeech_5694,LibriSpeech_5694,1,39.325627675006174,maximum_decision_score
3,1669,5694-64025-0007,5694/64025,LibriSpeech_5694,LibriSpeech_5694,1,39.323442565863324,maximum_decision_score
3,1670,5694-64025-0008,5694/64025,LibriSpeech_5694,LibriSpeech_5694,1,39.3274277733286,maximum_decision_score
1,1671,5694-64025-0009,5694/64025,LibriSpeech_5694,LibriSpeech_5694,1,39.32615539867672,maximum_decision_score
1,1672,5694-64025-0010,5694/64025,LibriSpeech_5694,LibriSpeech_5694,1,39.32607654300819,maximum_decision_score
1,1673,5694-64025-0011,5694/64025,LibriSpeech_5694,LibriSpeech_5694,1,39.32538306153227,maximum_decision_score
2,1674,5694-64025-0012,5694/64025,LibriSpeech_5694,LibriSpeech_5694,1,39.32388775982992,maximum_decision_score
2,1675,5694-64025-0013,5694/64025,LibriSpeech_5694,LibriSpeech_5694,1,39.327368329502,maximum_decision_score
3,1676,5694-64025-0014,5694/64025,LibriSpeech_5694,LibriSpeech_5694,1,39.32613285455993,maximum_decision_score
4,1677,5694-64025-0015,5694/64025,LibriSpeech_5694,LibriSpeech_5694,1,39.32558560908827,maximum_decision_score
5,1678,5694-64025-0016,5694/64025,LibriSpeech_5694,LibriSpeech_5694,1,39.325441354692124,maximum_decision_score
5,1679,5694-64025-0017,5694/64025,LibriSpeech_5694,LibriSpeech_5694,1,39.32565731872759,maximum_decision_score
4,1680,5694-64025-0018,5694/64025,LibriSpeech_5694,LibriSpeech_5694,1,39.32439252641746,maximum_decision_score
1,1681,5694-64025-0019,5694/64025,LibriSpeech_5694,LibriSpeech_5694,1,39.32606482879207,maximum_decision_score
4,1682,5694-64025-0020,5694/64025,LibriSpeech_5694,LibriSpeech_5694,1,39.325509713381464,maximum_decision_score
1,1683,5694-64025-0021,5694/64025,LibriSpeech_5694,LibriSpeech_5694,1,39.325615894314716,maximum_decision_score
4,1684,5694-64025-0022,5694/64025,LibriSpeech_5694,LibriSpeech_5694,1,39.32539039887082,maximum_decision_score
4,1685,5694-64025-0023,5694/64025,LibriSpeech_5694,LibriSpeech_5694,1,39.32515164679054,maximum_decision_score
4,1686,5694-64029-0000,5694/64029,LibriSpeech_5694,LibriSpeech_5694,1,39.325492184566976,maximum_decision_score
2,1687,5694-64029-0001,5694/64029,LibriSpeech_5694,LibriSpeech_5694,1,39.326203273136436,maximum_decision_score
3,1688,5694-64029-0002,5694/64029,LibriSpeech_5694,LibriSpeech_5694,1,39.32509279581931,maximum_decision_score
5,1689,5694-64029-0003,5694/64029,LibriSpeech_5694,LibriSpeech_5694,1,39.32590518310094,maximum_decision_score
2,1690,5694-64029-0004,5694/64029,LibriSpeech_5694,LibriSpeech_5694,1,39.326262334134945,maximum_decision_score
1,1691,5694-64029-0005,5694/64029,LibriSpeech_5694,LibriSpeech_5694,1,39.32507956384868,maximum_decision_score
2,1692,5694-64029-0006,5694/64029,LibriSpeech_5694,LibriSpeech_5694,1,39.32594774556569,maximum_decision_score
1,1693,5694-64029-0007,5694/64029,LibriSpeech_5694,LibriSpeech_5694,1,39.32621186295012,maximum_decision_score
5,1694,5694-64029-0008,5694/64029,LibriSpeech_5694,LibriSpeech_5694,1,39.32566779061845,maximum_decision_score
3,1695,5694-64029-0009,5694/64029,LibriSpeech_5694,LibriSpeech_5694,1,39.325030314006156,maximum_decision_score
4,1696,5694-64029-0010,5694/64029,LibriSpeech_5694,LibriSpeech_5694,1,39.32495723436,maximum_decision_score
2,1697,5694-64029-0011,5694/64029,LibriSpeech_5694,LibriSpeech_5694,1,39.32594373595234,maximum_decision_score
4,1698,5694-64029-0012,5694/64029,LibriSpeech_5694,LibriSpeech_5694,1,39.32705133050904,maximum_decision_score
3,1699,5694-64029-0013,5694/64029,LibriSpeech_5694,LibriSpeech_5694,1,39.3261405950985,maximum_decision_score
3,1700,5694-64029-0014,5694/64029,LibriSpeech_5694,LibriSpeech_5694,1,39.32698379536261,maximum_decision_score
3,1701,5694-64029-0015,5694/64029,LibriSpeech_5694,LibriSpeech_5694,1,39.325962617052674,maximum_decision_score
2,1702,5694-64029-0016,5694/64029,LibriSpeech_5694,LibriSpeech_5694,1,39.32621599267748,maximum_decision_score
1,1703,5694-64029-0017,5694/64029,LibriSpeech_5694,LibriSpeech_5694,1,39.326981824913,maximum_decision_score
4,1704,5694-64029-0018,5694/64029,LibriSpeech_5694,LibriSpeech_5694,1,39.323052288102375,maximum_decision_score
4,1705,5694-64029-0019,5694/64029,LibriSpeech_5694,LibriSpeech_5694,1,39.325470794138546,maximum_decision_score
2,1706,5694-64029-0020,5694/64029,LibriSpeech_5694,LibriSpeech_5694,1,39.32512698036543,maximum_decision_score
2,1707,5694-64029-0021,5694/64029,LibriSpeech_5694,LibriSpeech_5694,1,39.32565450207136,maximum_decision_score
2,1708,5694-64029-0022,5694/64029,LibriSpeech_5694,LibriSpeech_5694,1,39.32515108918514,maximum_decision_score
5,1709,5694-64029-0023,5694/64029,LibriSpeech_5694,LibriSpeech_5694,1,39.32567617559486,maximum_decision_score
5,1710,5694-64029-0024,5694/64029,LibriSpeech_5694,LibriSpeech_5694,1,39.32536760060166,maximum_decision_score
3,1711,5694-64029-0025,5694/64029,LibriSpeech_5694,LibriSpeech_5694,1,39.32535799799236,maximum_decision_score
1,1712,5694-64029-0026,5694/64029,LibriSpeech_5694,LibriSpeech_5694,1,39.32657330820885,maximum_decision_score
5,1713,5694-64029-0027,5694/64029,LibriSpeech_5694,LibriSpeech_5694,1,39.324832550700414,maximum_decision_score
2,1714,5694-64029-0028,5694/64029,LibriSpeech_5694,LibriSpeech_5694,1,39.32607219015171,maximum_decision_score
1,1715,5694-64029-0029,5694/64029,LibriSpeech_5694,LibriSpeech_5694,1,39.32580615472169,maximum_decision_score
2,1716,5694-64029-0030,5694/64029,LibriSpeech_5694,LibriSpeech_5694,1,39.325167172368474,maximum_decision_score
5,1717,5694-64029-0031,5694/64029,LibriSpeech_5694,LibriSpeech_5694,1,39.32605465442808,maximum_decision_score
1,1718,5694-64029-0032,5694/64029,LibriSpeech_5694,LibriSpeech_5694,1,39.32647878367862,maximum_decision_score
2,1719,5694-64038-0000,5694/64038,LibriSpeech_5694,LibriSpeech_5694,1,39.32573658202151,maximum_decision_score
5,1720,5694-64038-0001,5694/64038,LibriSpeech_5694,LibriSpeech_5694,1,39.326319604157106,maximum_decision_score
1,1721,5694-64038-0002,5694/64038,LibriSpeech_5694,LibriSpeech_5694,1,39.32611505920612,maximum_decision_score
4,1722,5694-64038-0003,5694/64038,LibriSpeech_5694,LibriSpeech_5694,1,39.32622401711607,maximum_decision_score
2,1723,5694-64038-0004,5694/64038,LibriSpeech_5694,LibriSpeech_5694,1,39.32556620056233,maximum_decision_score
4,1724,5694-64038-0005,5694/64038,LibriSpeech_5694,LibriSpeech_5694,1,39.32496150156113,maximum_decision_score
5,1725,5694-64038-0006,5694/64038,LibriSpeech_5694,LibriSpeech_5694,1,39.326265698477194,maximum_decision_score
3,1726,5694-64038-0007,5694/64038,LibriSpeech_5694,LibriSpeech_5694,1,39.326083124258716,maximum_decision_score
3,1727,5694-64038-0008,5694/64038,LibriSpeech_5694,LibriSpeech_5694,1,39.325931089086765,maximum_decision_score
1,1728,5694-64038-0009,5694/64038,LibriSpeech_5694,LibriSpeech_5694,1,39.3256797820529,maximum_decision_score
3,1729,5694-64038-0010,5694/64038,LibriSpeech_5694,LibriSpeech_5694,1,39.32671670229199,maximum_decision_score
3,1730,5694-64038-0011,5694/64038,LibriSpeech_5694,LibriSpeech_5694,1,39.32651300848081,maximum_decision_score
3,1731,5694-64038-0012,5694/64038,LibriSpeech_5694,LibriSpeech_5694,1,39.32588911769111,maximum_decision_score
4,1732,5694-64038-0013,5694/64038,LibriSpeech_5694,LibriSpeech_5694,1,39.32593861038344,maximum_decision_score
4,1733,5694-64038-0014,5694/64038,LibriSpeech_5694,LibriSpeech_5694,1,39.325251501465964,maximum_decision_score
5,1734,5694-64038-0015,5694/64038,LibriSpeech_5694,LibriSpeech_5694,1,39.32656590770994,maximum_decision_score
3,1735,5694-64038-0016,5694/64038,LibriSpeech_5694,LibriSpeech_5694,1,39.32531200482814,maximum_decision_score
1,1736,5694-64038-0017,5694/64038,LibriSpeech_5694,LibriSpeech_5694,1,39.32544955074756,maximum_decision_score
5,1737,5694-64038-0018,5694/64038,LibriSpeech_5694,LibriSpeech_5694,1,39.3257400937409,maximum_decision_score
4,1738,5694-64038-0019,5694/64038,LibriSpeech_5694,LibriSpeech_5694,1,39.32598779504096,maximum_decision_score
1,1739,5694-64038-0020,5694/64038,LibriSpeech_5694,LibriSpeech_5694,1,39.325822442081076,maximum_decision_score
3,1740,5694-64038-0021,5694/64038,LibriSpeech_5694,LibriSpeech_5694,1,39.32580530688775,maximum_decision_score
2,1741,5694-64038-0022,5694/64038,LibriSpeech_5694,LibriSpeech_5694,1,39.32575082079062,maximum_decision_score
2,1742,5694-64038-0023,5694/64038,LibriSpeech_5694,LibriSpeech_5694,1,39.325535332993766,maximum_decision_score
5,1743,5694-64038-0024,5694/64038,LibriSpeech_5694,LibriSpeech_5694,1,39.32615791095489,maximum_decision_score
4,1744,5694-64038-0025,5694/64038,LibriSpeech_5694,LibriSpeech_5694,1,39.32545960969685,maximum_decision_score
5,1745,5895-34615-0000,5895/34615,LibriSpeech_5895,LibriSpeech_5895,1,39.32626561262124,maximum_decision_score
5,1746,5895-34615-0001,5895/34615,LibriSpeech_5895,LibriSpeech_5895,1,39.32655622393236,maximum_decision_score
3,1747,5895-34615-0002,5895/34615,LibriSpeech_5895,LibriSpeech_5895,1,39.32613702993285,maximum_decision_score
5,1748,5895-34615-0003,5895/34615,LibriSpeech_5895,LibriSpeech_5895,1,39.32572891646012,maximum_decision_score
2,1749,5895-34615-0004,5895/34615,LibriSpeech_5895,LibriSpeech_5895,1,39.32582257373124,maximum_decision_score
2,1750,5895-34615-0005,5895/34615,LibriSpeech_5895,LibriSpeech_5895,1,39.32613433722721,maximum_decision_score
1,1751,5895-34615-0006,5895/34615,LibriSpeech_5895,LibriSpeech_5895,1,39.32573198616577,maximum_decision_score
5,1752,5895-34615-0007,5895/34615,LibriSpeech_5895,LibriSpeech_5895,1,39.325399110510055,maximum_decision_score
2,1753,5895-34615-0008,5895/34615,LibriSpeech_5895,LibriSpeech_5895,1,39.32581344200132,maximum_decision_score
5,1754,5895-34615-0009,5895/34615,LibriSpeech_5895,LibriSpeech_5895,1,39.32457367340091,maximum_decision_score
3,1755,5895-34615-0010,5895/34615,LibriSpeech_5895,LibriSpeech_5895,1,39.32611163027482,maximum_decision_score
2,1756,5895-34615-0011,5895/34615,LibriSpeech_5895,LibriSpeech_5895,1,39.325704736863116,maximum_decision_score
4,1757,5895-34615-0012,5895/34615,LibriSpeech_5895,LibriSpeech_5895,1,39.32535509532462,maximum_decision_score
3,1758,5895-34615-0013,5895/34615,LibriSpeech_5895,LibriSpeech_5895,1,39.324818594545434,maximum_decision_score
1,1759,5895-34615-0014,5895/34615,LibriSpeech_5895,LibriSpeech_5895,1,39.325241499338475,maximum_decision_score
2,1760,5895-34615-0015,5895/34615,LibriSpeech_5895,LibriSpeech_5895,1,39.32458311545523,maximum_decision_score
4,1761,5895-34615-0016,5895/34615,LibriSpeech_5895,LibriSpeech_5895,1,39.32574873832081,maximum_decision_score
2,1762,5895-34615-0017,5895/34615,LibriSpeech_5895,LibriSpeech_5895,1,39.32530649437416,maximum_decision_score
1,1763,5895-34615-0018,5895/34615,LibriSpeech_5895,LibriSpeech_5895,1,39.32539045061898,maximum_decision_score
5,1764,5895-34615-0019,5895/34615,LibriSpeech_5895,LibriSpeech_5895,1,39.3246357046872,maximum_decision_score
4,1765,5895-34615-0020,5895/34615,LibriSpeech_5895,LibriSpeech_5895,1,39.32598745057502,maximum_decision_score
4,1766,5895-34615-0021,5895/34615,LibriSpeech_5895,LibriSpeech_5895,1,39.326197094177914,maximum_decision_score
1,1767,5895-34622-0000,5895/34622,LibriSpeech_5895,LibriSpeech_5895,1,39.326374012061315,maximum_decision_score
4,1768,5895-34622-0001,5895/34622,LibriSpeech_5895,LibriSpeech_5895,1,39.32698944641758,maximum_decision_score
4,1769,5895-34622-0002,5895/34622,LibriSpeech_5895,LibriSpeech_5895,1,39.32446842055591,maximum_decision_score
5,1770,5895-34622-0003,5895/34622,LibriSpeech_5895,LibriSpeech_5895,1,39.326002048964234,maximum_decision_score
1,1771,5895-34622-0004,5895/34622,LibriSpeech_5895,LibriSpeech_5895,1,39.32552842818754,maximum_decision_score
2,1772,5895-34622-0005,5895/34622,LibriSpeech_5895,LibriSpeech_5895,1,39.32560238529068,maximum_decision_score
5,1773,5895-34622-0006,5895/34622,LibriSpeech_5895,LibriSpeech_5895,1,39.32608720141793,maximum_decision_score
2,1774,5895-34622-0007,5895/34622,LibriSpeech_5895,LibriSpeech_5895,1,39.32632038119098,maximum_decision_score
3,1775,5895-34622-0008,5895/34622,LibriSpeech_5895,LibriSpeech_5895,1,39.32566545344459,maximum_decision_score
4,1776,5895-34622-0009,5895/34622,LibriSpeech_5895,LibriSpeech_5895,1,39.32617887048901,maximum_decision_score
5,1777,5895-34622-0010,5895/34622,LibriSpeech_5895,LibriSpeech_5895,1,39.32643393033079,maximum_decision_score
2,1778,5895-34622-0011,5895/34622,LibriSpeech_5895,LibriSpeech_5895,1,39.3254763140815,maximum_decision_score
4,1779,5895-34622-0012,5895/34622,LibriSpeech_5895,LibriSpeech_5895,1,39.32575445645033,maximum_decision_score
5,1780,5895-34622-0013,5895/34622,LibriSpeech_5895,LibriSpeech_5895,1,39.325523814232064,maximum_decision_score
3,1781,5895-34622-0014,5895/34622,LibriSpeech_5895,LibriSpeech_5895,1,39.3257082393502,maximum_decision_score
4,1782,5895-34622-0015,5895/34622,LibriSpeech_5895,LibriSpeech_5895,1,39.32673473772879,maximum_decision_score
5,1783,5895-34622-0016,5895/34622,LibriSpeech_5895,LibriSpeech_5895,1,39.32517244076799,maximum_decision_score
1,1784,5895-34622-0017,5895/34622,LibriSpeech_5895,LibriSpeech_5895,1,39.324805513096926,maximum_decision_score
1,1785,5895-34622-0018,5895/34622,LibriSpeech_5895,LibriSpeech_5895,1,39.325787177558496,maximum_decision_score
3,1786,5895-34622-0019,5895/34622,LibriSpeech_5895,LibriSpeech_5895,1,39.32538439647446,maximum_decision_score
1,1787,5895-34622-0020,5895/34622,LibriSpeech_5895,LibriSpeech_5895,1,39.32549728847456,maximum_decision_score
3,1788,5895-34622-0021,5895/34622,LibriSpeech_5895,LibriSpeech_5895,1,39.323786386141606,maximum_decision_score
1,1789,5895-34622-0022,5895/34622,LibriSpeech_5895,LibriSpeech_5895,1,39.326596146030155,maximum_decision_score
2,1790,5895-34622-0023,5895/34622,LibriSpeech_5895,LibriSpeech_5895,1,39.326194650905016,maximum_decision_score
3,1791,5895-34629-0000,5895/34629,LibriSpeech_5895,LibriSpeech_5895,1,39.32546690092353,maximum_decision_score
1,1792,5895-34629-0001,5895/34629,LibriSpeech_5895,LibriSpeech_5895,1,39.32607310051212,maximum_decision_score
1,1793,5895-34629-0002,5895/34629,LibriSpeech_5895,LibriSpeech_5895,1,39.32613804482099,maximum_decision_score
5,1794,5895-34629-0003,5895/34629,LibriSpeech_5895,LibriSpeech_5895,1,39.3268167424103,maximum_decision_score
3,1795,5895-34629-0004,5895/34629,LibriSpeech_5895,LibriSpeech_5895,1,39.325200271771706,maximum_decision_score
4,1796,5895-34629-0005,5895/34629,LibriSpeech_5895,LibriSpeech_5895,1,39.32654118071951,maximum_decision_score
5,1797,5895-34629-0006,5895/34629,LibriSpeech_5895,LibriSpeech_5895,1,39.325886866725256,maximum_decision_score
4,1798,5895-34629-0007,5895/34629,LibriSpeech_5895,LibriSpeech_5895,1,39.32685964156999,maximum_decision_score
2,1799,5895-34629-0008,5895/34629,LibriSpeech_5895,LibriSpeech_5895,1,39.3262262585964,maximum_decision_score
3,1800,5895-34629-0009,5895/34629,LibriSpeech_5895,LibriSpeech_5895,1,39.3261638289537,maximum_decision_score
3,1801,5895-34629-0010,5895/34629,LibriSpeech_5895,LibriSpeech_5895,1,39.3259605124449,maximum_decision_score
4,1802,5895-34629-0011,5895/34629,LibriSpeech_5895,LibriSpeech_5895,1,39.32572596773267,maximum_decision_score
4,1803,5895-34629-0012,5895/34629,LibriSpeech_5895,LibriSpeech_5895,1,39.3261552911543,maximum_decision_score
2,1804,5895-34629-0013,5895/34629,LibriSpeech_5895,LibriSpeech_5895,1,39.32581702437924,maximum_decision_score
2,1805,5895-34629-0014,5895/34629,LibriSpeech_5895,LibriSpeech_5895,1,39.325248756995435,maximum_decision_score
3,1806,5895-34629-0015,5895/34629,LibriSpeech_5895,LibriSpeech_5895,1,39.32541303155013,maximum_decision_score
2,1807,5895-34629-0016,5895/34629,LibriSpeech_5895,LibriSpeech_5895,1,39.32575933778754,maximum_decision_score
5,1808,5895-34629-0017,5895/34629,LibriSpeech_5895,LibriSpeech_5895,1,39.32610098777115,maximum_decision_score
1,1809,5895-34629-0018,5895/34629,LibriSpeech_5895,LibriSpeech_5895,1,39.32565707745906,maximum_decision_score
4,1810,5895-34629-0019,5895/34629,LibriSpeech_5895,LibriSpeech_5895,1,39.32611954390592,maximum_decision_score
5,1811,5895-34629-0020,5895/34629,LibriSpeech_5895,LibriSpeech_5895,1,39.32618343979119,maximum_decision_score
4,1812,5895-34629-0021,5895/34629,LibriSpeech_5895,LibriSpeech_5895,1,39.32582202844071,maximum_decision_score
4,1813,5895-34629-0022,5895/34629,LibriSpeech_5895,LibriSpeech_5895,1,39.32656606904452,maximum_decision_score
1,1814,5895-34629-0023,5895/34629,LibriSpeech_5895,LibriSpeech_5895,1,39.32588549191743,maximum_decision_score
2,1815,5895-34629-0024,5895/34629,LibriSpeech_5895,LibriSpeech_5895,1,39.32509040242145,maximum_decision_score
3,1816,5895-34629-0025,5895/34629,LibriSpeech_5895,LibriSpeech_5895,1,39.32420116249275,maximum_decision_score
1,1817,5895-34629-0026,5895/34629,LibriSpeech_5895,LibriSpeech_5895,1,39.32558941994497,maximum_decision_score
1,1818,5895-34629-0027,5895/34629,LibriSpeech_5895,LibriSpeech_5895,1,39.325441003967796,maximum_decision_score
3,1819,5895-34629-0028,5895/34629,LibriSpeech_5895,LibriSpeech_5895,1,39.324552563137935,maximum_decision_score
5,1820,5895-34629-0029,5895/34629,LibriSpeech_5895,LibriSpeech_5895,1,39.32608935451548,maximum_decision_score
3,1821,5895-34629-0030,5895/34629,LibriSpeech_5895,LibriSpeech_5895,1,39.32559298099626,maximum_decision_score
1,1822,5895-34629-0031,5895/34629,LibriSpeech_5895,LibriSpeech_5895,1,39.3250501337285,maximum_decision_score
3,1823,5895-34629-0032,5895/34629,LibriSpeech_5895,LibriSpeech_5895,1,39.3253927330478,maximum_decision_score
2,1824,5895-34629-0033,5895/34629,LibriSpeech_5895,LibriSpeech_5895,1,39.325816753943386,maximum_decision_score
1,1825,6241-61943-0000,6241/61943,LibriSpeech_6241,LibriSpeech_6241,1,39.325740730853965,maximum_decision_score
3,1826,6241-61943-0001,6241/61943,LibriSpeech_6241,LibriSpeech_6241,1,39.32635145916676,maximum_decision_score
3,1827,6241-61943-0002,6241/61943,LibriSpeech_6241,LibriSpeech_6241,1,39.32455472129528,maximum_decision_score
2,1828,6241-61943-0003,6241/61943,LibriSpeech_6241,LibriSpeech_6241,1,39.32565965169615,maximum_decision_score
4,1829,6241-61943-0004,6241/61943,LibriSpeech_6241,LibriSpeech_6241,1,39.32573891372545,maximum_decision_score
4,1830,6241-61943-0005,6241/61943,LibriSpeech_6241,LibriSpeech_6241,1,39.32534901970969,maximum_decision_score
2,1831,6241-61943-0006,6241/61943,LibriSpeech_6241,LibriSpeech_6241,1,39.32460343361867,maximum_decision_score
2,1832,6241-61943-0007,6241/61943,LibriSpeech_6241,LibriSpeech_6241,1,39.32541163422725,maximum_decision_score
4,1833,6241-61943-0008,6241/61943,LibriSpeech_6241,LibriSpeech_6241,1,39.32416331395037,maximum_decision_score
3,1834,6241-61943-0009,6241/61943,LibriSpeech_6241,LibriSpeech_6241,1,39.32651278640374,maximum_decision_score
5,1835,6241-61943-0010,6241/61943,LibriSpeech_6241,LibriSpeech_6241,1,39.325591418429084,maximum_decision_score
1,1836,6241-61943-0011,6241/61943,LibriSpeech_6241,LibriSpeech_6241,1,39.325922762076964,maximum_decision_score
4,1837,6241-61943-0012,6241/61943,LibriSpeech_6241,LibriSpeech_6241,1,39.32574266795506,maximum_decision_score
2,1838,6241-61943-0013,6241/61943,LibriSpeech_6241,LibriSpeech_6241,1,39.32600893097763,maximum_decision_score
3,1839,6241-61943-0014,6241/61943,LibriSpeech_6241,LibriSpeech_6241,1,39.326469091577444,maximum_decision_score
1,1840,6241-61943-0015,6241/61943,LibriSpeech_6241,LibriSpeech_6241,1,39.32656414955132,maximum_decision_score
1,1841,6241-61943-0016,6241/61943,LibriSpeech_6241,LibriSpeech_6241,1,39.32509092723182,maximum_decision_score
5,1842,6241-61943-0017,6241/61943,LibriSpeech_6241,LibriSpeech_6241,1,39.32546488934523,maximum_decision_score
4,1843,6241-61943-0018,6241/61943,LibriSpeech_6241,LibriSpeech_6241,1,39.32532679987282,maximum_decision_score
4,1844,6241-61943-0019,6241/61943,LibriSpeech_6241,LibriSpeech_6241,1,39.325710329122316,maximum_decision_score
2,1845,6241-61943-0020,6241/61943,LibriSpeech_6241,LibriSpeech_6241,1,39.32540242416304,maximum_decision_score
5,1846,6241-61943-0021,6241/61943,LibriSpeech_6241,LibriSpeech_6241,1,39.3239563894886,maximum_decision_score
4,1847,6241-61943-0022,6241/61943,LibriSpeech_6241,LibriSpeech_6241,1,39.3259540022961,maximum_decision_score
4,1848,6241-61943-0023,6241/61943,LibriSpeech_6241,LibriSpeech_6241,1,39.32456145849541,maximum_decision_score
1,1849,6241-61943-0024,6241/61943,LibriSpeech_6241,LibriSpeech_6241,1,39.32489916616298,maximum_decision_score
1,1850,6241-61943-0025,6241/61943,LibriSpeech_6241,LibriSpeech_6241,1,39.32646310960884,maximum_decision_score
5,1851,6241-61943-0026,6241/61943,LibriSpeech_6241,LibriSpeech_6241,1,39.3257090975382,maximum_decision_score
3,1852,6241-61943-0027,6241/61943,LibriSpeech_6241,LibriSpeech_6241,1,39.32596102656961,maximum_decision_score
5,1853,6241-61946-0000,6241/61946,LibriSpeech_6241,LibriSpeech_6241,1,39.32551676429268,maximum_decision_score
4,1854,6241-61946-0001,6241/61946,LibriSpeech_6241,LibriSpeech_6241,1,39.32521833545971,maximum_decision_score
3,1855,6241-61946-0002,6241/61946,LibriSpeech_6241,LibriSpeech_6241,1,39.32599960225121,maximum_decision_score
4,1856,6241-61946-0003,6241/61946,LibriSpeech_6241,LibriSpeech_6241,1,39.326035421204615,maximum_decision_score
2,1857,6241-61946-0004,6241/61946,LibriSpeech_6241,LibriSpeech_6241,1,39.326083513656826,maximum_decision_score
4,1858,6241-61946-0005,6241/61946,LibriSpeech_6241,LibriSpeech_6241,1,39.32494791568331,maximum_decision_score
3,1859,6241-61946-0006,6241/61946,LibriSpeech_6241,LibriSpeech_6241,1,39.325718690143134,maximum_decision_score
1,1860,6241-61946-0007,6241/61946,LibriSpeech_6241,LibriSpeech_6241,1,39.32638378191228,maximum_decision_score
2,1861,6241-61946-0008,6241/61946,LibriSpeech_6241,LibriSpeech_6241,1,39.32635985578545,maximum_decision_score
5,1862,6241-61946-0009,6241/61946,LibriSpeech_6241,LibriSpeech_6241,1,39.32556608770611,maximum_decision_score
3,1863,6241-61946-0010,6241/61946,LibriSpeech_6241,LibriSpeech_6241,1,39.32528549410277,maximum_decision_score
5,1864,6241-61946-0011,6241/61946,LibriSpeech_6241,LibriSpeech_6241,1,39.326242136522545,maximum_decision_score
5,1865,6241-61946-0012,6241/61946,LibriSpeech_6241,LibriSpeech_6241,1,39.3260815413328,maximum_decision_score
5,1866,6241-61946-0013,6241/61946,LibriSpeech_6241,LibriSpeech_6241,1,39.32552987939019,maximum_decision_score
1,1867,6241-61946-0014,6241/61946,LibriSpeech_6241,LibriSpeech_6241,1,39.325435765304306,maximum_decision_score
4,1868,6241-61946-0015,6241/61946,LibriSpeech_6241,LibriSpeech_6241,1,39.32565885528061,maximum_decision_score
4,1869,6241-61946-0016,6241/61946,LibriSpeech_6241,LibriSpeech_6241,1,39.32618890900159,maximum_decision_score
1,1870,6241-61946-0017,6241/61946,LibriSpeech_6241,LibriSpeech_6241,1,39.32589150060896,maximum_decision_score
1,1871,6241-61946-0018,6241/61946,LibriSpeech_6241,LibriSpeech_6241,1,39.32609688598475,maximum_decision_score
2,1872,6241-61946-0019,6241/61946,LibriSpeech_6241,LibriSpeech_6241,1,39.32626885617124,maximum_decision_score
2,1873,6241-61946-0020,6241/61946,LibriSpeech_6241,LibriSpeech_6241,1,39.326061588176174,maximum_decision_score
1,1874,6241-61946-0021,6241/61946,LibriSpeech_6241,LibriSpeech_6241,1,39.32539160792597,maximum_decision_score
5,1875,6241-61946-0022,6241/61946,LibriSpeech_6241,LibriSpeech_6241,1,39.32615204568086,maximum_decision_score
4,1876,6241-61946-0023,6241/61946,LibriSpeech_6241,LibriSpeech_6241,1,39.325677422454206,maximum_decision_score
1,1877,6241-66616-0000,6241/66616,LibriSpeech_6241,LibriSpeech_6241,1,39.326379500643725,maximum_decision_score
5,1878,6241-66616-0001,6241/66616,LibriSpeech_6241,LibriSpeech_6241,1,39.325765740889324,maximum_decision_score
2,1879,6241-66616-0002,6241/66616,LibriSpeech_6241,LibriSpeech_6241,1,39.32372506854316,maximum_decision_score
2,1880,6241-66616-0003,6241/66616,LibriSpeech_6241,LibriSpeech_6241,1,39.325618591560136,maximum_decision_score
2,1881,6241-66616-0004,6241/66616,LibriSpeech_6241,LibriSpeech_6241,1,39.32621090845713,maximum_decision_score
5,1882,6241-66616-0005,6241/66616,LibriSpeech_6241,LibriSpeech_6241,1,39.326565476928415,maximum_decision_score
5,1883,6241-66616-0006,6241/66616,LibriSpeech_6241,LibriSpeech_6241,1,39.32636816615233,maximum_decision_score
3,1884,6241-66616-0007,6241/66616,LibriSpeech_6241,LibriSpeech_6241,1,39.32497203843368,maximum_decision_score
3,1885,6241-66616-0008,6241/66616,LibriSpeech_6241,LibriSpeech_6241,1,39.325704570161236,maximum_decision_score
1,1886,6241-66616-0009,6241/66616,LibriSpeech_6241,LibriSpeech_6241,1,39.326512441103056,maximum_decision_score
2,1887,6241-66616-0010,6241/66616,LibriSpeech_6241,LibriSpeech_6241,1,39.32620694564212,maximum_decision_score
3,1888,6241-66616-0011,6241/66616,LibriSpeech_6241,LibriSpeech_6241,1,39.32639709343664,maximum_decision_score
2,1889,6241-66616-0012,6241/66616,LibriSpeech_6241,LibriSpeech_6241,1,39.326328210975774,maximum_decision_score
1,1890,6241-66616-0013,6241/66616,LibriSpeech_6241,LibriSpeech_6241,1,39.32603880365404,maximum_decision_score
1,1891,6241-66616-0014,6241/66616,LibriSpeech_6241,LibriSpeech_6241,1,39.32636287633283,maximum_decision_score
4,1892,6241-66616-0015,6241/66616,LibriSpeech_6241,LibriSpeech_6241,1,39.32602640985594,maximum_decision_score
5,1893,6241-66616-0016,6241/66616,LibriSpeech_6241,LibriSpeech_6241,1,39.3269098733527,maximum_decision_score
2,1894,6241-66616-0017,6241/66616,LibriSpeech_6241,LibriSpeech_6241,1,39.3261122424025,maximum_decision_score
5,1895,6241-66616-0018,6241/66616,LibriSpeech_6241,LibriSpeech_6241,1,39.325827381209244,maximum_decision_score
5,1896,6241-66616-0019,6241/66616,LibriSpeech_6241,LibriSpeech_6241,1,39.326399899890646,maximum_decision_score
4,1897,6241-66616-0020,6241/66616,LibriSpeech_6241,LibriSpeech_6241,1,39.325641913683135,maximum_decision_score
3,1898,6241-66616-0021,6241/66616,LibriSpeech_6241,LibriSpeech_6241,1,39.32523208073864,maximum_decision_score
3,1899,6241-66616-0022,6241/66616,LibriSpeech_6241,LibriSpeech_6241,1,39.325940361554075,maximum_decision_score
1,1900,6241-66616-0023,6241/66616,LibriSpeech_6241,LibriSpeech_6241,1,39.327157039131116,maximum_decision_score
3,1901,6241-66616-0024,6241/66616,LibriSpeech_6241,LibriSpeech_6241,1,39.32536189817517,maximum_decision_score
3,1902,6241-66616-0025,6241/66616,LibriSpeech_6241,LibriSpeech_6241,1,39.326246947044844,maximum_decision_score
1,1903,6295-244435-0000,6295/244435,LibriSpeech_6295,LibriSpeech_6295,1,39.32516357767508,maximum_decision_score
4,1904,6295-244435-0001,6295/244435,LibriSpeech_6295,LibriSpeech_6295,1,39.32555950153201,maximum_decision_score
4,1905,6295-244435-0002,6295/244435,LibriSpeech_6295,LibriSpeech_6295,1,39.32580705403867,maximum_decision_score
5,1906,6295-244435-0003,6295/244435,LibriSpeech_6295,LibriSpeech_6295,1,39.32578458221148,maximum_decision_score
1,1907,6295-244435-0004,6295/244435,LibriSpeech_6295,LibriSpeech_6295,1,39.32602960300554,maximum_decision_score
3,1908,6295-244435-0005,6295/244435,LibriSpeech_6295,LibriSpeech_6295,1,39.325701782843915,maximum_decision_score
2,1909,6295-244435-0006,6295/244435,LibriSpeech_6295,LibriSpeech_6295,1,39.32653648448868,maximum_decision_score
4,1910,6295-244435-0007,6295/244435,LibriSpeech_6295,LibriSpeech_6295,1,39.324880801268556,maximum_decision_score
2,1911,6295-244435-0008,6295/244435,LibriSpeech_6295,LibriSpeech_6295,1,39.325736869548436,maximum_decision_score
5,1912,6295-244435-0009,6295/244435,LibriSpeech_6295,LibriSpeech_6295,1,39.32591137873109,maximum_decision_score
3,1913,6295-244435-0010,6295/244435,LibriSpeech_6295,LibriSpeech_6295,1,39.32546272053424,maximum_decision_score
4,1914,6295-244435-0011,6295/244435,LibriSpeech_6295,LibriSpeech_6295,1,39.32624910373311,maximum_decision_score
3,1915,6295-244435-0012,6295/244435,LibriSpeech_6295,LibriSpeech_6295,1,39.325592157660374,maximum_decision_score
2,1916,6295-244435-0013,6295/244435,LibriSpeech_6295,LibriSpeech_6295,1,39.32499953744939,maximum_decision_score
4,1917,6295-244435-0014,6295/244435,LibriSpeech_6295,LibriSpeech_6295,1,39.32384839288608,maximum_decision_score
5,1918,6295-244435-0015,6295/244435,LibriSpeech_6295,LibriSpeech_6295,1,39.32562960994883,maximum_decision_score
1,1919,6295-244435-0016,6295/244435,LibriSpeech_6295,LibriSpeech_6295,1,39.32574986385232,maximum_decision_score
1,1920,6295-244435-0017,6295/244435,LibriSpeech_6295,LibriSpeech_6295,1,39.3254079169198,maximum_decision_score
1,1921,6295-244435-0018,6295/244435,LibriSpeech_6295,LibriSpeech_6295,1,39.325525341567406,maximum_decision_score
5,1922,6295-244435-0019,6295/244435,LibriSpeech_6295,LibriSpeech_6295,1,39.32551769428919,maximum_decision_score
3,1923,6295-244435-0020,6295/244435,LibriSpeech_6295,LibriSpeech_6295,1,39.32624871994037,maximum_decision_score
2,1924,6295-244435-0021,6295/244435,LibriSpeech_6295,LibriSpeech_6295,1,39.32554771545118,maximum_decision_score
1,1925,6295-244435-0022,6295/244435,LibriSpeech_6295,LibriSpeech_6295,1,39.325756700503405,maximum_decision_score
5,1926,6295-244435-0023,6295/244435,LibriSpeech_6295,LibriSpeech_6295,1,39.3259689700951,maximum_decision_score
1,1927,6295-244435-0024,6295/244435,LibriSpeech_6295,LibriSpeech_6295,1,39.32476098649789,maximum_decision_score
1,1928,6295-244435-0025,6295/244435,LibriSpeech_6295,LibriSpeech_6295,1,39.32620973124875,maximum_decision_score
3,1929,6295-244435-0026,6295/244435,LibriSpeech_6295,LibriSpeech_6295,1,39.32569917587848,maximum_decision_score
1,1930,6295-244435-0027,6295/244435,LibriSpeech_6295,LibriSpeech_6295,1,39.32651795334497,maximum_decision_score
5,1931,6295-244435-0028,6295/244435,LibriSpeech_6295,LibriSpeech_6295,1,39.32669114570263,maximum_decision_score
5,1932,6295-244435-0029,6295/244435,LibriSpeech_6295,LibriSpeech_6295,1,39.32502326587485,maximum_decision_score
1,1933,6295-244435-0030,6295/244435,LibriSpeech_6295,LibriSpeech_6295,1,39.3256067994328,maximum_decision_score
2,1934,6295-244435-0031,6295/244435,LibriSpeech_6295,LibriSpeech_6295,1,39.32515718704484,maximum_decision_score
2,1935,6295-244435-0032,6295/244435,LibriSpeech_6295,LibriSpeech_6295,1,39.32554185371282,maximum_decision_score
2,1936,6295-244435-0033,6295/244435,LibriSpeech_6295,LibriSpeech_6295,1,39.32534552240365,maximum_decision_score
1,1937,6295-244435-0034,6295/244435,LibriSpeech_6295,LibriSpeech_6295,1,39.32490308641963,maximum_decision_score
3,1938,6295-244435-0035,6295/244435,LibriSpeech_6295,LibriSpeech_6295,1,39.324237317039994,maximum_decision_score
2,1939,6295-244435-0036,6295/244435,LibriSpeech_6295,LibriSpeech_6295,1,39.3254627949382,maximum_decision_score
4,1940,6295-244435-0037,6295/244435,LibriSpeech_6295,LibriSpeech_6295,1,39.3260242942329,maximum_decision_score
5,1941,6295-244435-0038,6295/244435,LibriSpeech_6295,LibriSpeech_6295,1,39.32548079397514,maximum_decision_score
5,1942,6295-244435-0039,6295/244435,LibriSpeech_6295,LibriSpeech_6295,1,39.32649553106745,maximum_decision_score
2,1943,6295-244435-0040,6295/244435,LibriSpeech_6295,LibriSpeech_6295,1,39.32618750284599,maximum_decision_score
2,1944,6295-64301-0000,6295/64301,LibriSpeech_6295,LibriSpeech_6295,1,39.3261729187171,maximum_decision_score
4,1945,6295-64301-0001,6295/64301,LibriSpeech_6295,LibriSpeech_6295,1,39.32617861072281,maximum_decision_score
3,1946,6295-64301-0002,6295/64301,LibriSpeech_6295,LibriSpeech_6295,1,39.325397400566914,maximum_decision_score
1,1947,6295-64301-0003,6295/64301,LibriSpeech_6295,LibriSpeech_6295,1,39.32623326818919,maximum_decision_score
3,1948,6295-64301-0004,6295/64301,LibriSpeech_6295,LibriSpeech_6295,1,39.326128053724084,maximum_decision_score
5,1949,6295-64301-0005,6295/64301,LibriSpeech_6295,LibriSpeech_6295,1,39.32637617093698,maximum_decision_score
5,1950,6295-64301-0006,6295/64301,LibriSpeech_6295,LibriSpeech_6295,1,39.326076930298896,maximum_decision_score
1,1951,6295-64301-0007,6295/64301,LibriSpeech_6295,LibriSpeech_6295,1,39.32692107789149,maximum_decision_score
4,1952,6295-64301-0008,6295/64301,LibriSpeech_6295,LibriSpeech_6295,1,39.32469951645028,maximum_decision_score
4,1953,6295-64301-0009,6295/64301,LibriSpeech_6295,LibriSpeech_6295,1,39.324945418459734,maximum_decision_score
2,1954,6295-64301-0010,6295/64301,LibriSpeech_6295,LibriSpeech_6295,1,39.32567573245456,maximum_decision_score
4,1955,6295-64301-0011,6295/64301,LibriSpeech_6295,LibriSpeech_6295,1,39.32619015344305,maximum_decision_score
4,1956,6295-64301-0012,6295/64301,LibriSpeech_6295,LibriSpeech_6295,1,39.3269388852291,maximum_decision_score
2,1957,6295-64301-0013,6295/64301,LibriSpeech_6295,LibriSpeech_6295,1,39.32538886218928,maximum_decision_score
3,1958,6295-64301-0014,6295/64301,LibriSpeech_6295,LibriSpeech_6295,1,39.32199429580155,maximum_decision_score
5,1959,6295-64301-0015,6295/64301,LibriSpeech_6295,LibriSpeech_6295,1,39.32684937835203,maximum_decision_score
1,1960,6295-64301-0016,6295/64301,LibriSpeech_6295,LibriSpeech_6295,1,39.32641961415009,maximum_decision_score
5,1961,6295-64301-0017,6295/64301,LibriSpeech_6295,LibriSpeech_6295,1,39.3262285046198,maximum_decision_score
4,1962,6295-64301-0018,6295/64301,LibriSpeech_6295,LibriSpeech_6295,1,39.32596318728156,maximum_decision_score
2,1963,6295-64301-0019,6295/64301,LibriSpeech_6295,LibriSpeech_6295,1,39.32625863883972,maximum_decision_score
2,1964,6295-64301-0020,6295/64301,LibriSpeech_6295,LibriSpeech_6295,1,39.32527103078831,maximum_decision_score
3,1965,6295-64301-0021,6295/64301,LibriSpeech_6295,LibriSpeech_6295,1,39.32515173678504,maximum_decision_score
4,1966,6295-64301-0022,6295/64301,LibriSpeech_6295,LibriSpeech_6295,1,39.325326518293565,maximum_decision_score
1,1967,6295-64301-0023,6295/64301,LibriSpeech_6295,LibriSpeech_6295,1,39.326233410331554,maximum_decision_score
3,1968,6295-64301-0024,6295/64301,LibriSpeech_6295,LibriSpeech_6295,1,39.32543516972182,maximum_decision_score
5,1969,6295-64301-0025,6295/64301,LibriSpeech_6295,LibriSpeech_6295,1,39.32567289345059,maximum_decision_score
4,1970,6295-64301-0026,6295/64301,LibriSpeech_6295,LibriSpeech_6295,1,39.32580811705858,maximum_decision_score
3,1971,6295-64301-0027,6295/64301,LibriSpeech_6295,LibriSpeech_6295,1,39.325285028624684,maximum_decision_score
2,1972,6295-64301-0028,6295/64301,LibriSpeech_6295,LibriSpeech_6295,1,39.32524574540332,maximum_decision_score
5,1973,6295-64301-0029,6295/64301,LibriSpeech_6295,LibriSpeech_6295,1,39.3260684632973,maximum_decision_score
3,1974,6295-64301-0030,6295/64301,LibriSpeech_6295,LibriSpeech_6295,1,39.32541634921289,maximum_decision_score
3,1975,6295-64301-0031,6295/64301,LibriSpeech_6295,LibriSpeech_6295,1,39.32593262574533,maximum_decision_score
3,1976,6295-64301-0032,6295/64301,LibriSpeech_6295,LibriSpeech_6295,1,39.32502531802173,maximum_decision_score
2,1977,6313-66125-0000,6313/66125,LibriSpeech_6313,LibriSpeech_6313,1,39.32599379429321,maximum_decision_score
1,1978,6313-66125-0001,6313/66125,LibriSpeech_6313,LibriSpeech_6313,1,39.32608453757949,maximum_decision_score
2,1979,6313-66125-0002,6313/66125,LibriSpeech_6313,LibriSpeech_6313,1,39.32647757654408,maximum_decision_score
4,1980,6313-66125-0003,6313/66125,LibriSpeech_6313,LibriSpeech_6313,1,39.326476204841455,maximum_decision_score
2,1981,6313-66125-0004,6313/66125,LibriSpeech_6313,LibriSpeech_6313,1,39.325526812318216,maximum_decision_score
4,1982,6313-66125-0005,6313/66125,LibriSpeech_6313,LibriSpeech_6313,1,39.32604741805008,maximum_decision_score
5,1983,6313-66125-0006,6313/66125,LibriSpeech_6313,LibriSpeech_6313,1,39.32502308889708,maximum_decision_score
2,1984,6313-66125-0007,6313/66125,LibriSpeech_6313,LibriSpeech_6313,1,39.32565598807709,maximum_decision_score
2,1985,6313-66125-0008,6313/66125,LibriSpeech_6313,LibriSpeech_6313,1,39.32662738243696,maximum_decision_score
2,1986,6313-66125-0009,6313/66125,LibriSpeech_6313,LibriSpeech_6313,1,39.3261774399758,maximum_decision_score
5,1987,6313-66125-0010,6313/66125,LibriSpeech_6313,LibriSpeech_6313,1,39.32573484445864,maximum_decision_score
1,1988,6313-66125-0011,6313/66125,LibriSpeech_6313,LibriSpeech_6313,1,39.32544431086595,maximum_decision_score
2,1989,6313-66125-0012,6313/66125,LibriSpeech_6313,LibriSpeech_6313,1,39.32508176166737,maximum_decision_score
3,1990,6313-66125-0013,6313/66125,LibriSpeech_6313,LibriSpeech_6313,1,39.324658824672106,maximum_decision_score
4,1991,6313-66125-0014,6313/66125,LibriSpeech_6313,LibriSpeech_6313,1,39.326130798189574,maximum_decision_score
5,1992,6313-66125-0015,6313/66125,LibriSpeech_6313,LibriSpeech_6313,1,39.3258654446793,maximum_decision_score
5,1993,6313-66125-0016,6313/66125,LibriSpeech_6313,LibriSpeech_6313,1,39.3261962662325,maximum_decision_score
2,1994,6313-66125-0017,6313/66125,LibriSpeech_6313,LibriSpeech_6313,1,39.32614206884956,maximum_decision_score
1,1995,6313-66125-0018,6313/66125,LibriSpeech_6313,LibriSpeech_6313,1,39.32623921840384,maximum_decision_score
1,1996,6313-66125-0019,6313/66125,LibriSpeech_6313,LibriSpeech_6313,1,39.32583321281581,maximum_decision_score
2,1997,6313-66125-0020,6313/66125,LibriSpeech_6313,LibriSpeech_6313,1,39.32520578271856,maximum_decision_score
5,1998,6313-66125-0021,6313/66125,LibriSpeech_6313,LibriSpeech_6313,1,39.326094172527654,maximum_decision_score
5,1999,6313-66125-0022,6313/66125,LibriSpeech_6313,LibriSpeech_6313,1,39.32577003653302,maximum_decision_score
1,2000,6313-66125-0023,6313/66125,LibriSpeech_6313,LibriSpeech_6313,1,39.326051697553595,maximum_decision_score
4,2001,6313-66125-0024,6313/66125,LibriSpeech_6313,LibriSpeech_6313,1,39.32618122582975,maximum_decision_score
4,2002,6313-66125-0025,6313/66125,LibriSpeech_6313,LibriSpeech_6313,1,39.32651582758508,maximum_decision_score
3,2003,6313-66125-0026,6313/66125,LibriSpeech_6313,LibriSpeech_6313,1,39.32673023403009,maximum_decision_score
3,2004,6313-66125-0027,6313/66125,LibriSpeech_6313,LibriSpeech_6313,1,39.325780780980296,maximum_decision_score
3,2005,6313-66129-0000,6313/66129,LibriSpeech_6313,LibriSpeech_6313,1,39.32602137978162,maximum_decision_score
5,2006,6313-66129-0001,6313/66129,LibriSpeech_6313,LibriSpeech_6313,1,39.32641799741239,maximum_decision_score
2,2007,6313-66129-0002,6313/66129,LibriSpeech_6313,LibriSpeech_6313,1,39.32569400783763,maximum_decision_score
1,2008,6313-66129-0003,6313/66129,LibriSpeech_6313,LibriSpeech_6313,1,39.3261916903565,maximum_decision_score
3,2009,6313-66129-0004,6313/66129,LibriSpeech_6313,LibriSpeech_6313,1,39.326260236362884,maximum_decision_score
2,2010,6313-66129-0005,6313/66129,LibriSpeech_6313,LibriSpeech_6313,1,39.32627696276694,maximum_decision_score
1,2011,6313-66129-0006,6313/66129,LibriSpeech_6313,LibriSpeech_6313,1,39.32685692004066,maximum_decision_score
2,2012,6313-66129-0007,6313/66129,LibriSpeech_6313,LibriSpeech_6313,1,39.32518899130922,maximum_decision_score
5,2013,6313-66129-0008,6313/66129,LibriSpeech_6313,LibriSpeech_6313,1,39.32621663630534,maximum_decision_score
4,2014,6313-66129-0009,6313/66129,LibriSpeech_6313,LibriSpeech_6313,1,39.32645460462549,maximum_decision_score
4,2015,6313-66129-0010,6313/66129,LibriSpeech_6313,LibriSpeech_6313,1,39.32547523245858,maximum_decision_score
5,2016,6313-66129-0011,6313/66129,LibriSpeech_6313,LibriSpeech_6313,1,39.32697679788956,maximum_decision_score
2,2017,6313-66129-0012,6313/66129,LibriSpeech_6313,LibriSpeech_6313,1,39.32320623845876,maximum_decision_score
5,2018,6313-66129-0013,6313/66129,LibriSpeech_6313,LibriSpeech_6313,1,39.32644341939452,maximum_decision_score
1,2019,6313-66129-0014,6313/66129,LibriSpeech_6313,LibriSpeech_6313,1,39.32595369145454,maximum_decision_score
3,2020,6313-66129-0015,6313/66129,LibriSpeech_6313,LibriSpeech_6313,1,39.325798135054576,maximum_decision_score
3,2021,6313-66129-0016,6313/66129,LibriSpeech_6313,LibriSpeech_6313,1,39.32614925406537,maximum_decision_score
3,2022,6313-66129-0017,6313/66129,LibriSpeech_6313,LibriSpeech_6313,1,39.32581674669777,maximum_decision_score
2,2023,6313-66129-0018,6313/66129,LibriSpeech_6313,LibriSpeech_6313,1,39.326327525043844,maximum_decision_score
1,2024,6313-66129-0019,6313/66129,LibriSpeech_6313,LibriSpeech_6313,1,39.32614756505086,maximum_decision_score
5,2025,6313-66129-0020,6313/66129,LibriSpeech_6313,LibriSpeech_6313,1,39.3263131796708,maximum_decision_score
1,2026,6313-66129-0021,6313/66129,LibriSpeech_6313,LibriSpeech_6313,1,39.32618452095788,maximum_decision_score
5,2027,6313-66129-0022,6313/66129,LibriSpeech_6313,LibriSpeech_6313,1,39.32604477383078,maximum_decision_score
3,2028,6313-66129-0023,6313/66129,LibriSpeech_6313,LibriSpeech_6313,1,39.325305914636914,maximum_decision_score
3,2029,6313-66129-0024,6313/66129,LibriSpeech_6313,LibriSpeech_6313,1,39.325554704819574,maximum_decision_score
1,2030,6313-66129-0025,6313/66129,LibriSpeech_6313,LibriSpeech_6313,1,39.32622214075135,maximum_decision_score
1,2031,6313-66129-0026,6313/66129,LibriSpeech_6313,LibriSpeech_6313,1,39.325919482162114,maximum_decision_score
4,2032,6313-66129-0027,6313/66129,LibriSpeech_6313,LibriSpeech_6313,1,39.32582206655586,maximum_decision_score
1,2033,6313-66129-0028,6313/66129,LibriSpeech_6313,LibriSpeech_6313,1,39.323273407550474,maximum_decision_score
1,2034,6313-66129-0029,6313/66129,LibriSpeech_6313,LibriSpeech_6313,1,39.32569403552017,maximum_decision_score
4,2035,6313-66129-0030,6313/66129,LibriSpeech_6313,LibriSpeech_6313,1,39.32449113306916,maximum_decision_score
5,2036,6313-66129-0031,6313/66129,LibriSpeech_6313,LibriSpeech_6313,1,39.326161136109455,maximum_decision_score
1,2037,6313-66129-0032,6313/66129,LibriSpeech_6313,LibriSpeech_6313,1,39.325127952325275,maximum_decision_score
1,2038,6313-66129-0033,6313/66129,LibriSpeech_6313,LibriSpeech_6313,1,39.32637639525023,maximum_decision_score
2,2039,6313-66129-0034,6313/66129,LibriSpeech_6313,LibriSpeech_6313,1,39.32595120949327,maximum_decision_score
3,2040,6313-66129-0035,6313/66129,LibriSpeech_6313,LibriSpeech_6313,1,39.32578969766751,maximum_decision_score
4,2041,6313-76958-0000,6313/76958,LibriSpeech_6313,LibriSpeech_6313,1,39.3267290171509,maximum_decision_score
1,2042,6313-76958-0001,6313/76958,LibriSpeech_6313,LibriSpeech_6313,1,39.325129654403526,maximum_decision_score
3,2043,6313-76958-0002,6313/76958,LibriSpeech_6313,LibriSpeech_6313,1,39.32567106120706,maximum_decision_score
3,2044,6313-76958-0003,6313/76958,LibriSpeech_6313,LibriSpeech_6313,1,39.325104799944654,maximum_decision_score
1,2045,6313-76958-0004,6313/76958,LibriSpeech_6313,LibriSpeech_6313,1,39.325988702967805,maximum_decision_score
4,2046,6313-76958-0005,6313/76958,LibriSpeech_6313,LibriSpeech_6313,1,39.32600881280108,maximum_decision_score
2,2047,6313-76958-0006,6313/76958,LibriSpeech_6313,LibriSpeech_6313,1,39.32547513133478,maximum_decision_score
4,2048,6313-76958-0007,6313/76958,LibriSpeech_6313,LibriSpeech_6313,1,39.32603584439846,maximum_decision_score
3,2049,6313-76958-0008,6313/76958,LibriSpeech_6313,LibriSpeech_6313,1,39.326429553897476,maximum_decision_score
2,2050,6313-76958-0009,6313/76958,LibriSpeech_6313,LibriSpeech_6313,1,39.32620431009761,maximum_decision_score
4,2051,6313-76958-0010,6313/76958,LibriSpeech_6313,LibriSpeech_6313,1,39.32613000444288,maximum_decision_score
4,2052,6313-76958-0011,6313/76958,LibriSpeech_6313,LibriSpeech_6313,1,39.32633641058788,maximum_decision_score
4,2053,6313-76958-0012,6313/76958,LibriSpeech_6313,LibriSpeech_6313,1,39.32583558326847,maximum_decision_score
4,2054,6313-76958-0013,6313/76958,LibriSpeech_6313,LibriSpeech_6313,1,39.325750142447866,maximum_decision_score
5,2055,6313-76958-0014,6313/76958,LibriSpeech_6313,LibriSpeech_6313,1,39.325759969895905,maximum_decision_score
5,2056,6313-76958-0015,6313/76958,LibriSpeech_6313,LibriSpeech_6313,1,39.32488325034316,maximum_decision_score
3,2057,6313-76958-0016,6313/76958,LibriSpeech_6313,LibriSpeech_6313,1,39.325801095916454,maximum_decision_score
3,2058,6313-76958-0017,6313/76958,LibriSpeech_6313,LibriSpeech_6313,1,39.325275211318406,maximum_decision_score
2,2059,6313-76958-0018,6313/76958,LibriSpeech_6313,LibriSpeech_6313,1,39.325568920145784,maximum_decision_score
5,2060,6313-76958-0019,6313/76958,LibriSpeech_6313,LibriSpeech_6313,1,39.325504510406425,maximum_decision_score
2,2061,6313-76958-0020,6313/76958,LibriSpeech_6313,LibriSpeech_6313,1,39.32545561098641,maximum_decision_score
3,2062,6313-76958-0021,6313/76958,LibriSpeech_6313,LibriSpeech_6313,1,39.32646337972964,maximum_decision_score
5,2063,6313-76958-0022,6313/76958,LibriSpeech_6313,LibriSpeech_6313,1,39.325289808093764,maximum_decision_score
3,2064,6313-76958-0023,6313/76958,LibriSpeech_6313,LibriSpeech_6313,1,39.32220092258347,maximum_decision_score
4,2065,6313-76958-0024,6313/76958,LibriSpeech_6313,LibriSpeech_6313,1,39.326189992409766,maximum_decision_score
5,2066,6313-76958-0025,6313/76958,LibriSpeech_6313,LibriSpeech_6313,1,39.326065544491314,maximum_decision_score
4,2067,6313-76958-0026,6313/76958,LibriSpeech_6313,LibriSpeech_6313,1,39.32646707289652,maximum_decision_score
1,2068,6313-76958-0027,6313/76958,LibriSpeech_6313,LibriSpeech_6313,1,39.32655943298735,maximum_decision_score
1,2069,6313-76958-0028,6313/76958,LibriSpeech_6313,LibriSpeech_6313,1,39.325534481718705,maximum_decision_score
4,2070,6313-76958-0029,6313/76958,LibriSpeech_6313,LibriSpeech_6313,1,39.32596348519254,maximum_decision_score
3,2071,6313-76958-0030,6313/76958,LibriSpeech_6313,LibriSpeech_6313,1,39.32448778420243,maximum_decision_score
5,2072,6313-76958-0031,6313/76958,LibriSpeech_6313,LibriSpeech_6313,1,39.32604520318672,maximum_decision_score
2,2073,6319-275224-0000,6319/275224,LibriSpeech_6319,LibriSpeech_6319,1,39.32591000464505,maximum_decision_score
5,2074,6319-275224-0001,6319/275224,LibriSpeech_6319,LibriSpeech_6319,1,39.32527695813936,maximum_decision_score
1,2075,6319-275224-0002,6319/275224,LibriSpeech_6319,LibriSpeech_6319,1,39.32387643536693,maximum_decision_score
2,2076,6319-275224-0003,6319/275224,LibriSpeech_6319,LibriSpeech_6319,1,39.32609997652301,maximum_decision_score
4,2077,6319-275224-0004,6319/275224,LibriSpeech_6319,LibriSpeech_6319,1,39.32472535828578,maximum_decision_score
1,2078,6319-275224-0005,6319/275224,LibriSpeech_6319,LibriSpeech_6319,1,39.32623843028806,maximum_decision_score
1,2079,6319-275224-0006,6319/275224,LibriSpeech_6319,LibriSpeech_6319,1,39.326370530520656,maximum_decision_score
5,2080,6319-275224-0007,6319/275224,LibriSpeech_6319,LibriSpeech_6319,1,39.3200726047398,maximum_decision_score
2,2081,6319-275224-0008,6319/275224,LibriSpeech_6319,LibriSpeech_6319,1,39.32603712380626,maximum_decision_score
1,2082,6319-275224-0009,6319/275224,LibriSpeech_6319,LibriSpeech_6319,1,39.325517024923144,maximum_decision_score
3,2083,6319-275224-0010,6319/275224,LibriSpeech_6319,LibriSpeech_6319,1,39.325536138676775,maximum_decision_score
5,2084,6319-275224-0011,6319/275224,LibriSpeech_6319,LibriSpeech_6319,1,39.32598134105634,maximum_decision_score
3,2085,6319-275224-0012,6319/275224,LibriSpeech_6319,LibriSpeech_6319,1,39.32661445479153,maximum_decision_score
1,2086,6319-275224-0013,6319/275224,LibriSpeech_6319,LibriSpeech_6319,1,39.32369964306659,maximum_decision_score
3,2087,6319-275224-0014,6319/275224,LibriSpeech_6319,LibriSpeech_6319,1,39.32518306903575,maximum_decision_score
1,2088,6319-275224-0015,6319/275224,LibriSpeech_6319,LibriSpeech_6319,1,39.32645945598646,maximum_decision_score
3,2089,6319-275224-0016,6319/275224,LibriSpeech_6319,LibriSpeech_6319,1,39.32619915193242,maximum_decision_score
1,2090,6319-275224-0017,6319/275224,LibriSpeech_6319,LibriSpeech_6319,1,39.326405966434535,maximum_decision_score
1,2091,6319-275224-0018,6319/275224,LibriSpeech_6319,LibriSpeech_6319,1,39.32627570645084,maximum_decision_score
2,2092,6319-275224-0019,6319/275224,LibriSpeech_6319,LibriSpeech_6319,1,39.32514202776148,maximum_decision_score
3,2093,6319-275224-0020,6319/275224,LibriSpeech_6319,LibriSpeech_6319,1,39.32533035022637,maximum_decision_score
4,2094,6319-57405-0000,6319/57405,LibriSpeech_6319,LibriSpeech_6319,1,39.32642097871378,maximum_decision_score
3,2095,6319-57405-0001,6319/57405,LibriSpeech_6319,LibriSpeech_6319,1,39.32619094872114,maximum_decision_score
3,2096,6319-57405-0002,6319/57405,LibriSpeech_6319,LibriSpeech_6319,1,39.32504745603891,maximum_decision_score
1,2097,6319-57405-0003,6319/57405,LibriSpeech_6319,LibriSpeech_6319,1,39.32577822409786,maximum_decision_score
1,2098,6319-57405-0004,6319/57405,LibriSpeech_6319,LibriSpeech_6319,1,39.32663439181642,maximum_decision_score
1,2099,6319-57405-0005,6319/57405,LibriSpeech_6319,LibriSpeech_6319,1,39.32529764495211,maximum_decision_score
4,2100,6319-57405-0006,6319/57405,LibriSpeech_6319,LibriSpeech_6319,1,39.32617089726022,maximum_decision_score
4,2101,6319-57405-0007,6319/57405,LibriSpeech_6319,LibriSpeech_6319,1,39.32422336712403,maximum_decision_score
4,2102,6319-57405-0008,6319/57405,LibriSpeech_6319,LibriSpeech_6319,1,39.325184793083785,maximum_decision_score
2,2103,6319-57405-0009,6319/57405,LibriSpeech_6319,LibriSpeech_6319,1,39.3254344578297,maximum_decision_score
5,2104,6319-57405-0010,6319/57405,LibriSpeech_6319,LibriSpeech_6319,1,39.3258067561073,maximum_decision_score
5,2105,6319-57405-0011,6319/57405,LibriSpeech_6319,LibriSpeech_6319,1,39.32600701128781,maximum_decision_score
4,2106,6319-57405-0012,6319/57405,LibriSpeech_6319,LibriSpeech_6319,1,39.32566712491854,maximum_decision_score
5,2107,6319-64726-0000,6319/64726,LibriSpeech_6319,LibriSpeech_6319,1,39.32579388997458,maximum_decision_score
5,2108,6319-64726-0001,6319/64726,LibriSpeech_6319,LibriSpeech_6319,1,39.325520217665655,maximum_decision_score
4,2109,6319-64726-0002,6319/64726,LibriSpeech_6319,LibriSpeech_6319,1,39.32629686058736,maximum_decision_score
4,2110,6319-64726-0003,6319/64726,LibriSpeech_6319,LibriSpeech_6319,1,39.32643402321145,maximum_decision_score
4,2111,6319-64726-0004,6319/64726,LibriSpeech_6319,LibriSpeech_6319,1,39.325961633113124,maximum_decision_score
3,2112,6319-64726-0005,6319/64726,LibriSpeech_6319,LibriSpeech_6319,1,39.32627513430495,maximum_decision_score
2,2113,6319-64726-0006,6319/64726,LibriSpeech_6319,LibriSpeech_6319,1,39.325942803043084,maximum_decision_score
5,2114,6319-64726-0007,6319/64726,LibriSpeech_6319,LibriSpeech_6319,1,39.32495226464537,maximum_decision_score
4,2115,6319-64726-0008,6319/64726,LibriSpeech_6319,LibriSpeech_6319,1,39.326107599022684,maximum_decision_score
3,2116,6319-64726-0009,6319/64726,LibriSpeech_6319,LibriSpeech_6319,1,39.32569521504235,maximum_decision_score
5,2117,6319-64726-0010,6319/64726,LibriSpeech_6319,LibriSpeech_6319,1,39.32482338657496,maximum_decision_score
2,2118,6319-64726-0011,6319/64726,LibriSpeech_6319,LibriSpeech_6319,1,39.325668478573895,maximum_decision_score
2,2119,6319-64726-0012,6319/64726,LibriSpeech_6319,LibriSpeech_6319,1,39.32682780114417,maximum_decision_score
2,2120,6319-64726-0013,6319/64726,LibriSpeech_6319,LibriSpeech_6319,1,39.32578490820311,maximum_decision_score
2,2121,6319-64726-0014,6319/64726,LibriSpeech_6319,LibriSpeech_6319,1,39.323801520035296,maximum_decision_score
5,2122,6319-64726-0015,6319/64726,LibriSpeech_6319,LibriSpeech_6319,1,39.32466976415616,maximum_decision_score
3,2123,6319-64726-0016,6319/64726,LibriSpeech_6319,LibriSpeech_6319,1,39.325874761070615,maximum_decision_score
3,2124,6319-64726-0017,6319/64726,LibriSpeech_6319,LibriSpeech_6319,1,39.326180425916306,maximum_decision_score
5,2125,6319-64726-0018,6319/64726,LibriSpeech_6319,LibriSpeech_6319,1,39.32509293877016,maximum_decision_score
4,2126,6319-64726-0019,6319/64726,LibriSpeech_6319,LibriSpeech_6319,1,39.32543835771856,maximum_decision_score
2,2127,6319-64726-0020,6319/64726,LibriSpeech_6319,LibriSpeech_6319,1,39.32637666788913,maximum_decision_score
4,2128,6345-64257-0000,6345/64257,LibriSpeech_6345,LibriSpeech_6345,1,39.32504584282693,maximum_decision_score
5,2129,6345-64257-0001,6345/64257,LibriSpeech_6345,LibriSpeech_6345,1,39.32586505351451,maximum_decision_score
1,2130,6345-64257-0002,6345/64257,LibriSpeech_6345,LibriSpeech_6345,1,39.32548535140813,maximum_decision_score
1,2131,6345-64257-0003,6345/64257,LibriSpeech_6345,LibriSpeech_6345,1,39.325863056256836,maximum_decision_score
1,2132,6345-64257-0004,6345/64257,LibriSpeech_6345,LibriSpeech_6345,1,39.325913890429,maximum_decision_score
3,2133,6345-64257-0005,6345/64257,LibriSpeech_6345,LibriSpeech_6345,1,39.325730116918216,maximum_decision_score
2,2134,6345-64257-0006,6345/64257,LibriSpeech_6345,LibriSpeech_6345,1,39.32591242710316,maximum_decision_score
2,2135,6345-64257-0007,6345/64257,LibriSpeech_6345,LibriSpeech_6345,1,39.325203990634805,maximum_decision_score
2,2136,6345-64257-0008,6345/64257,LibriSpeech_6345,LibriSpeech_6345,1,39.32411503031164,maximum_decision_score
2,2137,6345-64257-0009,6345/64257,LibriSpeech_6345,LibriSpeech_6345,1,39.32574573644452,maximum_decision_score
1,2138,6345-64257-0010,6345/64257,LibriSpeech_6345,LibriSpeech_6345,1,39.32705499443582,maximum_decision_score
5,2139,6345-64257-0011,6345/64257,LibriSpeech_6345,LibriSpeech_6345,1,39.32614060439932,maximum_decision_score
2,2140,6345-64257-0012,6345/64257,LibriSpeech_6345,LibriSpeech_6345,1,39.32397980292263,maximum_decision_score
4,2141,6345-64257-0013,6345/64257,LibriSpeech_6345,LibriSpeech_6345,1,39.32557291596968,maximum_decision_score
2,2142,6345-64257-0014,6345/64257,LibriSpeech_6345,LibriSpeech_6345,1,39.32472465872578,maximum_decision_score
5,2143,6345-64257-0015,6345/64257,LibriSpeech_6345,LibriSpeech_6345,1,39.32574098024582,maximum_decision_score
1,2144,6345-64257-0016,6345/64257,LibriSpeech_6345,LibriSpeech_6345,1,39.32590622033674,maximum_decision_score
4,2145,6345-64257-0017,6345/64257,LibriSpeech_6345,LibriSpeech_6345,1,39.324740580901484,maximum_decision_score
5,2146,6345-64257-0018,6345/64257,LibriSpeech_6345,LibriSpeech_6345,1,39.326758657249506,maximum_decision_score
1,2147,6345-64257-0019,6345/64257,LibriSpeech_6345,LibriSpeech_6345,1,39.326663535893616,maximum_decision_score
2,2148,6345-64257-0020,6345/64257,LibriSpeech_6345,LibriSpeech_6345,1,39.324003662801,maximum_decision_score
4,2149,6345-93302-0000,6345/93302,LibriSpeech_6345,LibriSpeech_6345,1,39.32551681326469,maximum_decision_score
5,2150,6345-93302-0001,6345/93302,LibriSpeech_6345,LibriSpeech_6345,1,39.325859025735035,maximum_decision_score
1,2151,6345-93302-0002,6345/93302,LibriSpeech_6345,LibriSpeech_6345,1,39.326019060063956,maximum_decision_score
3,2152,6345-93302-0003,6345/93302,LibriSpeech_6345,LibriSpeech_6345,1,39.32641533641149,maximum_decision_score
3,2153,6345-93302-0004,6345/93302,LibriSpeech_6345,LibriSpeech_6345,1,39.325879724318185,maximum_decision_score
2,2154,6345-93302-0005,6345/93302,LibriSpeech_6345,LibriSpeech_6345,1,39.325692573221616,maximum_decision_score
2,2155,6345-93302-0006,6345/93302,LibriSpeech_6345,LibriSpeech_6345,1,39.325538460381786,maximum_decision_score
3,2156,6345-93302-0007,6345/93302,LibriSpeech_6345,LibriSpeech_6345,1,39.32592730609235,maximum_decision_score
1,2157,6345-93302-0008,6345/93302,LibriSpeech_6345,LibriSpeech_6345,1,39.32524102957384,maximum_decision_score
4,2158,6345-93302-0009,6345/93302,LibriSpeech_6345,LibriSpeech_6345,1,39.325810438794086,maximum_decision_score
4,2159,6345-93302-0010,6345/93302,LibriSpeech_6345,LibriSpeech_6345,1,39.32666713043105,maximum_decision_score
1,2160,6345-93302-0011,6345/93302,LibriSpeech_6345,LibriSpeech_6345,1,39.326740665073814,maximum_decision_score
1,2161,6345-93302-0012,6345/93302,LibriSpeech_6345,LibriSpeech_6345,1,39.32631568848173,maximum_decision_score
3,2162,6345-93302-0013,6345/93302,LibriSpeech_6345,LibriSpeech_6345,1,39.325084890958436,maximum_decision_score
3,2163,6345-93302-0014,6345/93302,LibriSpeech_6345,LibriSpeech_6345,1,39.32628968726249,maximum_decision_score
3,2164,6345-93302-0015,6345/93302,LibriSpeech_6345,LibriSpeech_6345,1,39.324000984817665,maximum_decision_score
4,2165,6345-93302-0016,6345/93302,LibriSpeech_6345,LibriSpeech_6345,1,39.32583344482044,maximum_decision_score
4,2166,6345-93302-0017,6345/93302,LibriSpeech_6345,LibriSpeech_6345,1,39.32604546793413,maximum_decision_score
4,2167,6345-93302-0018,6345/93302,LibriSpeech_6345,LibriSpeech_6345,1,39.325143830613484,maximum_decision_score
5,2168,6345-93302-0019,6345/93302,LibriSpeech_6345,LibriSpeech_6345,1,39.32435270939603,maximum_decision_score
4,2169,6345-93302-0020,6345/93302,LibriSpeech_6345,LibriSpeech_6345,1,39.32596592670876,maximum_decision_score
2,2170,6345-93302-0021,6345/93302,LibriSpeech_6345,LibriSpeech_6345,1,39.32604161737841,maximum_decision_score
5,2171,6345-93302-0022,6345/93302,LibriSpeech_6345,LibriSpeech_6345,1,39.3254822632959,maximum_decision_score
5,2172,6345-93302-0023,6345/93302,LibriSpeech_6345,LibriSpeech_6345,1,39.32687992210304,maximum_decision_score
4,2173,6345-93302-0024,6345/93302,LibriSpeech_6345,LibriSpeech_6345,1,39.326176526678466,maximum_decision_score
3,2174,6345-93302-0025,6345/93302,LibriSpeech_6345,LibriSpeech_6345,1,39.31685886369089,maximum_decision_score
5,2175,6345-93302-0026,6345/93302,LibriSpeech_6345,LibriSpeech_6345,1,39.32598340501818,maximum_decision_score
3,2176,6345-93302-0027,6345/93302,LibriSpeech_6345,LibriSpeech_6345,1,39.32495795402447,maximum_decision_score
5,2177,6345-93302-0028,6345/93302,LibriSpeech_6345,LibriSpeech_6345,1,39.32608288373757,maximum_decision_score
2,2178,6345-93302-0029,6345/93302,LibriSpeech_6345,LibriSpeech_6345,1,39.32694150399623,maximum_decision_score
5,2179,6345-93306-0000,6345/93306,LibriSpeech_6345,LibriSpeech_6345,1,39.3263597957575,maximum_decision_score
5,2180,6345-93306-0001,6345/93306,LibriSpeech_6345,LibriSpeech_6345,1,39.32651511271704,maximum_decision_score
4,2181,6345-93306-0002,6345/93306,LibriSpeech_6345,LibriSpeech_6345,1,39.326269297355296,maximum_decision_score
5,2182,6345-93306-0003,6345/93306,LibriSpeech_6345,LibriSpeech_6345,1,39.32657825889402,maximum_decision_score
2,2183,6345-93306-0004,6345/93306,LibriSpeech_6345,LibriSpeech_6345,1,39.32587311171185,maximum_decision_score
1,2184,6345-93306-0005,6345/93306,LibriSpeech_6345,LibriSpeech_6345,1,39.32649202169887,maximum_decision_score
1,2185,6345-93306-0006,6345/93306,LibriSpeech_6345,LibriSpeech_6345,1,39.32647062133082,maximum_decision_score
3,2186,6345-93306-0007,6345/93306,LibriSpeech_6345,LibriSpeech_6345,1,39.325511306791846,maximum_decision_score
5,2187,6345-93306-0008,6345/93306,LibriSpeech_6345,LibriSpeech_6345,1,39.32727612221372,maximum_decision_score
4,2188,6345-93306-0009,6345/93306,LibriSpeech_6345,LibriSpeech_6345,1,39.32618392866076,maximum_decision_score
3,2189,6345-93306-0010,6345/93306,LibriSpeech_6345,LibriSpeech_6345,1,39.326588058091616,maximum_decision_score
2,2190,6345-93306-0011,6345/93306,LibriSpeech_6345,LibriSpeech_6345,1,39.32516060879821,maximum_decision_score
3,2191,6345-93306-0012,6345/93306,LibriSpeech_6345,LibriSpeech_6345,1,39.32675337942868,maximum_decision_score
2,2192,6345-93306-0013,6345/93306,LibriSpeech_6345,LibriSpeech_6345,1,39.3267504344896,maximum_decision_score
5,2193,6345-93306-0014,6345/93306,LibriSpeech_6345,LibriSpeech_6345,1,39.32583414858145,maximum_decision_score
3,2194,6345-93306-0015,6345/93306,LibriSpeech_6345,LibriSpeech_6345,1,39.32672100668405,maximum_decision_score
2,2195,6345-93306-0016,6345/93306,LibriSpeech_6345,LibriSpeech_6345,1,39.32586028597258,maximum_decision_score
4,2196,6345-93306-0017,6345/93306,LibriSpeech_6345,LibriSpeech_6345,1,39.32628246677343,maximum_decision_score
1,2197,6345-93306-0018,6345/93306,LibriSpeech_6345,LibriSpeech_6345,1,39.32717582604363,maximum_decision_score
4,2198,6345-93306-0019,6345/93306,LibriSpeech_6345,LibriSpeech_6345,1,39.32508006882694,maximum_decision_score
4,2199,6345-93306-0020,6345/93306,LibriSpeech_6345,LibriSpeech_6345,1,39.32645260981189,maximum_decision_score
3,2200,6345-93306-0021,6345/93306,LibriSpeech_6345,LibriSpeech_6345,1,39.32547098515405,maximum_decision_score
3,2201,6345-93306-0022,6345/93306,LibriSpeech_6345,LibriSpeech_6345,1,39.32691923428808,maximum_decision_score
1,2202,6345-93306-0023,6345/93306,LibriSpeech_6345,LibriSpeech_6345,1,39.32672757926363,maximum_decision_score
1,2203,6345-93306-0024,6345/93306,LibriSpeech_6345,LibriSpeech_6345,1,39.32627919015008,maximum_decision_score
3,2204,6345-93306-0025,6345/93306,LibriSpeech_6345,LibriSpeech_6345,1,39.32670735363655,maximum_decision_score
1,2205,652-129742-0000,652/129742,LibriSpeech_652,LibriSpeech_652,1,39.32664986766754,maximum_decision_score
1,2206,652-129742-0001,652/129742,LibriSpeech_652,LibriSpeech_652,1,39.325507534579216,maximum_decision_score
3,2207,652-129742-0002,652/129742,LibriSpeech_652,LibriSpeech_652,1,39.32527498861557,maximum_decision_score
4,2208,652-129742-0003,652/129742,LibriSpeech_652,LibriSpeech_652,1,39.32612263474476,maximum_decision_score
4,2209,652-129742-0004,652/129742,LibriSpeech_652,LibriSpeech_652,1,39.32508606515794,maximum_decision_score
4,2210,652-129742-0005,652/129742,LibriSpeech_652,LibriSpeech_652,1,39.325138328866046,maximum_decision_score
4,2211,652-129742-0006,652/129742,LibriSpeech_652,LibriSpeech_652,1,39.32637045470341,maximum_decision_score
3,2212,652-129742-0007,652/129742,LibriSpeech_652,LibriSpeech_652,1,39.32595211932913,maximum_decision_score
3,2213,652-129742-0008,652/129742,LibriSpeech_652,LibriSpeech_652,1,39.32607232296463,maximum_decision_score
5,2214,652-129742-0009,652/129742,LibriSpeech_652,LibriSpeech_652,1,39.32554068202047,maximum_decision_score
5,2215,652-129742-0010,652/129742,LibriSpeech_652,LibriSpeech_652,1,39.32438505719723,maximum_decision_score
5,2216,652-129742-0011,652/129742,LibriSpeech_652,LibriSpeech_652,1,39.325507871805804,maximum_decision_score
2,2217,652-129742-0012,652/129742,LibriSpeech_652,LibriSpeech_652,1,39.32611826206218,maximum_decision_score
1,2218,652-129742-0013,652/129742,LibriSpeech_652,LibriSpeech_652,1,39.32512886949782,maximum_decision_score
5,2219,652-129742-0014,652/129742,LibriSpeech_652,LibriSpeech_652,1,39.32458666667292,maximum_decision_score
5,2220,652-129742-0015,652/129742,LibriSpeech_652,LibriSpeech_652,1,39.325173388536534,maximum_decision_score
3,2221,652-129742-0016,652/129742,LibriSpeech_652,LibriSpeech_652,1,39.32618421749436,maximum_decision_score
4,2222,652-129742-0017,652/129742,LibriSpeech_652,LibriSpeech_652,1,39.32529448956936,maximum_decision_score
4,2223,652-129742-0018,652/129742,LibriSpeech_652,LibriSpeech_652,1,39.32586943759267,maximum_decision_score
2,2224,652-129742-0019,652/129742,LibriSpeech_652,LibriSpeech_652,1,39.326517705965706,maximum_decision_score
5,2225,652-129742-0020,652/129742,LibriSpeech_652,LibriSpeech_652,1,39.326103107352424,maximum_decision_score
3,2226,652-130726-0000,652/130726,LibriSpeech_652,LibriSpeech_652,1,39.326233905242525,maximum_decision_score
5,2227,652-130726-0001,652/130726,LibriSpeech_652,LibriSpeech_652,1,39.32589883249876,maximum_decision_score
5,2228,652-130726-0002,652/130726,LibriSpeech_652,LibriSpeech_652,1,39.32595956022241,maximum_decision_score
2,2229,652-130726-0003,652/130726,LibriSpeech_652,LibriSpeech_652,1,39.32569452635853,maximum_decision_score
4,2230,652-130726-0004,652/130726,LibriSpeech_652,LibriSpeech_652,1,39.32545305963969,maximum_decision_score
1,2231,652-130726-0005,652/130726,LibriSpeech_652,LibriSpeech_652,1,39.32550744625192,maximum_decision_score
2,2232,652-130726-0006,652/130726,LibriSpeech_652,LibriSpeech_652,1,39.32528958200791,maximum_decision_score
5,2233,652-130726-0007,652/130726,LibriSpeech_652,LibriSpeech_652,1,39.326051295789554,maximum_decision_score
5,2234,652-130726-0008,652/130726,LibriSpeech_652,LibriSpeech_652,1,39.32567727260544,maximum_decision_score
5,2235,652-130726-0009,652/130726,LibriSpeech_652,LibriSpeech_652,1,39.32554528772589,maximum_decision_score
1,2236,652-130726-0010,652/130726,LibriSpeech_652,LibriSpeech_652,1,39.32606169206051,maximum_decision_score
3,2237,652-130726-0011,652/130726,LibriSpeech_652,LibriSpeech_652,1,39.32556826353221,maximum_decision_score
1,2238,652-130726-0012,652/130726,LibriSpeech_652,LibriSpeech_652,1,39.324975511352996,maximum_decision_score
4,2239,652-130726-0013,652/130726,LibriSpeech_652,LibriSpeech_652,1,39.325540699311595,maximum_decision_score
2,2240,652-130726-0014,652/130726,LibriSpeech_652,LibriSpeech_652,1,39.325292499030894,maximum_decision_score
5,2241,652-130726-0015,652/130726,LibriSpeech_652,LibriSpeech_652,1,39.32523287535835,maximum_decision_score
3,2242,652-130726-0016,652/130726,LibriSpeech_652,LibriSpeech_652,1,39.32569380414789,maximum_decision_score
2,2243,652-130726-0017,652/130726,LibriSpeech_652,LibriSpeech_652,1,39.32599171488271,maximum_decision_score
1,2244,652-130726-0018,652/130726,LibriSpeech_652,LibriSpeech_652,1,39.325700332974186,maximum_decision_score
2,2245,652-130726-0019,652/130726,LibriSpeech_652,LibriSpeech_652,1,39.32590689530998,maximum_decision_score
4,2246,652-130726-0020,652/130726,LibriSpeech_652,LibriSpeech_652,1,39.32557851376092,maximum_decision_score
1,2247,652-130726-0021,652/130726,LibriSpeech_652,LibriSpeech_652,1,39.32502950258957,maximum_decision_score
3,2248,652-130726-0022,652/130726,LibriSpeech_652,LibriSpeech_652,1,39.325559614783614,maximum_decision_score
3,2249,652-130726-0023,652/130726,LibriSpeech_652,LibriSpeech_652,1,39.32599272868756,maximum_decision_score
3,2250,652-130726-0024,652/130726,LibriSpeech_652,LibriSpeech_652,1,39.32591153145928,maximum_decision_score
1,2251,652-130726-0025,652/130726,LibriSpeech_652,LibriSpeech_652,1,39.32391980004999,maximum_decision_score
2,2252,652-130726-0026,652/130726,LibriSpeech_652,LibriSpeech_652,1,39.32542326447163,maximum_decision_score
1,2253,652-130726-0027,652/130726,LibriSpeech_652,LibriSpeech_652,1,39.32431959069741,maximum_decision_score
4,2254,652-130726-0028,652/130726,LibriSpeech_652,LibriSpeech_652,1,39.32473086671528,maximum_decision_score
2,2255,652-130726-0029,652/130726,LibriSpeech_652,LibriSpeech_652,1,39.326185949068446,maximum_decision_score
1,2256,652-130726-0030,652/130726,LibriSpeech_652,LibriSpeech_652,1,39.32483599156924,maximum_decision_score
3,2257,652-130726-0031,652/130726,LibriSpeech_652,LibriSpeech_652,1,39.32570691558982,maximum_decision_score
2,2258,652-130726-0032,652/130726,LibriSpeech_652,LibriSpeech_652,1,39.32571390396188,maximum_decision_score
3,2259,652-130726-0033,652/130726,LibriSpeech_652,LibriSpeech_652,1,39.325954039359566,maximum_decision_score
2,2260,652-130726-0034,652/130726,LibriSpeech_652,LibriSpeech_652,1,39.32565866831607,maximum_decision_score
4,2261,652-130726-0035,652/130726,LibriSpeech_652,LibriSpeech_652,1,39.32632394837234,maximum_decision_score
1,2262,652-130737-0000,652/130737,LibriSpeech_652,LibriSpeech_652,1,39.32613118788988,maximum_decision_score
4,2263,652-130737-0001,652/130737,LibriSpeech_652,LibriSpeech_652,1,39.32658613915598,maximum_decision_score
4,2264,652-130737-0002,652/130737,LibriSpeech_652,LibriSpeech_652,1,39.32628025013793,maximum_decision_score
2,2265,652-130737-0003,652/130737,LibriSpeech_652,LibriSpeech_652,1,39.326171969271826,maximum_decision_score
2,2266,652-130737-0004,652/130737,LibriSpeech_652,LibriSpeech_652,1,39.32556550215623,maximum_decision_score
2,2267,652-130737-0005,652/130737,LibriSpeech_652,LibriSpeech_652,1,39.32652245372421,maximum_decision_score
4,2268,652-130737-0006,652/130737,LibriSpeech_652,LibriSpeech_652,1,39.32604354060157,maximum_decision_score
1,2269,652-130737-0007,652/130737,LibriSpeech_652,LibriSpeech_652,1,39.32615611262028,maximum_decision_score
5,2270,652-130737-0008,652/130737,LibriSpeech_652,LibriSpeech_652,1,39.32597459303846,maximum_decision_score
4,2271,652-130737-0009,652/130737,LibriSpeech_652,LibriSpeech_652,1,39.325387107974066,maximum_decision_score
3,2272,652-130737-0010,652/130737,LibriSpeech_652,LibriSpeech_652,1,39.325429505215716,maximum_decision_score
3,2273,652-130737-0011,652/130737,LibriSpeech_652,LibriSpeech_652,1,39.32521100278255,maximum_decision_score
5,2274,652-130737-0012,652/130737,LibriSpeech_652,LibriSpeech_652,1,39.325159564982734,maximum_decision_score
1,2275,652-130737-0013,652/130737,LibriSpeech_652,LibriSpeech_652,1,39.32449118123741,maximum_decision_score
4,2276,777-126732-0000,777/126732,LibriSpeech_777,LibriSpeech_777,1,39.32452567769514,maximum_decision_score
4,2277,777-126732-0001,777/126732,LibriSpeech_777,LibriSpeech_777,1,39.32640618857643,maximum_decision_score
1,2278,777-126732-0002,777/126732,LibriSpeech_777,LibriSpeech_777,1,39.32637078094747,maximum_decision_score
5,2279,777-126732-0003,777/126732,LibriSpeech_777,LibriSpeech_777,1,39.325948170409326,maximum_decision_score
4,2280,777-126732-0004,777/126732,LibriSpeech_777,LibriSpeech_777,1,39.325021901305796,maximum_decision_score
1,2281,777-126732-0005,777/126732,LibriSpeech_777,LibriSpeech_777,1,39.32609838465809,maximum_decision_score
5,2282,777-126732-0006,777/126732,LibriSpeech_777,LibriSpeech_777,1,39.32597675787569,maximum_decision_score
1,2283,777-126732-0007,777/126732,LibriSpeech_777,LibriSpeech_777,1,39.325858240968515,maximum_decision_score
4,2284,777-126732-0008,777/126732,LibriSpeech_777,LibriSpeech_777,1,39.325842697711145,maximum_decision_score
1,2285,777-126732-0009,777/126732,LibriSpeech_777,LibriSpeech_777,1,39.32622699236154,maximum_decision_score
3,2286,777-126732-0010,777/126732,LibriSpeech_777,LibriSpeech_777,1,39.323649446067016,maximum_decision_score
4,2287,777-126732-0011,777/126732,LibriSpeech_777,LibriSpeech_777,1,39.32696925612066,maximum_decision_score
4,2288,777-126732-0012,777/126732,LibriSpeech_777,LibriSpeech_777,1,39.32575066497998,maximum_decision_score
4,2289,777-126732-0013,777/126732,LibriSpeech_777,LibriSpeech_777,1,39.325881634213154,maximum_decision_score
5,2290,777-126732-0014,777/126732,LibriSpeech_777,LibriSpeech_777,1,39.325562693700974,maximum_decision_score
3,2291,777-126732-0015,777/126732,LibriSpeech_777,LibriSpeech_777,1,39.325974302123136,maximum_decision_score
5,2292,777-126732-0016,777/126732,LibriSpeech_777,LibriSpeech_777,1,39.32593935547427,maximum_decision_score
4,2293,777-126732-0017,777/126732,LibriSpeech_777,LibriSpeech_777,1,39.32512409185615,maximum_decision_score
5,2294,777-126732-0018,777/126732,LibriSpeech_777,LibriSpeech_777,1,39.324405786839826,maximum_decision_score
2,2295,777-126732-0019,777/126732,LibriSpeech_777,LibriSpeech_777,1,39.32614755865039,maximum_decision_score
3,2296,777-126732-0020,777/126732,LibriSpeech_777,LibriSpeech_777,1,39.32466073530612,maximum_decision_score
5,2297,777-126732-0021,777/126732,LibriSpeech_777,LibriSpeech_777,1,39.326119296405565,maximum_decision_score
2,2298,777-126732-0022,777/126732,LibriSpeech_777,LibriSpeech_777,1,39.325579372629804,maximum_decision_score
5,2299,777-126732-0023,777/126732,LibriSpeech_777,LibriSpeech_777,1,39.32599895723121,maximum_decision_score
4,2300,777-126732-0024,777/126732,LibriSpeech_777,LibriSpeech_777,1,39.32620137052913,maximum_decision_score
2,2301,777-126732-0025,777/126732,LibriSpeech_777,LibriSpeech_777,1,39.32561114808318,maximum_decision_score
3,2302,777-126732-0026,777/126732,LibriSpeech_777,LibriSpeech_777,1,39.32573054904547,maximum_decision_score
2,2303,777-126732-0027,777/126732,LibriSpeech_777,LibriSpeech_777,1,39.32579060384902,maximum_decision_score
4,2304,777-126732-0028,777/126732,LibriSpeech_777,LibriSpeech_777,1,39.32550400086973,maximum_decision_score
5,2305,777-126732-0029,777/126732,LibriSpeech_777,LibriSpeech_777,1,39.32429991544883,maximum_decision_score
1,2306,777-126732-0030,777/126732,LibriSpeech_777,LibriSpeech_777,1,39.326085645861596,maximum_decision_score
1,2307,777-126732-0031,777/126732,LibriSpeech_777,LibriSpeech_777,1,39.32593267215122,maximum_decision_score
3,2308,777-126732-0032,777/126732,LibriSpeech_777,LibriSpeech_777,1,39.32615555288705,maximum_decision_score
1,2309,777-126732-0033,777/126732,LibriSpeech_777,LibriSpeech_777,1,39.326216573847034,maximum_decision_score
4,2310,777-126732-0034,777/126732,LibriSpeech_777,LibriSpeech_777,1,39.32630627723906,maximum_decision_score
4,2311,777-126732-0035,777/126732,LibriSpeech_777,LibriSpeech_777,1,39.32602014522385,maximum_decision_score
1,2312,777-126732-0036,777/126732,LibriSpeech_777,LibriSpeech_777,1,39.3261309034043,maximum_decision_score
3,2313,777-126732-0037,777/126732,LibriSpeech_777,LibriSpeech_777,1,39.32600268581719,maximum_decision_score
5,2314,777-126732-0038,777/126732,LibriSpeech_777,LibriSpeech_777,1,39.32452117661209,maximum_decision_score
2,2315,777-126732-0039,777/126732,LibriSpeech_777,LibriSpeech_777,1,39.32531409865429,maximum_decision_score
3,2316,777-126732-0040,777/126732,LibriSpeech_777,LibriSpeech_777,1,39.32560581601004,maximum_decision_score
2,2317,777-126732-0041,777/126732,LibriSpeech_777,LibriSpeech_777,1,39.32560509870788,maximum_decision_score
2,2318,777-126732-0042,777/126732,LibriSpeech_777,LibriSpeech_777,1,39.32662553612498,maximum_decision_score
3,2319,777-126732-0043,777/126732,LibriSpeech_777,LibriSpeech_777,1,39.326012795795044,maximum_decision_score
1,2320,777-126732-0044,777/126732,LibriSpeech_777,LibriSpeech_777,1,39.3266746540199,maximum_decision_score
1,2321,777-126732-0045,777/126732,LibriSpeech_777,LibriSpeech_777,1,39.32624654159935,maximum_decision_score
4,2322,777-126732-0046,777/126732,LibriSpeech_777,LibriSpeech_777,1,39.326396476345224,maximum_decision_score
5,2323,777-126732-0047,777/126732,LibriSpeech_777,LibriSpeech_777,1,39.32615883355383,maximum_decision_score
3,2324,777-126732-0048,777/126732,LibriSpeech_777,LibriSpeech_777,1,39.326103669935726,maximum_decision_score
2,2325,777-126732-0049,777/126732,LibriSpeech_777,LibriSpeech_777,1,39.32682986160283,maximum_decision_score
5,2326,777-126732-0050,777/126732,LibriSpeech_777,LibriSpeech_777,1,39.32666015908853,maximum_decision_score
2,2327,777-126732-0051,777/126732,LibriSpeech_777,LibriSpeech_777,1,39.32676470972073,maximum_decision_score
2,2328,777-126732-0052,777/126732,LibriSpeech_777,LibriSpeech_777,1,39.326992946787094,maximum_decision_score
5,2329,777-126732-0053,777/126732,LibriSpeech_777,LibriSpeech_777,1,39.3265415182678,maximum_decision_score
5,2330,777-126732-0054,777/126732,LibriSpeech_777,LibriSpeech_777,1,39.32572467457779,maximum_decision_score
3,2331,777-126732-0055,777/126732,LibriSpeech_777,LibriSpeech_777,1,39.32628918505421,maximum_decision_score
5,2332,777-126732-0056,777/126732,LibriSpeech_777,LibriSpeech_777,1,39.32605197869387,maximum_decision_score
4,2333,777-126732-0057,777/126732,LibriSpeech_777,LibriSpeech_777,1,39.326166199874706,maximum_decision_score
2,2334,777-126732-0058,777/126732,LibriSpeech_777,LibriSpeech_777,1,39.3253511668615,maximum_decision_score
3,2335,777-126732-0059,777/126732,LibriSpeech_777,LibriSpeech_777,1,39.32596705639388,maximum_decision_score
1,2336,777-126732-0060,777/126732,LibriSpeech_777,LibriSpeech_777,1,39.326080652808564,maximum_decision_score
3,2337,777-126732-0061,777/126732,LibriSpeech_777,LibriSpeech_777,1,39.325460064896426,maximum_decision_score
2,2338,777-126732-0062,777/126732,LibriSpeech_777,LibriSpeech_777,1,39.32418986929795,maximum_decision_score
3,2339,777-126732-0063,777/126732,LibriSpeech_777,LibriSpeech_777,1,39.32570368083172,maximum_decision_score
2,2340,777-126732-0064,777/126732,LibriSpeech_777,LibriSpeech_777,1,39.32665609558493,maximum_decision_score
1,2341,777-126732-0065,777/126732,LibriSpeech_777,LibriSpeech_777,1,39.326180086254126,maximum_decision_score
4,2342,777-126732-0066,777/126732,LibriSpeech_777,LibriSpeech_777,1,39.32611157645044,maximum_decision_score
3,2343,777-126732-0067,777/126732,LibriSpeech_777,LibriSpeech_777,1,39.325730516976016,maximum_decision_score
5,2344,777-126732-0068,777/126732,LibriSpeech_777,LibriSpeech_777,1,39.32522749245574,maximum_decision_score
1,2345,777-126732-0069,777/126732,LibriSpeech_777,LibriSpeech_777,1,39.32585442723698,maximum_decision_score
4,2346,777-126732-0070,777/126732,LibriSpeech_777,LibriSpeech_777,1,39.32621744800213,maximum_decision_score
3,2347,777-126732-0071,777/126732,LibriSpeech_777,LibriSpeech_777,1,39.325921282561396,maximum_decision_score
2,2348,777-126732-0072,777/126732,LibriSpeech_777,LibriSpeech_777,1,39.3255919396524,maximum_decision_score
1,2349,777-126732-0073,777/126732,LibriSpeech_777,LibriSpeech_777,1,39.32464891498473,maximum_decision_score
1,2350,777-126732-0074,777/126732,LibriSpeech_777,LibriSpeech_777,1,39.324938058365674,maximum_decision_score
5,2351,777-126732-0075,777/126732,LibriSpeech_777,LibriSpeech_777,1,39.324789582438534,maximum_decision_score
1,2352,777-126732-0076,777/126732,LibriSpeech_777,LibriSpeech_777,1,39.32580704613337,maximum_decision_score
2,2353,777-126732-0077,777/126732,LibriSpeech_777,LibriSpeech_777,1,39.32656058600324,maximum_decision_score
1,2354,777-126732-0078,777/126732,LibriSpeech_777,LibriSpeech_777,1,39.32636354339243,maximum_decision_score
5,2355,777-126732-0079,777/126732,LibriSpeech_777,LibriSpeech_777,1,39.32618398611229,maximum_decision_score
2,2356,777-126732-0080,777/126732,LibriSpeech_777,LibriSpeech_777,1,39.32438847996795,maximum_decision_score
3,2357,777-126732-0081,777/126732,LibriSpeech_777,LibriSpeech_777,1,39.3230569119211,maximum_decision_score
2,2358,7850-111771-0000,7850/111771,LibriSpeech_7850,LibriSpeech_7850,1,39.3262789594608,maximum_decision_score
5,2359,7850-111771-0001,7850/111771,LibriSpeech_7850,LibriSpeech_7850,1,39.32565749133265,maximum_decision_score
1,2360,7850-111771-0002,7850/111771,LibriSpeech_7850,LibriSpeech_7850,1,39.3266694789555,maximum_decision_score
4,2361,7850-111771-0003,7850/111771,LibriSpeech_7850,LibriSpeech_7850,1,39.325016690486194,maximum_decision_score
4,2362,7850-111771-0004,7850/111771,LibriSpeech_7850,LibriSpeech_7850,1,39.32626168188648,maximum_decision_score
5,2363,7850-111771-0005,7850/111771,LibriSpeech_7850,LibriSpeech_7850,1,39.3261022732457,maximum_decision_score
3,2364,7850-111771-0006,7850/111771,LibriSpeech_7850,LibriSpeech_7850,1,39.326010785430135,maximum_decision_score
4,2365,7850-111771-0007,7850/111771,LibriSpeech_7850,LibriSpeech_7850,1,39.32592712318648,maximum_decision_score
4,2366,7850-111771-0008,7850/111771,LibriSpeech_7850,LibriSpeech_7850,1,39.3256250459005,maximum_decision_score
4,2367,7850-111771-0009,7850/111771,LibriSpeech_7850,LibriSpeech_7850,1,39.325862030695546,maximum_decision_score
3,2368,7850-281318-0000,7850/281318,LibriSpeech_7850,LibriSpeech_7850,1,39.32537752546709,maximum_decision_score
5,2369,7850-281318-0001,7850/281318,LibriSpeech_7850,LibriSpeech_7850,1,39.32365871799145,maximum_decision_score
1,2370,7850-281318-0002,7850/281318,LibriSpeech_7850,LibriSpeech_7850,1,39.327027539608224,maximum_decision_score
3,2371,7850-281318-0003,7850/281318,LibriSpeech_7850,LibriSpeech_7850,1,39.32409782212002,maximum_decision_score
1,2372,7850-281318-0004,7850/281318,LibriSpeech_7850,LibriSpeech_7850,1,39.32540793708173,maximum_decision_score
1,2373,7850-281318-0005,7850/281318,LibriSpeech_7850,LibriSpeech_7850,1,39.324949271088194,maximum_decision_score
2,2374,7850-281318-0006,7850/281318,LibriSpeech_7850,LibriSpeech_7850,1,39.326239059612504,maximum_decision_score
2,2375,7850-281318-0007,7850/281318,LibriSpeech_7850,LibriSpeech_7850,1,39.326282359803564,maximum_decision_score
5,2376,7850-281318-0008,7850/281318,LibriSpeech_7850,LibriSpeech_7850,1,39.326023574563024,maximum_decision_score
5,2377,7850-281318-0009,7850/281318,LibriSpeech_7850,LibriSpeech_7850,1,39.32592706403667,maximum_decision_score
2,2378,7850-281318-0010,7850/281318,LibriSpeech_7850,LibriSpeech_7850,1,39.32638930963956,maximum_decision_score
3,2379,7850-281318-0011,7850/281318,LibriSpeech_7850,LibriSpeech_7850,1,39.326406302970376,maximum_decision_score
3,2380,7850-281318-0012,7850/281318,LibriSpeech_7850,LibriSpeech_7850,1,39.324607132124754,maximum_decision_score
2,2381,7850-281318-0013,7850/281318,LibriSpeech_7850,LibriSpeech_7850,1,39.32618540781611,maximum_decision_score
1,2382,7850-281318-0014,7850/281318,LibriSpeech_7850,LibriSpeech_7850,1,39.32621777617429,maximum_decision_score
5,2383,7850-281318-0015,7850/281318,LibriSpeech_7850,LibriSpeech_7850,1,39.32424905177541,maximum_decision_score
3,2384,7850-281318-0016,7850/281318,LibriSpeech_7850,LibriSpeech_7850,1,39.32711252757106,maximum_decision_score
2,2385,7850-281318-0017,7850/281318,LibriSpeech_7850,LibriSpeech_7850,1,39.32601997704323,maximum_decision_score
5,2386,7850-281318-0018,7850/281318,LibriSpeech_7850,LibriSpeech_7850,1,39.32640587546202,maximum_decision_score
4,2387,7850-281318-0019,7850/281318,LibriSpeech_7850,LibriSpeech_7850,1,39.32650923873809,maximum_decision_score
1,2388,7850-281318-0020,7850/281318,LibriSpeech_7850,LibriSpeech_7850,1,39.32508620342042,maximum_decision_score
5,2389,7850-281318-0021,7850/281318,LibriSpeech_7850,LibriSpeech_7850,1,39.32661274382324,maximum_decision_score
1,2390,7850-281318-0022,7850/281318,LibriSpeech_7850,LibriSpeech_7850,1,39.3255648140619,maximum_decision_score
1,2391,7850-281318-0023,7850/281318,LibriSpeech_7850,LibriSpeech_7850,1,39.32670346259189,maximum_decision_score
2,2392,7850-286674-0000,7850/286674,LibriSpeech_7850,LibriSpeech_7850,1,39.325950220456534,maximum_decision_score
2,2393,7850-286674-0001,7850/286674,LibriSpeech_7850,LibriSpeech_7850,1,39.324802888968094,maximum_decision_score
3,2394,7850-286674-0002,7850/286674,LibriSpeech_7850,LibriSpeech_7850,1,39.326958113467704,maximum_decision_score
2,2395,7850-286674-0003,7850/286674,LibriSpeech_7850,LibriSpeech_7850,1,39.32592722414401,maximum_decision_score
4,2396,7850-286674-0004,7850/286674,LibriSpeech_7850,LibriSpeech_7850,1,39.326635652469925,maximum_decision_score
1,2397,7850-286674-0005,7850/286674,LibriSpeech_7850,LibriSpeech_7850,1,39.32618678862706,maximum_decision_score
5,2398,7850-286674-0006,7850/286674,LibriSpeech_7850,LibriSpeech_7850,1,39.32687799616506,maximum_decision_score
5,2399,7850-286674-0007,7850/286674,LibriSpeech_7850,LibriSpeech_7850,1,39.324514488960574,maximum_decision_score
3,2400,7850-286674-0008,7850/286674,LibriSpeech_7850,LibriSpeech_7850,1,39.32548952302742,maximum_decision_score
3,2401,7850-286674-0009,7850/286674,LibriSpeech_7850,LibriSpeech_7850,1,39.32568016195466,maximum_decision_score
5,2402,7850-286674-0010,7850/286674,LibriSpeech_7850,LibriSpeech_7850,1,39.32483969873556,maximum_decision_score
2,2403,7850-286674-0011,7850/286674,LibriSpeech_7850,LibriSpeech_7850,1,39.32633340311752,maximum_decision_score
5,2404,7850-286674-0012,7850/286674,LibriSpeech_7850,LibriSpeech_7850,1,39.32465837102587,maximum_decision_score
5,2405,7850-286674-0013,7850/286674,LibriSpeech_7850,LibriSpeech_7850,1,39.32487854748118,maximum_decision_score
5,2406,7850-286674-0014,7850/286674,LibriSpeech_7850,LibriSpeech_7850,1,39.32519653932134,maximum_decision_score
2,2407,7850-286674-0015,7850/286674,LibriSpeech_7850,LibriSpeech_7850,1,39.32582843058671,maximum_decision_score
4,2408,7850-286674-0016,7850/286674,LibriSpeech_7850,LibriSpeech_7850,1,39.32593176775324,maximum_decision_score
1,2409,7850-286674-0017,7850/286674,LibriSpeech_7850,LibriSpeech_7850,1,39.32660627507891,maximum_decision_score
3,2410,7850-73752-0000,7850/73752,LibriSpeech_7850,LibriSpeech_7850,1,39.32552280082863,maximum_decision_score
3,2411,7850-73752-0001,7850/73752,LibriSpeech_7850,LibriSpeech_7850,1,39.326540324332235,maximum_decision_score
1,2412,7850-73752-0002,7850/73752,LibriSpeech_7850,LibriSpeech_7850,1,39.32567835135603,maximum_decision_score
4,2413,7850-73752-0003,7850/73752,LibriSpeech_7850,LibriSpeech_7850,1,39.32624177584548,maximum_decision_score
4,2414,7850-73752-0004,7850/73752,LibriSpeech_7850,LibriSpeech_7850,1,39.32539386356403,maximum_decision_score
1,2415,7850-73752-0005,7850/73752,LibriSpeech_7850,LibriSpeech_7850,1,39.32559558060257,maximum_decision_score
1,2416,7850-73752-0006,7850/73752,LibriSpeech_7850,LibriSpeech_7850,1,39.32652163594804,maximum_decision_score
4,2417,7850-73752-0007,7850/73752,LibriSpeech_7850,LibriSpeech_7850,1,39.3260628664137,maximum_decision_score
1,2418,7850-73752-0008,7850/73752,LibriSpeech_7850,LibriSpeech_7850,1,39.32584927239849,maximum_decision_score
1,2419,7850-73752-0009,7850/73752,LibriSpeech_7850,LibriSpeech_7850,1,39.32532276628438,maximum_decision_score
4,2420,7850-73752-0010,7850/73752,LibriSpeech_7850,LibriSpeech_7850,1,39.32611767070246,maximum_decision_score
2,2421,7850-73752-0011,7850/73752,LibriSpeech_7850,LibriSpeech_7850,1,39.323400430315424,maximum_decision_score
2,2422,7850-73752-0012,7850/73752,LibriSpeech_7850,LibriSpeech_7850,1,39.323936505637654,maximum_decision_score
3,2423,7850-73752-0013,7850/73752,LibriSpeech_7850,LibriSpeech_7850,1,39.3261127196355,maximum_decision_score
3,2424,7850-73752-0014,7850/73752,LibriSpeech_7850,LibriSpeech_7850,1,39.3243131675147,maximum_decision_score
4,2425,7850-73752-0015,7850/73752,LibriSpeech_7850,LibriSpeech_7850,1,39.325989152404524,maximum_decision_score
2,2426,7850-73752-0016,7850/73752,LibriSpeech_7850,LibriSpeech_7850,1,39.32519804554452,maximum_decision_score
3,2427,7850-73752-0017,7850/73752,LibriSpeech_7850,LibriSpeech_7850,1,39.32540022361876,maximum_decision_score
4,2428,7850-73752-0018,7850/73752,LibriSpeech_7850,LibriSpeech_7850,1,39.32608142987033,maximum_decision_score
2,2429,7850-73752-0019,7850/73752,LibriSpeech_7850,LibriSpeech_7850,1,39.32448062280632,maximum_decision_score
5,2430,7976-105575-0000,7976/105575,LibriSpeech_7976,LibriSpeech_7976,1,39.32580074996473,maximum_decision_score
5,2431,7976-105575-0001,7976/105575,LibriSpeech_7976,LibriSpeech_7976,1,39.32597324848403,maximum_decision_score
2,2432,7976-105575-0002,7976/105575,LibriSpeech_7976,LibriSpeech_7976,1,39.32540611294998,maximum_decision_score
1,2433,7976-105575-0003,7976/105575,LibriSpeech_7976,LibriSpeech_7976,1,39.32542395627322,maximum_decision_score
5,2434,7976-105575-0004,7976/105575,LibriSpeech_7976,LibriSpeech_7976,1,39.325301827347495,maximum_decision_score
2,2435,7976-105575-0005,7976/105575,LibriSpeech_7976,LibriSpeech_7976,1,39.32477507673015,maximum_decision_score
3,2436,7976-105575-0006,7976/105575,LibriSpeech_7976,LibriSpeech_7976,1,39.325611321106656,maximum_decision_score
1,2437,7976-105575-0007,7976/105575,LibriSpeech_7976,LibriSpeech_7976,1,39.325489606635244,maximum_decision_score
4,2438,7976-105575-0008,7976/105575,LibriSpeech_7976,LibriSpeech_7976,1,39.32598556844887,maximum_decision_score
2,2439,7976-105575-0009,7976/105575,LibriSpeech_7976,LibriSpeech_7976,1,39.323720514690294,maximum_decision_score
1,2440,7976-105575-0010,7976/105575,LibriSpeech_7976,LibriSpeech_7976,1,39.32558258909161,maximum_decision_score
2,2441,7976-105575-0011,7976/105575,LibriSpeech_7976,LibriSpeech_7976,1,39.32563717932478,maximum_decision_score
4,2442,7976-105575-0012,7976/105575,LibriSpeech_7976,LibriSpeech_7976,1,39.32556925144474,maximum_decision_score
4,2443,7976-105575-0013,7976/105575,LibriSpeech_7976,LibriSpeech_7976,1,39.326391624765364,maximum_decision_score
2,2444,7976-105575-0014,7976/105575,LibriSpeech_7976,LibriSpeech_7976,1,39.325441851215345,maximum_decision_score
3,2445,7976-105575-0015,7976/105575,LibriSpeech_7976,LibriSpeech_7976,1,39.32559047170213,maximum_decision_score
1,2446,7976-105575-0016,7976/105575,LibriSpeech_7976,LibriSpeech_7976,1,39.326125701151796,maximum_decision_score
1,2447,7976-105575-0017,7976/105575,LibriSpeech_7976,LibriSpeech_7976,1,39.32653373394201,maximum_decision_score
4,2448,7976-105575-0018,7976/105575,LibriSpeech_7976,LibriSpeech_7976,1,39.32603306517633,maximum_decision_score
2,2449,7976-105575-0019,7976/105575,LibriSpeech_7976,LibriSpeech_7976,1,39.32560273588494,maximum_decision_score
4,2450,7976-105575-0020,7976/105575,LibriSpeech_7976,LibriSpeech_7976,1,39.32632171635556,maximum_decision_score
4,2451,7976-105575-0021,7976/105575,LibriSpeech_7976,LibriSpeech_7976,1,39.32560727326794,maximum_decision_score
4,2452,7976-105575-0022,7976/105575,LibriSpeech_7976,LibriSpeech_7976,1,39.32636341907584,maximum_decision_score
5,2453,7976-105575-0023,7976/105575,LibriSpeech_7976,LibriSpeech_7976,1,39.32560555180695,maximum_decision_score
1,2454,7976-105575-0024,7976/105575,LibriSpeech_7976,LibriSpeech_7976,1,39.325395613045664,maximum_decision_score
1,2455,7976-105575-0025,7976/105575,LibriSpeech_7976,LibriSpeech_7976,1,39.3260392984502,maximum_decision_score
2,2456,7976-105575-0026,7976/105575,LibriSpeech_7976,LibriSpeech_7976,1,39.3253565297568,maximum_decision_score
3,2457,7976-105575-0027,7976/105575,LibriSpeech_7976,LibriSpeech_7976,1,39.32499530770785,maximum_decision_score
5,2458,7976-105575-0028,7976/105575,LibriSpeech_7976,LibriSpeech_7976,1,39.326567903618994,maximum_decision_score
2,2459,7976-105575-0029,7976/105575,LibriSpeech_7976,LibriSpeech_7976,1,39.32561175861451,maximum_decision_score
2,2460,7976-110124-0000,7976/110124,LibriSpeech_7976,LibriSpeech_7976,1,39.32481274439834,maximum_decision_score
1,2461,7976-110124-0001,7976/110124,LibriSpeech_7976,LibriSpeech_7976,1,39.32562243754441,maximum_decision_score
4,2462,7976-110124-0002,7976/110124,LibriSpeech_7976,LibriSpeech_7976,1,39.32557279759349,maximum_decision_score
5,2463,7976-110124-0003,7976/110124,LibriSpeech_7976,LibriSpeech_7976,1,39.32535497580366,maximum_decision_score
3,2464,7976-110124-0004,7976/110124,LibriSpeech_7976,LibriSpeech_7976,1,39.325531258017115,maximum_decision_score
2,2465,7976-110124-0005,7976/110124,LibriSpeech_7976,LibriSpeech_7976,1,39.325553342704005,maximum_decision_score
2,2466,7976-110124-0006,7976/110124,LibriSpeech_7976,LibriSpeech_7976,1,39.32521410398743,maximum_decision_score
1,2467,7976-110124-0007,7976/110124,LibriSpeech_7976,LibriSpeech_7976,1,39.324742763701636,maximum_decision_score
5,2468,7976-110124-0008,7976/110124,LibriSpeech_7976,LibriSpeech_7976,1,39.32620607117103,maximum_decision_score
5,2469,7976-110124-0009,7976/110124,LibriSpeech_7976,LibriSpeech_7976,1,39.32623789513379,maximum_decision_score
1,2470,7976-110124-0010,7976/110124,LibriSpeech_7976,LibriSpeech_7976,1,39.325830818423185,maximum_decision_score
2,2471,7976-110124-0011,7976/110124,LibriSpeech_7976,LibriSpeech_7976,1,39.32614609694206,maximum_decision_score
5,2472,7976-110124-0012,7976/110124,LibriSpeech_7976,LibriSpeech_7976,1,39.32577681489077,maximum_decision_score
5,2473,7976-110124-0013,7976/110124,LibriSpeech_7976,LibriSpeech_7976,1,39.32622047415987,maximum_decision_score
1,2474,7976-110124-0014,7976/110124,LibriSpeech_7976,LibriSpeech_7976,1,39.32589216261367,maximum_decision_score
4,2475,7976-110124-0015,7976/110124,LibriSpeech_7976,LibriSpeech_7976,1,39.32610373929915,maximum_decision_score
3,2476,7976-110124-0016,7976/110124,LibriSpeech_7976,LibriSpeech_7976,1,39.3258578302169,maximum_decision_score
5,2477,7976-110124-0017,7976/110124,LibriSpeech_7976,LibriSpeech_7976,1,39.326226294822476,maximum_decision_score
3,2478,7976-110124-0018,7976/110124,LibriSpeech_7976,LibriSpeech_7976,1,39.32610182478746,maximum_decision_score
3,2479,7976-110124-0019,7976/110124,LibriSpeech_7976,LibriSpeech_7976,1,39.323107341495465,maximum_decision_score
3,2480,7976-110124-0020,7976/110124,LibriSpeech_7976,LibriSpeech_7976,1,39.32593949151073,maximum_decision_score
3,2481,7976-110124-0021,7976/110124,LibriSpeech_7976,LibriSpeech_7976,1,39.3273991922916,maximum_decision_score
3,2482,7976-110124-0022,7976/110124,LibriSpeech_7976,LibriSpeech_7976,1,39.32503387319911,maximum_decision_score
3,2483,7976-110124-0023,7976/110124,LibriSpeech_7976,LibriSpeech_7976,1,39.32543808701944,maximum_decision_score
1,2484,7976-110124-0024,7976/110124,LibriSpeech_7976,LibriSpeech_7976,1,39.32599851539015,maximum_decision_score
3,2485,7976-110124-0025,7976/110124,LibriSpeech_7976,LibriSpeech_7976,1,39.326263802133425,maximum_decision_score
4,2486,7976-110523-0000,7976/110523,LibriSpeech_7976,LibriSpeech_7976,1,39.325701575454445,maximum_decision_score
5,2487,7976-110523-0001,7976/110523,LibriSpeech_7976,LibriSpeech_7976,1,39.32524582200555,maximum_decision_score
4,2488,7976-110523-0002,7976/110523,LibriSpeech_7976,LibriSpeech_7976,1,39.326093077673804,maximum_decision_score
4,2489,7976-110523-0003,7976/110523,LibriSpeech_7976,LibriSpeech_7976,1,39.32584210518057,maximum_decision_score
4,2490,7976-110523-0004,7976/110523,LibriSpeech_7976,LibriSpeech_7976,1,39.32527498113097,maximum_decision_score
4,2491,7976-110523-0005,7976/110523,LibriSpeech_7976,LibriSpeech_7976,1,39.325837593731784,maximum_decision_score
1,2492,7976-110523-0006,7976/110523,LibriSpeech_7976,LibriSpeech_7976,1,39.32632210475794,maximum_decision_score
1,2493,7976-110523-0007,7976/110523,LibriSpeech_7976,LibriSpeech_7976,1,39.32576960172316,maximum_decision_score
2,2494,7976-110523-0008,7976/110523,LibriSpeech_7976,LibriSpeech_7976,1,39.32512182815949,maximum_decision_score
1,2495,7976-110523-0009,7976/110523,LibriSpeech_7976,LibriSpeech_7976,1,39.32555618590613,maximum_decision_score
3,2496,7976-110523-0010,7976/110523,LibriSpeech_7976,LibriSpeech_7976,1,39.32517579174033,maximum_decision_score
3,2497,7976-110523-0011,7976/110523,LibriSpeech_7976,LibriSpeech_7976,1,39.32583116707571,maximum_decision_score
5,2498,7976-110523-0012,7976/110523,LibriSpeech_7976,LibriSpeech_7976,1,39.32528696006456,maximum_decision_score
3,2499,7976-110523-0013,7976/110523,LibriSpeech_7976,LibriSpeech_7976,1,39.3250620823543,maximum_decision_score
4,2500,7976-110523-0014,7976/110523,LibriSpeech_7976,LibriSpeech_7976,1,39.32558196357368,maximum_decision_score
2,2501,7976-110523-0015,7976/110523,LibriSpeech_7976,LibriSpeech_7976,1,39.325497653328156,maximum_decision_score
4,2502,7976-110523-0016,7976/110523,LibriSpeech_7976,LibriSpeech_7976,1,39.32428789816653,maximum_decision_score
5,2503,7976-110523-0017,7976/110523,LibriSpeech_7976,LibriSpeech_7976,1,39.32524470309146,maximum_decision_score
3,2504,7976-110523-0018,7976/110523,LibriSpeech_7976,LibriSpeech_7976,1,39.326067760453455,maximum_decision_score
2,2505,7976-110523-0019,7976/110523,LibriSpeech_7976,LibriSpeech_7976,1,39.32619957163715,maximum_decision_score
2,2506,7976-110523-0020,7976/110523,LibriSpeech_7976,LibriSpeech_7976,1,39.32543766633424,maximum_decision_score
5,2507,7976-110523-0021,7976/110523,LibriSpeech_7976,LibriSpeech_7976,1,39.32537930727642,maximum_decision_score
5,2508,8297-275154-0000,8297/275154,LibriSpeech_8297,LibriSpeech_8297,1,39.32606590225659,maximum_decision_score
4,2509,8297-275154-0001,8297/275154,LibriSpeech_8297,LibriSpeech_8297,1,39.32605464514729,maximum_decision_score
2,2510,8297-275154-0002,8297/275154,LibriSpeech_8297,LibriSpeech_8297,1,39.325853237398896,maximum_decision_score
5,2511,8297-275154-0003,8297/275154,LibriSpeech_8297,LibriSpeech_8297,1,39.32518853891104,maximum_decision_score
5,2512,8297-275154-0004,8297/275154,LibriSpeech_8297,LibriSpeech_8297,1,39.326179999624244,maximum_decision_score
4,2513,8297-275154-0005,8297/275154,LibriSpeech_8297,LibriSpeech_8297,1,39.32639753321533,maximum_decision_score
2,2514,8297-275154-0006,8297/275154,LibriSpeech_8297,LibriSpeech_8297,1,39.325645540265896,maximum_decision_score
3,2515,8297-275154-0007,8297/275154,LibriSpeech_8297,LibriSpeech_8297,1,39.32554600236194,maximum_decision_score
3,2516,8297-275154-0008,8297/275154,LibriSpeech_8297,LibriSpeech_8297,1,39.326864174980486,maximum_decision_score
4,2517,8297-275154-0009,8297/275154,LibriSpeech_8297,LibriSpeech_8297,1,39.324713475447595,maximum_decision_score
1,2518,8297-275154-0010,8297/275154,LibriSpeech_8297,LibriSpeech_8297,1,39.32535732681321,maximum_decision_score
3,2519,8297-275154-0011,8297/275154,LibriSpeech_8297,LibriSpeech_8297,1,39.325695186755006,maximum_decision_score
3,2520,8297-275154-0012,8297/275154,LibriSpeech_8297,LibriSpeech_8297,1,39.32669247862659,maximum_decision_score
5,2521,8297-275154-0013,8297/275154,LibriSpeech_8297,LibriSpeech_8297,1,39.32540994214654,maximum_decision_score
5,2522,8297-275154-0014,8297/275154,LibriSpeech_8297,LibriSpeech_8297,1,39.32577362953734,maximum_decision_score
4,2523,8297-275154-0015,8297/275154,LibriSpeech_8297,LibriSpeech_8297,1,39.32431557368307,maximum_decision_score
4,2524,8297-275154-0016,8297/275154,LibriSpeech_8297,LibriSpeech_8297,1,39.326190187708214,maximum_decision_score
4,2525,8297-275154-0017,8297/275154,LibriSpeech_8297,LibriSpeech_8297,1,39.32406589575208,maximum_decision_score
3,2526,8297-275154-0018,8297/275154,LibriSpeech_8297,LibriSpeech_8297,1,39.325863532296644,maximum_decision_score
5,2527,8297-275154-0019,8297/275154,LibriSpeech_8297,LibriSpeech_8297,1,39.32633020185911,maximum_decision_score
5,2528,8297-275154-0020,8297/275154,LibriSpeech_8297,LibriSpeech_8297,1,39.32686923148187,maximum_decision_score
1,2529,8297-275154-0021,8297/275154,LibriSpeech_8297,LibriSpeech_8297,1,39.32534086608243,maximum_decision_score
3,2530,8297-275154-0022,8297/275154,LibriSpeech_8297,LibriSpeech_8297,1,39.32205488290095,maximum_decision_score
3,2531,8297-275154-0023,8297/275154,LibriSpeech_8297,LibriSpeech_8297,1,39.326713926578634,maximum_decision_score
4,2532,8297-275154-0024,8297/275154,LibriSpeech_8297,LibriSpeech_8297,1,39.325307901993284,maximum_decision_score
2,2533,8297-275154-0025,8297/275154,LibriSpeech_8297,LibriSpeech_8297,1,39.32694817688446,maximum_decision_score
1,2534,8297-275154-0026,8297/275154,LibriSpeech_8297,LibriSpeech_8297,1,39.32615529834399,maximum_decision_score
4,2535,8297-275154-0027,8297/275154,LibriSpeech_8297,LibriSpeech_8297,1,39.32636451428267,maximum_decision_score
1,2536,8297-275155-0000,8297/275155,LibriSpeech_8297,LibriSpeech_8297,1,39.325905605523204,maximum_decision_score
4,2537,8297-275155-0001,8297/275155,LibriSpeech_8297,LibriSpeech_8297,1,39.32534713444238,maximum_decision_score
3,2538,8297-275155-0002,8297/275155,LibriSpeech_8297,LibriSpeech_8297,1,39.32545884287168,maximum_decision_score
3,2539,8297-275155-0003,8297/275155,LibriSpeech_8297,LibriSpeech_8297,1,39.326693818537485,maximum_decision_score
1,2540,8297-275155-0004,8297/275155,LibriSpeech_8297,LibriSpeech_8297,1,39.3260244663831,maximum_decision_score
2,2541,8297-275155-0005,8297/275155,LibriSpeech_8297,LibriSpeech_8297,1,39.32639598712611,maximum_decision_score
3,2542,8297-275155-0006,8297/275155,LibriSpeech_8297,LibriSpeech_8297,1,39.32654467165015,maximum_decision_score
1,2543,8297-275155-0007,8297/275155,LibriSpeech_8297,LibriSpeech_8297,1,39.32497578148543,maximum_decision_score
2,2544,8297-275155-0008,8297/275155,LibriSpeech_8297,LibriSpeech_8297,1,39.324565833425034,maximum_decision_score
1,2545,8297-275155-0009,8297/275155,LibriSpeech_8297,LibriSpeech_8297,1,39.32542298799582,maximum_decision_score
5,2546,8297-275155-0010,8297/275155,LibriSpeech_8297,LibriSpeech_8297,1,39.325784268093855,maximum_decision_score
5,2547,8297-275155-0011,8297/275155,LibriSpeech_8297,LibriSpeech_8297,1,39.32558955252837,maximum_decision_score
1,2548,8297-275155-0012,8297/275155,LibriSpeech_8297,LibriSpeech_8297,1,39.323705719820744,maximum_decision_score
2,2549,8297-275155-0013,8297/275155,LibriSpeech_8297,LibriSpeech_8297,1,39.32683680646791,maximum_decision_score
5,2550,8297-275155-0014,8297/275155,LibriSpeech_8297,LibriSpeech_8297,1,39.32638940557304,maximum_decision_score
4,2551,8297-275155-0015,8297/275155,LibriSpeech_8297,LibriSpeech_8297,1,39.325468195588925,maximum_decision_score
5,2552,8297-275155-0016,8297/275155,LibriSpeech_8297,LibriSpeech_8297,1,39.32533229373968,maximum_decision_score
5,2553,8297-275155-0017,8297/275155,LibriSpeech_8297,LibriSpeech_8297,1,39.32580662765084,maximum_decision_score
2,2554,8297-275155-0018,8297/275155,LibriSpeech_8297,LibriSpeech_8297,1,39.32592818129095,maximum_decision_score
1,2555,8297-275155-0019,8297/275155,LibriSpeech_8297,LibriSpeech_8297,1,39.32678053851322,maximum_decision_score
1,2556,8297-275155-0020,8297/275155,LibriSpeech_8297,LibriSpeech_8297,1,39.32570890470732,maximum_decision_score
2,2557,8297-275155-0021,8297/275155,LibriSpeech_8297,LibriSpeech_8297,1,39.323866840632974,maximum_decision_score
2,2558,8297-275155-0022,8297/275155,LibriSpeech_8297,LibriSpeech_8297,1,39.326851122454116,maximum_decision_score
2,2559,8297-275155-0023,8297/275155,LibriSpeech_8297,LibriSpeech_8297,1,39.32411160780358,maximum_decision_score
2,2560,8297-275155-0024,8297/275155,LibriSpeech_8297,LibriSpeech_8297,1,39.32564550013545,maximum_decision_score
4,2561,8297-275155-0025,8297/275155,LibriSpeech_8297,LibriSpeech_8297,1,39.32374965596917,maximum_decision_score
1,2562,8297-275155-0026,8297/275155,LibriSpeech_8297,LibriSpeech_8297,1,39.325836212134156,maximum_decision_score
2,2563,8297-275155-0027,8297/275155,LibriSpeech_8297,LibriSpeech_8297,1,39.32627202730869,maximum_decision_score
2,2564,8297-275155-0028,8297/275155,LibriSpeech_8297,LibriSpeech_8297,1,39.325880101022705,maximum_decision_score
5,2565,8297-275155-0029,8297/275155,LibriSpeech_8297,LibriSpeech_8297,1,39.325950760116775,maximum_decision_score
1,2566,8297-275155-0030,8297/275155,LibriSpeech_8297,LibriSpeech_8297,1,39.32644611825442,maximum_decision_score
3,2567,8297-275155-0031,8297/275155,LibriSpeech_8297,LibriSpeech_8297,1,39.32658727334942,maximum_decision_score
4,2568,8297-275155-0032,8297/275155,LibriSpeech_8297,LibriSpeech_8297,1,39.32619699723528,maximum_decision_score
3,2569,8297-275156-0000,8297/275156,LibriSpeech_8297,LibriSpeech_8297,1,39.325623512467615,maximum_decision_score
3,2570,8297-275156-0001,8297/275156,LibriSpeech_8297,LibriSpeech_8297,1,39.32636508793177,maximum_decision_score
3,2571,8297-275156-0002,8297/275156,LibriSpeech_8297,LibriSpeech_8297,1,39.325887058545625,maximum_decision_score
4,2572,8297-275156-0003,8297/275156,LibriSpeech_8297,LibriSpeech_8297,1,39.326342977646384,maximum_decision_score
1,2573,8297-275156-0004,8297/275156,LibriSpeech_8297,LibriSpeech_8297,1,39.3249195865758,maximum_decision_score
2,2574,8297-275156-0005,8297/275156,LibriSpeech_8297,LibriSpeech_8297,1,39.32539872237741,maximum_decision_score
4,2575,8297-275156-0006,8297/275156,LibriSpeech_8297,LibriSpeech_8297,1,39.32603344576543,maximum_decision_score
5,2576,8297-275156-0007,8297/275156,LibriSpeech_8297,LibriSpeech_8297,1,39.32554120701535,maximum_decision_score
4,2577,8297-275156-0008,8297/275156,LibriSpeech_8297,LibriSpeech_8297,1,39.32642749256398,maximum_decision_score
2,2578,8297-275156-0009,8297/275156,LibriSpeech_8297,LibriSpeech_8297,1,39.32639152109835,maximum_decision_score
5,2579,8297-275156-0010,8297/275156,LibriSpeech_8297,LibriSpeech_8297,1,39.326418209190486,maximum_decision_score
1,2580,8297-275156-0011,8297/275156,LibriSpeech_8297,LibriSpeech_8297,1,39.325902695122714,maximum_decision_score
3,2581,8297-275156-0012,8297/275156,LibriSpeech_8297,LibriSpeech_8297,1,39.32545911230689,maximum_decision_score
1,2582,8297-275156-0013,8297/275156,LibriSpeech_8297,LibriSpeech_8297,1,39.32573862900294,maximum_decision_score
3,2583,84-121123-0000,84/121123,LibriSpeech_84,LibriSpeech_84,1,39.31806367816428,maximum_decision_score
5,2584,84-121123-0001,84/121123,LibriSpeech_84,LibriSpeech_84,1,39.326203108210045,maximum_decision_score
1,2585,84-121123-0002,84/121123,LibriSpeech_84,LibriSpeech_84,1,39.32543528045586,maximum_decision_score
2,2586,84-121123-0003,84/121123,LibriSpeech_84,LibriSpeech_84,1,39.32601843130354,maximum_decision_score
5,2587,84-121123-0004,84/121123,LibriSpeech_84,LibriSpeech_84,1,39.32512492313601,maximum_decision_score
2,2588,84-121123-0005,84/121123,LibriSpeech_84,LibriSpeech_84,1,39.32543894510696,maximum_decision_score
5,2589,84-121123-0006,84/121123,LibriSpeech_84,LibriSpeech_84,1,39.325737693747975,maximum_decision_score
1,2590,84-121123-0007,84/121123,LibriSpeech_84,LibriSpeech_84,1,39.32572489426929,maximum_decision_score
5,2591,84-121123-0008,84/121123,LibriSpeech_84,LibriSpeech_84,1,39.32497270371547,maximum_decision_score
3,2592,84-121123-0009,84/121123,LibriSpeech_84,LibriSpeech_84,1,39.32556605879351,maximum_decision_score
4,2593,84-121123-0010,84/121123,LibriSpeech_84,LibriSpeech_84,1,39.32554018550008,maximum_decision_score
4,2594,84-121123-0011,84/121123,LibriSpeech_84,LibriSpeech_84,1,39.324439696729826,maximum_decision_score
3,2595,84-121123-0012,84/121123,LibriSpeech_84,LibriSpeech_84,1,39.3246632817095,maximum_decision_score
5,2596,84-121123-0013,84/121123,LibriSpeech_84,LibriSpeech_84,1,39.32472349846226,maximum_decision_score
1,2597,84-121123-0014,84/121123,LibriSpeech_84,LibriSpeech_84,1,39.32406738491788,maximum_decision_score
4,2598,84-121123-0015,84/121123,LibriSpeech_84,LibriSpeech_84,1,39.326094986433986,maximum_decision_score
2,2599,84-121123-0016,84/121123,LibriSpeech_84,LibriSpeech_84,1,39.325512723313786,maximum_decision_score
2,2600,84-121123-0017,84/121123,LibriSpeech_84,LibriSpeech_84,1,39.3252468155134,maximum_decision_score
3,2601,84-121123-0018,84/121123,LibriSpeech_84,LibriSpeech_84,1,39.323826341044054,maximum_decision_score
4,2602,84-121123-0019,84/121123,LibriSpeech_84,LibriSpeech_84,1,39.32517051797589,maximum_decision_score
5,2603,84-121123-0020,84/121123,LibriSpeech_84,LibriSpeech_84,1,39.325531637422685,maximum_decision_score
5,2604,84-121123-0021,84/121123,LibriSpeech_84,LibriSpeech_84,1,39.326519340998885,maximum_decision_score
3,2605,84-121123-0022,84/121123,LibriSpeech_84,LibriSpeech_84,1,39.32494717007126,maximum_decision_score
5,2606,84-121123-0023,84/121123,LibriSpeech_84,LibriSpeech_84,1,39.32556509417861,maximum_decision_score
3,2607,84-121123-0024,84/121123,LibriSpeech_84,LibriSpeech_84,1,39.32562946639612,maximum_decision_score
4,2608,84-121123-0025,84/121123,LibriSpeech_84,LibriSpeech_84,1,39.32590580852923,maximum_decision_score
4,2609,84-121123-0026,84/121123,LibriSpeech_84,LibriSpeech_84,1,39.325918244624766,maximum_decision_score
3,2610,84-121123-0027,84/121123,LibriSpeech_84,LibriSpeech_84,1,39.324985207134155,maximum_decision_score
4,2611,84-121123-0028,84/121123,LibriSpeech_84,LibriSpeech_84,1,39.32580920841574,maximum_decision_score
4,2612,84-121550-0000,84/121550,LibriSpeech_84,LibriSpeech_84,1,39.32598087590169,maximum_decision_score
3,2613,84-121550-0001,84/121550,LibriSpeech_84,LibriSpeech_84,1,39.32602694770931,maximum_decision_score
2,2614,84-121550-0002,84/121550,LibriSpeech_84,LibriSpeech_84,1,39.32656042289869,maximum_decision_score
2,2615,84-121550-0003,84/121550,LibriSpeech_84,LibriSpeech_84,1,39.32664759406959,maximum_decision_score
1,2616,84-121550-0004,84/121550,LibriSpeech_84,LibriSpeech_84,1,39.32570670137396,maximum_decision_score
2,2617,84-121550-0005,84/121550,LibriSpeech_84,LibriSpeech_84,1,39.32607289986893,maximum_decision_score
3,2618,84-121550-0006,84/121550,LibriSpeech_84,LibriSpeech_84,1,39.32546822697739,maximum_decision_score
3,2619,84-121550-0007,84/121550,LibriSpeech_84,LibriSpeech_84,1,39.32575602473758,maximum_decision_score
5,2620,84-121550-0008,84/121550,LibriSpeech_84,LibriSpeech_84,1,39.32570044979191,maximum_decision_score
3,2621,84-121550-0009,84/121550,LibriSpeech_84,LibriSpeech_84,1,39.32531617130695,maximum_decision_score
5,2622,84-121550-0010,84/121550,LibriSpeech_84,LibriSpeech_84,1,39.326220641542086,maximum_decision_score
1,2623,84-121550-0011,84/121550,LibriSpeech_84,LibriSpeech_84,1,39.3245712776371,maximum_decision_score
2,2624,84-121550-0012,84/121550,LibriSpeech_84,LibriSpeech_84,1,39.32535238976059,maximum_decision_score
5,2625,84-121550-0013,84/121550,LibriSpeech_84,LibriSpeech_84,1,39.325682356883625,maximum_decision_score
4,2626,84-121550-0014,84/121550,LibriSpeech_84,LibriSpeech_84,1,39.326036907214466,maximum_decision_score
1,2627,84-121550-0015,84/121550,LibriSpeech_84,LibriSpeech_84,1,39.32551165633146,maximum_decision_score
2,2628,84-121550-0016,84/121550,LibriSpeech_84,LibriSpeech_84,1,39.32596600658214,maximum_decision_score
1,2629,84-121550-0017,84/121550,LibriSpeech_84,LibriSpeech_84,1,39.32615152673421,maximum_decision_score
2,2630,84-121550-0018,84/121550,LibriSpeech_84,LibriSpeech_84,1,39.3260272345815,maximum_decision_score
4,2631,84-121550-0019,84/121550,LibriSpeech_84,LibriSpeech_84,1,39.32570881007431,maximum_decision_score
5,2632,84-121550-0020,84/121550,LibriSpeech_84,LibriSpeech_84,1,39.32585656853956,maximum_decision_score
1,2633,84-121550-0021,84/121550,LibriSpeech_84,LibriSpeech_84,1,39.326411318873994,maximum_decision_score
1,2634,84-121550-0022,84/121550,LibriSpeech_84,LibriSpeech_84,1,39.325532839356384,maximum_decision_score
2,2635,84-121550-0023,84/121550,LibriSpeech_84,LibriSpeech_84,1,39.32599055948907,maximum_decision_score
1,2636,84-121550-0024,84/121550,LibriSpeech_84,LibriSpeech_84,1,39.326293124339635,maximum_decision_score
4,2637,84-121550-0025,84/121550,LibriSpeech_84,LibriSpeech_84,1,39.32675581006213,maximum_decision_score
4,2638,84-121550-0026,84/121550,LibriSpeech_84,LibriSpeech_84,1,39.326181609734654,maximum_decision_score
1,2639,84-121550-0027,84/121550,LibriSpeech_84,LibriSpeech_84,1,39.325182240053955,maximum_decision_score
2,2640,84-121550-0028,84/121550,LibriSpeech_84,LibriSpeech_84,1,39.32575169200117,maximum_decision_score
3,2641,84-121550-0029,84/121550,LibriSpeech_84,LibriSpeech_84,1,39.32583045408907,maximum_decision_score
1,2642,84-121550-0030,84/121550,LibriSpeech_84,LibriSpeech_84,1,39.324281853622786,maximum_decision_score
4,2643,84-121550-0031,84/121550,LibriSpeech_84,LibriSpeech_84,1,39.32528031242101,maximum_decision_score
3,2644,84-121550-0032,84/121550,LibriSpeech_84,LibriSpeech_84,1,39.325492183393145,maximum_decision_score
1,2645,84-121550-0033,84/121550,LibriSpeech_84,LibriSpeech_84,1,39.32520915157569,maximum_decision_score
2,2646,84-121550-0034,84/121550,LibriSpeech_84,LibriSpeech_84,1,39.32647600820519,maximum_decision_score
5,2647,84-121550-0035,84/121550,LibriSpeech_84,LibriSpeech_84,1,39.32628113110787,maximum_decision_score
3,2648,8842-302196-0000,8842/302196,LibriSpeech_8842,LibriSpeech_8842,1,39.32557285778817,maximum_decision_score
1,2649,8842-302196-0001,8842/302196,LibriSpeech_8842,LibriSpeech_8842,1,39.325803940367685,maximum_decision_score
4,2650,8842-302196-0002,8842/302196,LibriSpeech_8842,LibriSpeech_8842,1,39.32434795995922,maximum_decision_score
1,2651,8842-302196-0003,8842/302196,LibriSpeech_8842,LibriSpeech_8842,1,39.3254923910258,maximum_decision_score
3,2652,8842-302196-0004,8842/302196,LibriSpeech_8842,LibriSpeech_8842,1,39.325898518458516,maximum_decision_score
5,2653,8842-302196-0005,8842/302196,LibriSpeech_8842,LibriSpeech_8842,1,39.3257142193236,maximum_decision_score
1,2654,8842-302196-0006,8842/302196,LibriSpeech_8842,LibriSpeech_8842,1,39.32496631141983,maximum_decision_score
4,2655,8842-302196-0007,8842/302196,LibriSpeech_8842,LibriSpeech_8842,1,39.32545767515679,maximum_decision_score
5,2656,8842-302196-0008,8842/302196,LibriSpeech_8842,LibriSpeech_8842,1,39.32579398982959,maximum_decision_score
5,2657,8842-302196-0009,8842/302196,LibriSpeech_8842,LibriSpeech_8842,1,39.32563715676868,maximum_decision_score
4,2658,8842-302196-0010,8842/302196,LibriSpeech_8842,LibriSpeech_8842,1,39.32585786109686,maximum_decision_score
4,2659,8842-302196-0011,8842/302196,LibriSpeech_8842,LibriSpeech_8842,1,39.32442880216647,maximum_decision_score
1,2660,8842-302196-0012,8842/302196,LibriSpeech_8842,LibriSpeech_8842,1,39.325647137522054,maximum_decision_score
5,2661,8842-302201-0000,8842/302201,LibriSpeech_8842,LibriSpeech_8842,1,39.32583930058971,maximum_decision_score
4,2662,8842-302201-0001,8842/302201,LibriSpeech_8842,LibriSpeech_8842,1,39.32529161889869,maximum_decision_score
5,2663,8842-302201-0002,8842/302201,LibriSpeech_8842,LibriSpeech_8842,1,39.326062367627976,maximum_decision_score
3,2664,8842-302201-0003,8842/302201,LibriSpeech_8842,LibriSpeech_8842,1,39.32601753518084,maximum_decision_score
2,2665,8842-302201-0004,8842/302201,LibriSpeech_8842,LibriSpeech_8842,1,39.32522425619137,maximum_decision_score
3,2666,8842-302201-0005,8842/302201,LibriSpeech_8842,LibriSpeech_8842,1,39.32587372184649,maximum_decision_score
5,2667,8842-302201-0006,8842/302201,LibriSpeech_8842,LibriSpeech_8842,1,39.325794422547915,maximum_decision_score
3,2668,8842-302201-0007,8842/302201,LibriSpeech_8842,LibriSpeech_8842,1,39.32559590779,maximum_decision_score
1,2669,8842-302201-0008,8842/302201,LibriSpeech_8842,LibriSpeech_8842,1,39.32555884509365,maximum_decision_score
4,2670,8842-302201-0009,8842/302201,LibriSpeech_8842,LibriSpeech_8842,1,39.32558584815065,maximum_decision_score
3,2671,8842-302201-0010,8842/302201,LibriSpeech_8842,LibriSpeech_8842,1,39.3259514942266,maximum_decision_score
2,2672,8842-302201-0011,8842/302201,LibriSpeech_8842,LibriSpeech_8842,1,39.32631170561101,maximum_decision_score
2,2673,8842-302201-0012,8842/302201,LibriSpeech_8842,LibriSpeech_8842,1,39.32625739849318,maximum_decision_score
1,2674,8842-302201-0013,8842/302201,LibriSpeech_8842,LibriSpeech_8842,1,39.32608827604893,maximum_decision_score
5,2675,8842-302201-0014,8842/302201,LibriSpeech_8842,LibriSpeech_8842,1,39.326425868275834,maximum_decision_score
2,2676,8842-302201-0015,8842/302201,LibriSpeech_8842,LibriSpeech_8842,1,39.325945408821376,maximum_decision_score
2,2677,8842-302203-0000,8842/302203,LibriSpeech_8842,LibriSpeech_8842,1,39.326045993869066,maximum_decision_score
5,2678,8842-302203-0001,8842/302203,LibriSpeech_8842,LibriSpeech_8842,1,39.325578153233494,maximum_decision_score
2,2679,8842-302203-0002,8842/302203,LibriSpeech_8842,LibriSpeech_8842,1,39.325036873067276,maximum_decision_score
4,2680,8842-302203-0003,8842/302203,LibriSpeech_8842,LibriSpeech_8842,1,39.32437928294496,maximum_decision_score
4,2681,8842-302203-0004,8842/302203,LibriSpeech_8842,LibriSpeech_8842,1,39.32524578646174,maximum_decision_score
3,2682,8842-302203-0005,8842/302203,LibriSpeech_8842,LibriSpeech_8842,1,39.326096380075526,maximum_decision_score
2,2683,8842-302203-0006,8842/302203,LibriSpeech_8842,LibriSpeech_8842,1,39.32430281992863,maximum_decision_score
4,2684,8842-302203-0007,8842/302203,LibriSpeech_8842,LibriSpeech_8842,1,39.32572042826741,maximum_decision_score
4,2685,8842-302203-0008,8842/302203,LibriSpeech_8842,LibriSpeech_8842,1,39.3250858008752,maximum_decision_score
2,2686,8842-302203-0009,8842/302203,LibriSpeech_8842,LibriSpeech_8842,1,39.326313215155224,maximum_decision_score
1,2687,8842-302203-0010,8842/302203,LibriSpeech_8842,LibriSpeech_8842,1,39.32537130317256,maximum_decision_score
1,2688,8842-302203-0011,8842/302203,LibriSpeech_8842,LibriSpeech_8842,1,39.32610254082447,maximum_decision_score
1,2689,8842-304647-0000,8842/304647,LibriSpeech_8842,LibriSpeech_8842,1,39.324875920113584,maximum_decision_score
3,2690,8842-304647-0001,8842/304647,LibriSpeech_8842,LibriSpeech_8842,1,39.32354320079203,maximum_decision_score
2,2691,8842-304647-0002,8842/304647,LibriSpeech_8842,LibriSpeech_8842,1,39.325232721283854,maximum_decision_score
3,2692,8842-304647-0003,8842/304647,LibriSpeech_8842,LibriSpeech_8842,1,39.32557078700402,maximum_decision_score
1,2693,8842-304647-0004,8842/304647,LibriSpeech_8842,LibriSpeech_8842,1,39.326101648816724,maximum_decision_score
3,2694,8842-304647-0005,8842/304647,LibriSpeech_8842,LibriSpeech_8842,1,39.32447792813706,maximum_decision_score
5,2695,8842-304647-0006,8842/304647,LibriSpeech_8842,LibriSpeech_8842,1,39.32595253065756,maximum_decision_score
3,2696,8842-304647-0007,8842/304647,LibriSpeech_8842,LibriSpeech_8842,1,39.324210749735585,maximum_decision_score
5,2697,8842-304647-0008,8842/304647,LibriSpeech_8842,LibriSpeech_8842,1,39.325890032950596,maximum_decision_score
5,2698,8842-304647-0009,8842/304647,LibriSpeech_8842,LibriSpeech_8842,1,39.325639587606,maximum_decision_score
2,2699,8842-304647-0010,8842/304647,LibriSpeech_8842,LibriSpeech_8842,1,39.324853012312666,maximum_decision_score
2,2700,8842-304647-0011,8842/304647,LibriSpeech_8842,LibriSpeech_8842,1,39.32460902698264,maximum_decision_score
1,2701,8842-304647-0012,8842/304647,LibriSpeech_8842,LibriSpeech_8842,1,39.3257228742345,maximum_decision_score
4,2702,8842-304647-0013,8842/304647,LibriSpeech_8842,LibriSpeech_8842,1,39.325963836681915,maximum_decision_score
