fold,sample_index,clip_id,source_group,true_label,predicted_label,correct,prediction_score,score_type
4,0,1272-128104-0000,1272/128104,LibriSpeech_1272,LibriSpeech_1272,1,39.32406702515605,maximum_decision_score
1,1,1272-128104-0001,1272/128104,LibriSpeech_1272,LibriSpeech_1272,1,39.32620433040006,maximum_decision_score
4,2,1272-128104-0002,1272/128104,LibriSpeech_1272,LibriSpeech_1272,1,39.32481040685713,maximum_decision_score
2,3,1272-128104-0003,1272/128104,LibriSpeech_1272,LibriSpeech_1272,1,39.32584891879465,maximum_decision_score
5,4,1272-128104-0004,1272/128104,LibriSpeech_1272,LibriSpeech_1272,1,39.32584022966281,maximum_decision_score
5,5,1272-128104-0005,1272/128104,LibriSpeech_1272,LibriSpeech_1272,1,39.32615652905905,maximum_decision_score
4,6,1272-128104-0006,1272/128104,LibriSpeech_1272,LibriSpeech_1272,1,39.32531700505199,maximum_decision_score
4,7,1272-128104-0007,1272/128104,LibriSpeech_1272,LibriSpeech_1272,1,39.325328913374115,maximum_decision_score
3,8,1272-128104-0008,1272/128104,LibriSpeech_1272,LibriSpeech_1272,1,39.3259936227538,maximum_decision_score
1,9,1272-128104-0009,1272/128104,LibriSpeech_1272,LibriSpeech_1272,1,39.32467331206688,maximum_decision_score
5,10,1272-128104-0010,1272/128104,LibriSpeech_1272,LibriSpeech_1272,1,39.324852518516906,maximum_decision_score
2,11,1272-128104-0011,1272/128104,LibriSpeech_1272,LibriSpeech_1272,1,39.32569385589136,maximum_decision_score
1,12,1272-128104-0012,1272/128104,LibriSpeech_1272,LibriSpeech_1272,1,39.32464698945932,maximum_decision_score
4,13,1272-128104-0013,1272/128104,LibriSpeech_1272,LibriSpeech_1272,1,39.325128656376435,maximum_decision_score
3,14,1272-128104-0014,1272/128104,LibriSpeech_1272,LibriSpeech_1272,1,39.325683946273784,maximum_decision_score
5,15,1272-135031-0000,1272/135031,LibriSpeech_1272,LibriSpeech_1272,1,39.325436569060514,maximum_decision_score
4,16,1272-135031-0001,1272/135031,LibriSpeech_1272,LibriSpeech_1272,1,39.32500080472452,maximum_decision_score
3,17,1272-135031-0002,1272/135031,LibriSpeech_1272,LibriSpeech_1272,1,39.32541826997247,maximum_decision_score
4,18,1272-135031-0003,1272/135031,LibriSpeech_1272,LibriSpeech_1272,1,39.325391782429705,maximum_decision_score
2,19,1272-135031-0004,1272/135031,LibriSpeech_1272,LibriSpeech_1272,1,39.3260732873686,maximum_decision_score
3,20,1272-135031-0005,1272/135031,LibriSpeech_1272,LibriSpeech_1272,1,39.32578222578743,maximum_decision_score
5,21,1272-135031-0006,1272/135031,LibriSpeech_1272,LibriSpeech_1272,1,39.32555131582694,maximum_decision_score
1,22,1272-135031-0007,1272/135031,LibriSpeech_1272,LibriSpeech_1272,1,39.32634762057893,maximum_decision_score
2,23,1272-135031-0008,1272/135031,LibriSpeech_1272,LibriSpeech_1272,1,39.324969961187165,maximum_decision_score
3,24,1272-135031-0009,1272/135031,LibriSpeech_1272,LibriSpeech_1272,1,39.32397596250216,maximum_decision_score
1,25,1272-135031-0010,1272/135031,LibriSpeech_1272,LibriSpeech_1272,1,39.32674316121634,maximum_decision_score
4,26,1272-135031-0011,1272/135031,LibriSpeech_1272,LibriSpeech_1272,1,39.32546873026378,maximum_decision_score
5,27,1272-135031-0012,1272/135031,LibriSpeech_1272,LibriSpeech_1272,1,39.324935759726976,maximum_decision_score
2,28,1272-135031-0013,1272/135031,LibriSpeech_1272,LibriSpeech_1272,1,39.32555665197349,maximum_decision_score
2,29,1272-135031-0014,1272/135031,LibriSpeech_1272,LibriSpeech_1272,1,39.32386996374527,maximum_decision_score
4,30,1272-135031-0015,1272/135031,LibriSpeech_1272,LibriSpeech_1272,1,39.32582687298907,maximum_decision_score
2,31,1272-135031-0016,1272/135031,LibriSpeech_1272,LibriSpeech_1272,1,39.32631360626513,maximum_decision_score
5,32,1272-135031-0017,1272/135031,LibriSpeech_1272,LibriSpeech_1272,1,39.326112735165836,maximum_decision_score
3,33,1272-135031-0018,1272/135031,LibriSpeech_1272,LibriSpeech_1272,1,39.32620407078951,maximum_decision_score
3,34,1272-135031-0019,1272/135031,LibriSpeech_1272,LibriSpeech_1272,1,39.32563665248259,maximum_decision_score
3,35,1272-135031-0020,1272/135031,LibriSpeech_1272,LibriSpeech_1272,1,39.325708074045956,maximum_decision_score
1,36,1272-135031-0021,1272/135031,LibriSpeech_1272,LibriSpeech_1272,1,39.32673647525503,maximum_decision_score
1,37,1272-135031-0022,1272/135031,LibriSpeech_1272,LibriSpeech_1272,1,39.32535830772384,maximum_decision_score
5,38,1272-135031-0023,1272/135031,LibriSpeech_1272,LibriSpeech_1272,1,39.32666294542345,maximum_decision_score
1,39,1272-135031-0024,1272/135031,LibriSpeech_1272,LibriSpeech_1272,1,39.32612125430497,maximum_decision_score
3,40,1272-141231-0000,1272/141231,LibriSpeech_1272,LibriSpeech_1272,1,39.32578657377599,maximum_decision_score
4,41,1272-141231-0001,1272/141231,LibriSpeech_1272,LibriSpeech_1272,1,39.32647891602332,maximum_decision_score
5,42,1272-141231-0002,1272/141231,LibriSpeech_1272,LibriSpeech_1272,1,39.32684165098507,maximum_decision_score
4,43,1272-141231-0003,1272/141231,LibriSpeech_1272,LibriSpeech_1272,1,39.32559392877246,maximum_decision_score
5,44,1272-141231-0004,1272/141231,LibriSpeech_1272,LibriSpeech_1272,1,39.32523538947434,maximum_decision_score
1,45,1272-141231-0005,1272/141231,LibriSpeech_1272,LibriSpeech_1272,1,39.32577656997289,maximum_decision_score
5,46,1272-141231-0006,1272/141231,LibriSpeech_1272,LibriSpeech_1272,1,39.326182204395465,maximum_decision_score
5,47,1272-141231-0007,1272/141231,LibriSpeech_1272,LibriSpeech_1272,1,39.32619169052712,maximum_decision_score
5,48,1272-141231-0008,1272/141231,LibriSpeech_1272,LibriSpeech_1272,1,39.326903429490834,maximum_decision_score
3,49,1272-141231-0009,1272/141231,LibriSpeech_1272,LibriSpeech_1272,1,39.326598025682394,maximum_decision_score
1,50,1272-141231-0010,1272/141231,LibriSpeech_1272,LibriSpeech_1272,1,39.32642986373095,maximum_decision_score
1,51,1272-141231-0011,1272/141231,LibriSpeech_1272,LibriSpeech_1272,1,39.326490870262035,maximum_decision_score
3,52,1272-141231-0012,1272/141231,LibriSpeech_1272,LibriSpeech_1272,1,39.32665079443922,maximum_decision_score
2,53,1272-141231-0013,1272/141231,LibriSpeech_1272,LibriSpeech_1272,1,39.325913933276496,maximum_decision_score
4,54,1272-141231-0014,1272/141231,LibriSpeech_1272,LibriSpeech_1272,1,39.32536866166465,maximum_decision_score
4,55,1272-141231-0015,1272/141231,LibriSpeech_1272,LibriSpeech_1272,1,39.32623940963516,maximum_decision_score
1,56,1272-141231-0016,1272/141231,LibriSpeech_1272,LibriSpeech_1272,1,39.3244131085687,maximum_decision_score
2,57,1272-141231-0017,1272/141231,LibriSpeech_1272,LibriSpeech_1272,1,39.32602684106646,maximum_decision_score
3,58,1272-141231-0018,1272/141231,LibriSpeech_1272,LibriSpeech_1272,1,39.32623591051796,maximum_decision_score
3,59,1272-141231-0019,1272/141231,LibriSpeech_1272,LibriSpeech_1272,1,39.32622981198923,maximum_decision_score
2,60,1272-141231-0020,1272/141231,LibriSpeech_1272,LibriSpeech_1272,1,39.3264338226326,maximum_decision_score
4,61,1272-141231-0021,1272/141231,LibriSpeech_1272,LibriSpeech_1272,1,39.32602666461135,maximum_decision_score
1,62,1272-141231-0022,1272/141231,LibriSpeech_1272,LibriSpeech_1272,1,39.32597843545087,maximum_decision_score
2,63,1272-141231-0023,1272/141231,LibriSpeech_1272,LibriSpeech_1272,1,39.325695463196205,maximum_decision_score
1,64,1272-141231-0024,1272/141231,LibriSpeech_1272,LibriSpeech_1272,1,39.325782462362405,maximum_decision_score
2,65,1272-141231-0025,1272/141231,LibriSpeech_1272,LibriSpeech_1272,1,39.326555386219,maximum_decision_score
5,66,1272-141231-0026,1272/141231,LibriSpeech_1272,LibriSpeech_1272,1,39.32636827492441,maximum_decision_score
2,67,1272-141231-0027,1272/141231,LibriSpeech_1272,LibriSpeech_1272,1,39.32655274527678,maximum_decision_score
2,68,1272-141231-0028,1272/141231,LibriSpeech_1272,LibriSpeech_1272,1,39.32609184910498,maximum_decision_score
3,69,1272-141231-0029,1272/141231,LibriSpeech_1272,LibriSpeech_1272,1,39.32613576501464,maximum_decision_score
3,70,1272-141231-0030,1272/141231,LibriSpeech_1272,LibriSpeech_1272,1,39.32658245953929,maximum_decision_score
1,71,1272-141231-0031,1272/141231,LibriSpeech_1272,LibriSpeech_1272,1,39.32584037399265,maximum_decision_score
2,72,1272-141231-0032,1272/141231,LibriSpeech_1272,LibriSpeech_1272,1,39.326393921791436,maximum_decision_score
1,73,1462-170138-0000,1462/170138,LibriSpeech_1462,LibriSpeech_1462,1,39.32565571373712,maximum_decision_score
1,74,1462-170138-0001,1462/170138,LibriSpeech_1462,LibriSpeech_1462,1,39.32624011522898,maximum_decision_score
5,75,1462-170138-0002,1462/170138,LibriSpeech_1462,LibriSpeech_1462,1,39.326948345225446,maximum_decision_score
1,76,1462-170138-0003,1462/170138,LibriSpeech_1462,LibriSpeech_1462,1,39.32564731982312,maximum_decision_score
2,77,1462-170138-0004,1462/170138,LibriSpeech_1462,LibriSpeech_1462,1,39.32539797576996,maximum_decision_score
1,78,1462-170138-0005,1462/170138,LibriSpeech_1462,LibriSpeech_1462,1,39.326600058403244,maximum_decision_score
3,79,1462-170138-0006,1462/170138,LibriSpeech_1462,LibriSpeech_1462,1,39.326290704530294,maximum_decision_score
1,80,1462-170138-0007,1462/170138,LibriSpeech_1462,LibriSpeech_1462,1,39.326070783227884,maximum_decision_score
4,81,1462-170138-0008,1462/170138,LibriSpeech_1462,LibriSpeech_1462,1,39.32729501448704,maximum_decision_score
4,82,1462-170138-0009,1462/170138,LibriSpeech_1462,LibriSpeech_1462,1,39.32573290477142,maximum_decision_score
3,83,1462-170138-0010,1462/170138,LibriSpeech_1462,LibriSpeech_1462,1,39.32628898079162,maximum_decision_score
4,84,1462-170138-0011,1462/170138,LibriSpeech_1462,LibriSpeech_1462,1,39.3263307532209,maximum_decision_score
2,85,1462-170138-0012,1462/170138,LibriSpeech_1462,LibriSpeech_1462,1,39.32631721594369,maximum_decision_score
3,86,1462-170138-0013,1462/170138,LibriSpeech_1462,LibriSpeech_1462,1,39.32636193173257,maximum_decision_score
1,87,1462-170138-0014,1462/170138,LibriSpeech_1462,LibriSpeech_1462,1,39.32635883836327,maximum_decision_score
2,88,1462-170138-0015,1462/170138,LibriSpeech_1462,LibriSpeech_1462,1,39.32619578230437,maximum_decision_score
3,89,1462-170138-0016,1462/170138,LibriSpeech_1462,LibriSpeech_1462,1,39.32746682282616,maximum_decision_score
5,90,1462-170138-0017,1462/170138,LibriSpeech_1462,LibriSpeech_1462,1,39.32688210764651,maximum_decision_score
2,91,1462-170138-0018,1462/170138,LibriSpeech_1462,LibriSpeech_1462,1,39.32659656906909,maximum_decision_score
2,92,1462-170138-0019,1462/170138,LibriSpeech_1462,LibriSpeech_1462,1,39.32498251444424,maximum_decision_score
3,93,1462-170138-0020,1462/170138,LibriSpeech_1462,LibriSpeech_1462,1,39.32542542727464,maximum_decision_score
4,94,1462-170138-0021,1462/170138,LibriSpeech_1462,LibriSpeech_1462,1,39.32623981846435,maximum_decision_score
2,95,1462-170138-0022,1462/170138,LibriSpeech_1462,LibriSpeech_1462,1,39.32621880132214,maximum_decision_score
5,96,1462-170138-0023,1462/170138,LibriSpeech_1462,LibriSpeech_1462,1,39.32565932407573,maximum_decision_score
3,97,1462-170138-0024,1462/170138,LibriSpeech_1462,LibriSpeech_1462,1,39.32640599565996,maximum_decision_score
5,98,1462-170138-0025,1462/170138,LibriSpeech_1462,LibriSpeech_1462,1,39.32537533507442,maximum_decision_score
5,99,1462-170138-0026,1462/170138,LibriSpeech_1462,LibriSpeech_1462,1,39.32710623352495,maximum_decision_score
4,100,1462-170138-0027,1462/170138,LibriSpeech_1462,LibriSpeech_1462,1,39.32591519677091,maximum_decision_score
3,101,1462-170142-0000,1462/170142,LibriSpeech_1462,LibriSpeech_1462,1,39.32663372386023,maximum_decision_score
4,102,1462-170142-0001,1462/170142,LibriSpeech_1462,LibriSpeech_1462,1,39.32661895628811,maximum_decision_score
2,103,1462-170142-0002,1462/170142,LibriSpeech_1462,LibriSpeech_1462,1,39.326111497740136,maximum_decision_score
4,104,1462-170142-0003,1462/170142,LibriSpeech_1462,LibriSpeech_1462,1,39.325855230973424,maximum_decision_score
1,105,1462-170142-0004,1462/170142,LibriSpeech_1462,LibriSpeech_1462,1,39.32545040547468,maximum_decision_score
1,106,1462-170142-0005,1462/170142,LibriSpeech_1462,LibriSpeech_1462,1,39.326111920582726,maximum_decision_score
5,107,1462-170142-0006,1462/170142,LibriSpeech_1462,LibriSpeech_1462,1,39.32549122016815,maximum_decision_score
4,108,1462-170142-0007,1462/170142,LibriSpeech_1462,LibriSpeech_1462,1,39.326314977539894,maximum_decision_score
2,109,1462-170142-0008,1462/170142,LibriSpeech_1462,LibriSpeech_1462,1,39.32470974908146,maximum_decision_score
1,110,1462-170142-0009,1462/170142,LibriSpeech_1462,LibriSpeech_1462,1,39.3256789168459,maximum_decision_score
5,111,1462-170142-0010,1462/170142,LibriSpeech_1462,LibriSpeech_1462,1,39.325777773029785,maximum_decision_score
3,112,1462-170142-0011,1462/170142,LibriSpeech_1462,LibriSpeech_1462,1,39.32638489235533,maximum_decision_score
2,113,1462-170142-0012,1462/170142,LibriSpeech_1462,LibriSpeech_1462,1,39.32597494048216,maximum_decision_score
2,114,1462-170142-0013,1462/170142,LibriSpeech_1462,LibriSpeech_1462,1,39.325038094027825,maximum_decision_score
4,115,1462-170142-0014,1462/170142,LibriSpeech_1462,LibriSpeech_1462,1,39.3255074932053,maximum_decision_score
5,116,1462-170142-0015,1462/170142,LibriSpeech_1462,LibriSpeech_1462,1,39.325081989962165,maximum_decision_score
3,117,1462-170142-0016,1462/170142,LibriSpeech_1462,LibriSpeech_1462,1,39.3258274210148,maximum_decision_score
5,118,1462-170142-0017,1462/170142,LibriSpeech_1462,LibriSpeech_1462,1,39.327158977157104,maximum_decision_score
2,119,1462-170142-0018,1462/170142,LibriSpeech_1462,LibriSpeech_1462,1,39.32639616559019,maximum_decision_score
4,120,1462-170142-0019,1462/170142,LibriSpeech_1462,LibriSpeech_1462,1,39.32657937271248,maximum_decision_score
3,121,1462-170142-0020,1462/170142,LibriSpeech_1462,LibriSpeech_1462,1,39.32642847814444,maximum_decision_score
4,122,1462-170142-0021,1462/170142,LibriSpeech_1462,LibriSpeech_1462,1,39.32645474974111,maximum_decision_score
5,123,1462-170142-0022,1462/170142,LibriSpeech_1462,LibriSpeech_1462,1,39.32660826920968,maximum_decision_score
1,124,1462-170142-0023,1462/170142,LibriSpeech_1462,LibriSpeech_1462,1,39.325738411203105,maximum_decision_score
3,125,1462-170142-0024,1462/170142,LibriSpeech_1462,LibriSpeech_1462,1,39.32541682274544,maximum_decision_score
5,126,1462-170142-0025,1462/170142,LibriSpeech_1462,LibriSpeech_1462,1,39.326370274729946,maximum_decision_score
3,127,1462-170142-0026,1462/170142,LibriSpeech_1462,LibriSpeech_1462,1,39.32660757205022,maximum_decision_score
4,128,1462-170142-0027,1462/170142,LibriSpeech_1462,LibriSpeech_1462,1,39.32645444072166,maximum_decision_score
1,129,1462-170142-0028,1462/170142,LibriSpeech_1462,LibriSpeech_1462,1,39.3266488675828,maximum_decision_score
1,130,1462-170142-0029,1462/170142,LibriSpeech_1462,LibriSpeech_1462,1,39.32574013759537,maximum_decision_score
4,131,1462-170142-0030,1462/170142,LibriSpeech_1462,LibriSpeech_1462,1,39.32623722294443,maximum_decision_score
2,132,1462-170142-0031,1462/170142,LibriSpeech_1462,LibriSpeech_1462,1,39.326187283879285,maximum_decision_score
1,133,1462-170142-0032,1462/170142,LibriSpeech_1462,LibriSpeech_1462,1,39.32508748754514,maximum_decision_score
4,134,1462-170142-0033,1462/170142,LibriSpeech_1462,LibriSpeech_1462,1,39.32656671319592,maximum_decision_score
3,135,1462-170142-0034,1462/170142,LibriSpeech_1462,LibriSpeech_1462,1,39.32639969688987,maximum_decision_score
3,136,1462-170142-0035,1462/170142,LibriSpeech_1462,LibriSpeech_1462,1,39.322972533609814,maximum_decision_score
4,137,1462-170142-0036,1462/170142,LibriSpeech_1462,LibriSpeech_1462,1,39.32628329794527,maximum_decision_score
3,138,1462-170142-0037,1462/170142,LibriSpeech_1462,LibriSpeech_1462,1,39.32248992803919,maximum_decision_score
2,139,1462-170142-0038,1462/170142,LibriSpeech_1462,LibriSpeech_1462,1,39.325889977566234,maximum_decision_score
2,140,1462-170142-0039,1462/170142,LibriSpeech_1462,LibriSpeech_1462,1,39.32569669959122,maximum_decision_score
3,141,1462-170142-0040,1462/170142,LibriSpeech_1462,LibriSpeech_1462,1,39.32670963875916,maximum_decision_score
2,142,1462-170142-0041,1462/170142,LibriSpeech_1462,LibriSpeech_1462,1,39.325601302354954,maximum_decision_score
2,143,1462-170142-0042,1462/170142,LibriSpeech_1462,LibriSpeech_1462,1,39.323933845841076,maximum_decision_score
5,144,1462-170145-0000,1462/170145,LibriSpeech_1462,LibriSpeech_1462,1,39.32555597192268,maximum_decision_score
5,145,1462-170145-0001,1462/170145,LibriSpeech_1462,LibriSpeech_1462,1,39.32648966664234,maximum_decision_score
2,146,1462-170145-0002,1462/170145,LibriSpeech_1462,LibriSpeech_1462,1,39.325835687421666,maximum_decision_score
5,147,1462-170145-0003,1462/170145,LibriSpeech_1462,LibriSpeech_1462,1,39.32621704923465,maximum_decision_score
2,148,1462-170145-0004,1462/170145,LibriSpeech_1462,LibriSpeech_1462,1,39.326677490084954,maximum_decision_score
5,149,1462-170145-0005,1462/170145,LibriSpeech_1462,LibriSpeech_1462,1,39.325904605057744,maximum_decision_score
1,150,1462-170145-0006,1462/170145,LibriSpeech_1462,LibriSpeech_1462,1,39.325253207822044,maximum_decision_score
4,151,1462-170145-0007,1462/170145,LibriSpeech_1462,LibriSpeech_1462,1,39.32638745554791,maximum_decision_score
3,152,1462-170145-0008,1462/170145,LibriSpeech_1462,LibriSpeech_1462,1,39.326293396359496,maximum_decision_score
1,153,1462-170145-0009,1462/170145,LibriSpeech_1462,LibriSpeech_1462,1,39.32461461845818,maximum_decision_score
4,154,1462-170145-0010,1462/170145,LibriSpeech_1462,LibriSpeech_1462,1,39.32549682652737,maximum_decision_score
5,155,1462-170145-0011,1462/170145,LibriSpeech_1462,LibriSpeech_1462,1,39.32560852961544,maximum_decision_score
5,156,1462-170145-0012,1462/170145,LibriSpeech_1462,LibriSpeech_1462,1,39.325795507865806,maximum_decision_score
3,157,1462-170145-0013,1462/170145,LibriSpeech_1462,LibriSpeech_1462,1,39.32589004743758,maximum_decision_score
1,158,1462-170145-0014,1462/170145,LibriSpeech_1462,LibriSpeech_1462,1,39.327173842182425,maximum_decision_score
5,159,1462-170145-0015,1462/170145,LibriSpeech_1462,LibriSpeech_1462,1,39.326436821970205,maximum_decision_score
1,160,1462-170145-0016,1462/170145,LibriSpeech_1462,LibriSpeech_1462,1,39.32544358296003,maximum_decision_score
3,161,1462-170145-0017,1462/170145,LibriSpeech_1462,LibriSpeech_1462,1,39.32633130924107,maximum_decision_score
4,162,1462-170145-0018,1462/170145,LibriSpeech_1462,LibriSpeech_1462,1,39.326751415457665,maximum_decision_score
2,163,1462-170145-0019,1462/170145,LibriSpeech_1462,LibriSpeech_1462,1,39.32613508770635,maximum_decision_score
4,164,1462-170145-0020,1462/170145,LibriSpeech_1462,LibriSpeech_1462,1,39.3267082236309,maximum_decision_score
5,165,1462-170145-0021,1462/170145,LibriSpeech_1462,LibriSpeech_1462,1,39.32550464711333,maximum_decision_score
1,166,1462-170145-0022,1462/170145,LibriSpeech_1462,LibriSpeech_1462,1,39.32603440067246,maximum_decision_score
5,167,1673-143396-0000,1673/143396,LibriSpeech_1673,LibriSpeech_1673,1,39.32492403501106,maximum_decision_score
4,168,1673-143396-0001,1673/143396,LibriSpeech_1673,LibriSpeech_1673,1,39.32407330685851,maximum_decision_score
3,169,1673-143396-0002,1673/143396,LibriSpeech_1673,LibriSpeech_1673,1,39.32594639234973,maximum_decision_score
4,170,1673-143396-0003,1673/143396,LibriSpeech_1673,LibriSpeech_1673,1,39.32515292137229,maximum_decision_score
4,171,1673-143396-0004,1673/143396,LibriSpeech_1673,LibriSpeech_1673,1,39.32536883096149,maximum_decision_score
1,172,1673-143396-0005,1673/143396,LibriSpeech_1673,LibriSpeech_1673,1,39.32621257055266,maximum_decision_score
5,173,1673-143396-0006,1673/143396,LibriSpeech_1673,LibriSpeech_1673,1,39.325542163815925,maximum_decision_score
3,174,1673-143396-0007,1673/143396,LibriSpeech_1673,LibriSpeech_1673,1,39.32650490247494,maximum_decision_score
2,175,1673-143396-0008,1673/143396,LibriSpeech_1673,LibriSpeech_1673,1,39.32646925526698,maximum_decision_score
2,176,1673-143396-0009,1673/143396,LibriSpeech_1673,LibriSpeech_1673,1,39.32682829797279,maximum_decision_score
1,177,1673-143396-0010,1673/143396,LibriSpeech_1673,LibriSpeech_1673,1,39.32623824023968,maximum_decision_score
5,178,1673-143396-0011,1673/143396,LibriSpeech_1673,LibriSpeech_1673,1,39.32676291573964,maximum_decision_score
3,179,1673-143396-0012,1673/143396,LibriSpeech_1673,LibriSpeech_1673,1,39.326044491976425,maximum_decision_score
1,180,1673-143396-0013,1673/143396,LibriSpeech_1673,LibriSpeech_1673,1,39.325720935667206,maximum_decision_score
5,181,1673-143396-0014,1673/143396,LibriSpeech_1673,LibriSpeech_1673,1,39.325964598549035,maximum_decision_score
1,182,1673-143396-0015,1673/143396,LibriSpeech_1673,LibriSpeech_1673,1,39.3269539196409,maximum_decision_score
2,183,1673-143396-0016,1673/143396,LibriSpeech_1673,LibriSpeech_1673,1,39.326532650842765,maximum_decision_score
1,184,1673-143396-0017,1673/143396,LibriSpeech_1673,LibriSpeech_1673,1,39.32616421761639,maximum_decision_score
3,185,1673-143396-0018,1673/143396,LibriSpeech_1673,LibriSpeech_1673,1,39.32639189683852,maximum_decision_score
3,186,1673-143396-0019,1673/143396,LibriSpeech_1673,LibriSpeech_1673,1,39.32574527656719,maximum_decision_score
3,187,1673-143396-0020,1673/143396,LibriSpeech_1673,LibriSpeech_1673,1,39.326186383354724,maximum_decision_score
5,188,1673-143397-0000,1673/143397,LibriSpeech_1673,LibriSpeech_1673,1,39.32625451111141,maximum_decision_score
2,189,1673-143397-0001,1673/143397,LibriSpeech_1673,LibriSpeech_1673,1,39.32519456755639,maximum_decision_score
1,190,1673-143397-0002,1673/143397,LibriSpeech_1673,LibriSpeech_1673,1,39.32616850389513,maximum_decision_score
4,191,1673-143397-0003,1673/143397,LibriSpeech_1673,LibriSpeech_1673,1,39.32427820692415,maximum_decision_score
2,192,1673-143397-0004,1673/143397,LibriSpeech_1673,LibriSpeech_1673,1,39.3257538238433,maximum_decision_score
2,193,1673-143397-0005,1673/143397,LibriSpeech_1673,LibriSpeech_1673,1,39.325140760608214,maximum_decision_score
5,194,1673-143397-0006,1673/143397,LibriSpeech_1673,LibriSpeech_1673,1,39.32629194697743,maximum_decision_score
4,195,1673-143397-0007,1673/143397,LibriSpeech_1673,LibriSpeech_1673,1,39.32341175796506,maximum_decision_score
2,196,1673-143397-0008,1673/143397,LibriSpeech_1673,LibriSpeech_1673,1,39.32543392317815,maximum_decision_score
3,197,1673-143397-0009,1673/143397,LibriSpeech_1673,LibriSpeech_1673,1,39.32579406323072,maximum_decision_score
4,198,1673-143397-0010,1673/143397,LibriSpeech_1673,LibriSpeech_1673,1,39.32445126621346,maximum_decision_score
1,199,1673-143397-0011,1673/143397,LibriSpeech_1673,LibriSpeech_1673,1,39.32614767165448,maximum_decision_score
5,200,1673-143397-0012,1673/143397,LibriSpeech_1673,LibriSpeech_1673,1,39.32527047528142,maximum_decision_score
4,201,1673-143397-0013,1673/143397,LibriSpeech_1673,LibriSpeech_1673,1,39.32467236075407,maximum_decision_score
2,202,1673-143397-0014,1673/143397,LibriSpeech_1673,LibriSpeech_1673,1,39.325991853272605,maximum_decision_score
3,203,1673-143397-0015,1673/143397,LibriSpeech_1673,LibriSpeech_1673,1,39.32499724633184,maximum_decision_score
1,204,1673-143397-0016,1673/143397,LibriSpeech_1673,LibriSpeech_1673,1,39.326049322050864,maximum_decision_score
4,205,1673-143397-0017,1673/143397,LibriSpeech_1673,LibriSpeech_1673,1,39.3251087883993,maximum_decision_score
5,206,1673-143397-0018,1673/143397,LibriSpeech_1673,LibriSpeech_1673,1,39.32418810406086,maximum_decision_score
3,207,1673-143397-0019,1673/143397,LibriSpeech_1673,LibriSpeech_1673,1,39.326091150046494,maximum_decision_score
4,208,1673-143397-0020,1673/143397,LibriSpeech_1673,LibriSpeech_1673,1,39.32464487341013,maximum_decision_score
3,209,174-168635-0000,174/168635,LibriSpeech_174,LibriSpeech_174,1,39.32535289231673,maximum_decision_score
5,210,174-168635-0001,174/168635,LibriSpeech_174,LibriSpeech_174,1,39.32479080306951,maximum_decision_score
2,211,174-168635-0002,174/168635,LibriSpeech_174,LibriSpeech_174,1,39.32608995147502,maximum_decision_score
3,212,174-168635-0003,174/168635,LibriSpeech_174,LibriSpeech_174,1,39.32629410578096,maximum_decision_score
2,213,174-168635-0004,174/168635,LibriSpeech_174,LibriSpeech_174,1,39.325907314070975,maximum_decision_score
4,214,174-168635-0005,174/168635,LibriSpeech_174,LibriSpeech_174,1,39.32585265128106,maximum_decision_score
5,215,174-168635-0006,174/168635,LibriSpeech_174,LibriSpeech_174,1,39.326148558261075,maximum_decision_score
3,216,174-168635-0007,174/168635,LibriSpeech_174,LibriSpeech_174,1,39.3263770107634,maximum_decision_score
2,217,174-168635-0008,174/168635,LibriSpeech_174,LibriSpeech_174,1,39.326580488666096,maximum_decision_score
5,218,174-168635-0009,174/168635,LibriSpeech_174,LibriSpeech_174,1,39.325744049078416,maximum_decision_score
3,219,174-168635-0010,174/168635,LibriSpeech_174,LibriSpeech_174,1,39.32699038918473,maximum_decision_score
1,220,174-168635-0011,174/168635,LibriSpeech_174,LibriSpeech_174,1,39.326731165096255,maximum_decision_score
5,221,174-168635-0012,174/168635,LibriSpeech_174,LibriSpeech_174,1,39.32674000250435,maximum_decision_score
2,222,174-168635-0013,174/168635,LibriSpeech_174,LibriSpeech_174,1,39.32425128993798,maximum_decision_score
4,223,174-168635-0014,174/168635,LibriSpeech_174,LibriSpeech_174,1,39.32593603303973,maximum_decision_score
5,224,174-168635-0015,174/168635,LibriSpeech_174,LibriSpeech_174,1,39.32547457468526,maximum_decision_score
5,225,174-168635-0016,174/168635,LibriSpeech_174,LibriSpeech_174,1,39.32653575807816,maximum_decision_score
4,226,174-168635-0017,174/168635,LibriSpeech_174,LibriSpeech_174,1,39.32594215672232,maximum_decision_score
4,227,174-168635-0018,174/168635,LibriSpeech_174,LibriSpeech_174,1,39.32631305343237,maximum_decision_score
1,228,174-168635-0019,174/168635,LibriSpeech_174,LibriSpeech_174,1,39.326860981244046,maximum_decision_score
1,229,174-168635-0020,174/168635,LibriSpeech_174,LibriSpeech_174,1,39.326400819747576,maximum_decision_score
3,230,174-168635-0021,174/168635,LibriSpeech_174,LibriSpeech_174,1,39.326359978076276,maximum_decision_score
5,231,174-168635-0022,174/168635,LibriSpeech_174,LibriSpeech_174,1,39.326371956194805,maximum_decision_score
1,232,174-50561-0000,174/50561,LibriSpeech_174,LibriSpeech_174,1,39.32685102710563,maximum_decision_score
5,233,174-50561-0001,174/50561,LibriSpeech_174,LibriSpeech_174,1,39.32563881415832,maximum_decision_score
1,234,174-50561-0002,174/50561,LibriSpeech_174,LibriSpeech_174,1,39.324808775182845,maximum_decision_score
4,235,174-50561-0003,174/50561,LibriSpeech_174,LibriSpeech_174,1,39.32725691644781,maximum_decision_score
1,236,174-50561-0004,174/50561,LibriSpeech_174,LibriSpeech_174,1,39.323440148471434,maximum_decision_score
2,237,174-50561-0005,174/50561,LibriSpeech_174,LibriSpeech_174,1,39.325273978575375,maximum_decision_score
4,238,174-50561-0006,174/50561,LibriSpeech_174,LibriSpeech_174,1,39.325135859039214,maximum_decision_score
2,239,174-50561-0007,174/50561,LibriSpeech_174,LibriSpeech_174,1,39.32542845169541,maximum_decision_score
4,240,174-50561-0008,174/50561,LibriSpeech_174,LibriSpeech_174,1,39.32623837328996,maximum_decision_score
5,241,174-50561-0009,174/50561,LibriSpeech_174,LibriSpeech_174,1,39.32672288641342,maximum_decision_score
1,242,174-50561-0010,174/50561,LibriSpeech_174,LibriSpeech_174,1,39.32616419062657,maximum_decision_score
3,243,174-50561-0011,174/50561,LibriSpeech_174,LibriSpeech_174,1,39.32596262023447,maximum_decision_score
3,244,174-50561-0012,174/50561,LibriSpeech_174,LibriSpeech_174,1,39.32628323330175,maximum_decision_score
4,245,174-50561-0013,174/50561,LibriSpeech_174,LibriSpeech_174,1,39.325920789515614,maximum_decision_score
1,246,174-50561-0014,174/50561,LibriSpeech_174,LibriSpeech_174,1,39.32307638765878,maximum_decision_score
3,247,174-50561-0015,174/50561,LibriSpeech_174,LibriSpeech_174,1,39.325408047305174,maximum_decision_score
1,248,174-50561-0016,174/50561,LibriSpeech_174,LibriSpeech_174,1,39.32653440150553,maximum_decision_score
5,249,174-50561-0017,174/50561,LibriSpeech_174,LibriSpeech_174,1,39.32384382185458,maximum_decision_score
4,250,174-50561-0018,174/50561,LibriSpeech_174,LibriSpeech_174,1,39.322937071757444,maximum_decision_score
4,251,174-50561-0019,174/50561,LibriSpeech_174,LibriSpeech_174,1,39.32444710384719,maximum_decision_score
2,252,174-84280-0000,174/84280,LibriSpeech_174,LibriSpeech_174,1,39.3245978786658,maximum_decision_score
2,253,174-84280-0001,174/84280,LibriSpeech_174,LibriSpeech_174,1,39.32626926388479,maximum_decision_score
2,254,174-84280-0002,174/84280,LibriSpeech_174,LibriSpeech_174,1,39.32604795688828,maximum_decision_score
1,255,174-84280-0003,174/84280,LibriSpeech_174,LibriSpeech_174,1,39.32577948248415,maximum_decision_score
4,256,174-84280-0004,174/84280,LibriSpeech_174,LibriSpeech_174,1,39.32627186414171,maximum_decision_score
5,257,174-84280-0005,174/84280,LibriSpeech_174,LibriSpeech_174,1,39.32504050369475,maximum_decision_score
5,258,174-84280-0006,174/84280,LibriSpeech_174,LibriSpeech_174,1,39.32574030652927,maximum_decision_score
3,259,174-84280-0007,174/84280,LibriSpeech_174,LibriSpeech_174,1,39.326430603590794,maximum_decision_score
1,260,174-84280-0008,174/84280,LibriSpeech_174,LibriSpeech_174,1,39.32535831067404,maximum_decision_score
2,261,174-84280-0009,174/84280,LibriSpeech_174,LibriSpeech_174,1,39.32428550459845,maximum_decision_score
3,262,174-84280-0010,174/84280,LibriSpeech_174,LibriSpeech_174,1,39.32563263767523,maximum_decision_score
2,263,174-84280-0011,174/84280,LibriSpeech_174,LibriSpeech_174,1,39.32427554722338,maximum_decision_score
1,264,174-84280-0012,174/84280,LibriSpeech_174,LibriSpeech_174,1,39.32617975527846,maximum_decision_score
2,265,174-84280-0013,174/84280,LibriSpeech_174,LibriSpeech_174,1,39.32493096733097,maximum_decision_score
4,266,174-84280-0014,174/84280,LibriSpeech_174,LibriSpeech_174,1,39.32491056209969,maximum_decision_score
3,267,174-84280-0015,174/84280,LibriSpeech_174,LibriSpeech_174,1,39.32620584055669,maximum_decision_score
5,268,1919-142785-0000,1919/142785,LibriSpeech_1919,LibriSpeech_1919,1,39.32601282701778,maximum_decision_score
4,269,1919-142785-0001,1919/142785,LibriSpeech_1919,LibriSpeech_1919,1,39.32535424379149,maximum_decision_score
3,270,1919-142785-0002,1919/142785,LibriSpeech_1919,LibriSpeech_1919,1,39.32616666943531,maximum_decision_score
2,271,1919-142785-0003,1919/142785,LibriSpeech_1919,LibriSpeech_1919,1,39.32406475235039,maximum_decision_score
3,272,1919-142785-0004,1919/142785,LibriSpeech_1919,LibriSpeech_1919,1,39.32494552978989,maximum_decision_score
4,273,1919-142785-0005,1919/142785,LibriSpeech_1919,LibriSpeech_1919,1,39.32597500888664,maximum_decision_score
4,274,1919-142785-0006,1919/142785,LibriSpeech_1919,LibriSpeech_1919,1,39.325764401357475,maximum_decision_score
5,275,1919-142785-0007,1919/142785,LibriSpeech_1919,LibriSpeech_1919,1,39.3259023929357,maximum_decision_score
3,276,1919-142785-0008,1919/142785,LibriSpeech_1919,LibriSpeech_1919,1,39.324953881267696,maximum_decision_score
2,277,1919-142785-0009,1919/142785,LibriSpeech_1919,LibriSpeech_1919,1,39.32460695307167,maximum_decision_score
5,278,1919-142785-0010,1919/142785,LibriSpeech_1919,LibriSpeech_1919,1,39.3265519799587,maximum_decision_score
1,279,1919-142785-0011,1919/142785,LibriSpeech_1919,LibriSpeech_1919,1,39.32681302499304,maximum_decision_score
2,280,1919-142785-0012,1919/142785,LibriSpeech_1919,LibriSpeech_1919,1,39.32565782080592,maximum_decision_score
3,281,1919-142785-0013,1919/142785,LibriSpeech_1919,LibriSpeech_1919,1,39.326593694523126,maximum_decision_score
2,282,1919-142785-0014,1919/142785,LibriSpeech_1919,LibriSpeech_1919,1,39.325825441395324,maximum_decision_score
5,283,1919-142785-0015,1919/142785,LibriSpeech_1919,LibriSpeech_1919,1,39.32605188672059,maximum_decision_score
3,284,1919-142785-0016,1919/142785,LibriSpeech_1919,LibriSpeech_1919,1,39.32596095605749,maximum_decision_score
2,285,1919-142785-0017,1919/142785,LibriSpeech_1919,LibriSpeech_1919,1,39.32666627365944,maximum_decision_score
1,286,1919-142785-0018,1919/142785,LibriSpeech_1919,LibriSpeech_1919,1,39.3263542109377,maximum_decision_score
4,287,1919-142785-0019,1919/142785,LibriSpeech_1919,LibriSpeech_1919,1,39.32619715212038,maximum_decision_score
3,288,1919-142785-0020,1919/142785,LibriSpeech_1919,LibriSpeech_1919,1,39.32599766678966,maximum_decision_score
2,289,1919-142785-0021,1919/142785,LibriSpeech_1919,LibriSpeech_1919,1,39.324166252779506,maximum_decision_score
3,290,1919-142785-0022,1919/142785,LibriSpeech_1919,LibriSpeech_1919,1,39.32622735837755,maximum_decision_score
5,291,1919-142785-0023,1919/142785,LibriSpeech_1919,LibriSpeech_1919,1,39.326770379992844,maximum_decision_score
5,292,1919-142785-0024,1919/142785,LibriSpeech_1919,LibriSpeech_1919,1,39.325475177376035,maximum_decision_score
2,293,1919-142785-0025,1919/142785,LibriSpeech_1919,LibriSpeech_1919,1,39.32638900439865,maximum_decision_score
5,294,1919-142785-0026,1919/142785,LibriSpeech_1919,LibriSpeech_1919,1,39.32677662702668,maximum_decision_score
3,295,1919-142785-0027,1919/142785,LibriSpeech_1919,LibriSpeech_1919,1,39.32595012407775,maximum_decision_score
1,296,1919-142785-0028,1919/142785,LibriSpeech_1919,LibriSpeech_1919,1,39.32566851631869,maximum_decision_score
1,297,1919-142785-0029,1919/142785,LibriSpeech_1919,LibriSpeech_1919,1,39.32305064388738,maximum_decision_score
3,298,1919-142785-0030,1919/142785,LibriSpeech_1919,LibriSpeech_1919,1,39.32663385849363,maximum_decision_score
4,299,1919-142785-0031,1919/142785,LibriSpeech_1919,LibriSpeech_1919,1,39.326499807153965,maximum_decision_score
1,300,1919-142785-0032,1919/142785,LibriSpeech_1919,LibriSpeech_1919,1,39.325661540236275,maximum_decision_score
1,301,1919-142785-0033,1919/142785,LibriSpeech_1919,LibriSpeech_1919,1,39.32623409226308,maximum_decision_score
3,302,1919-142785-0034,1919/142785,LibriSpeech_1919,LibriSpeech_1919,1,39.325042370772074,maximum_decision_score
3,303,1919-142785-0035,1919/142785,LibriSpeech_1919,LibriSpeech_1919,1,39.325153753611964,maximum_decision_score
3,304,1919-142785-0036,1919/142785,LibriSpeech_1919,LibriSpeech_1919,1,39.32623721995006,maximum_decision_score
4,305,1919-142785-0037,1919/142785,LibriSpeech_1919,LibriSpeech_1919,1,39.32597642959302,maximum_decision_score
1,306,1919-142785-0038,1919/142785,LibriSpeech_1919,LibriSpeech_1919,1,39.32606070081234,maximum_decision_score
2,307,1919-142785-0039,1919/142785,LibriSpeech_1919,LibriSpeech_1919,1,39.324465125342115,maximum_decision_score
5,308,1919-142785-0040,1919/142785,LibriSpeech_1919,LibriSpeech_1919,1,39.32567905443092,maximum_decision_score
2,309,1919-142785-0041,1919/142785,LibriSpeech_1919,LibriSpeech_1919,1,39.32514255850191,maximum_decision_score
4,310,1919-142785-0042,1919/142785,LibriSpeech_1919,LibriSpeech_1919,1,39.32620340861855,maximum_decision_score
5,311,1919-142785-0043,1919/142785,LibriSpeech_1919,LibriSpeech_1919,1,39.32597278996582,maximum_decision_score
1,312,1919-142785-0044,1919/142785,LibriSpeech_1919,LibriSpeech_1919,1,39.326044096421974,maximum_decision_score
5,313,1919-142785-0045,1919/142785,LibriSpeech_1919,LibriSpeech_1919,1,39.32473080366018,maximum_decision_score
4,314,1919-142785-0046,1919/142785,LibriSpeech_1919,LibriSpeech_1919,1,39.32521453629629,maximum_decision_score
2,315,1919-142785-0047,1919/142785,LibriSpeech_1919,LibriSpeech_1919,1,39.326315774275535,maximum_decision_score
4,316,1919-142785-0048,1919/142785,LibriSpeech_1919,LibriSpeech_1919,1,39.32634469580563,maximum_decision_score
2,317,1919-142785-0049,1919/142785,LibriSpeech_1919,LibriSpeech_1919,1,39.326271845310764,maximum_decision_score
4,318,1919-142785-0050,1919/142785,LibriSpeech_1919,LibriSpeech_1919,1,39.325939747193566,maximum_decision_score
5,319,1919-142785-0051,1919/142785,LibriSpeech_1919,LibriSpeech_1919,1,39.3258867039573,maximum_decision_score
2,320,1919-142785-0052,1919/142785,LibriSpeech_1919,LibriSpeech_1919,1,39.32564797990129,maximum_decision_score
2,321,1919-142785-0053,1919/142785,LibriSpeech_1919,LibriSpeech_1919,1,39.32647040438637,maximum_decision_score
1,322,1919-142785-0054,1919/142785,LibriSpeech_1919,LibriSpeech_1919,1,39.326293551390684,maximum_decision_score
4,323,1919-142785-0055,1919/142785,LibriSpeech_1919,LibriSpeech_1919,1,39.32659747687575,maximum_decision_score
1,324,1919-142785-0056,1919/142785,LibriSpeech_1919,LibriSpeech_1919,1,39.32492197124714,maximum_decision_score
5,325,1919-142785-0057,1919/142785,LibriSpeech_1919,LibriSpeech_1919,1,39.326707391552766,maximum_decision_score
1,326,1919-142785-0058,1919/142785,LibriSpeech_1919,LibriSpeech_1919,1,39.323745291535715,maximum_decision_score
1,327,1919-142785-0059,1919/142785,LibriSpeech_1919,LibriSpeech_1919,1,39.32633385570753,maximum_decision_score
4,328,1919-142785-0060,1919/142785,LibriSpeech_1919,LibriSpeech_1919,1,39.326274178300366,maximum_decision_score
1,329,1919-142785-0061,1919/142785,LibriSpeech_1919,LibriSpeech_1919,1,39.325896290684966,maximum_decision_score
3,330,1919-142785-0062,1919/142785,LibriSpeech_1919,LibriSpeech_1919,1,39.32620264462453,maximum_decision_score
5,331,1919-142785-0063,1919/142785,LibriSpeech_1919,LibriSpeech_1919,1,39.32638042067127,maximum_decision_score
2,332,1988-147956-0000,1988/147956,LibriSpeech_1988,LibriSpeech_1988,1,39.326315907115436,maximum_decision_score
3,333,1988-147956-0001,1988/147956,LibriSpeech_1988,LibriSpeech_1988,1,39.32616545126116,maximum_decision_score
1,334,1988-147956-0002,1988/147956,LibriSpeech_1988,LibriSpeech_1988,1,39.32532308811831,maximum_decision_score
5,335,1988-147956-0003,1988/147956,LibriSpeech_1988,LibriSpeech_1988,1,39.323879505502866,maximum_decision_score
3,336,1988-147956-0004,1988/147956,LibriSpeech_1988,LibriSpeech_1988,1,39.3262836372094,maximum_decision_score
1,337,1988-147956-0005,1988/147956,LibriSpeech_1988,LibriSpeech_1988,1,39.322279210515326,maximum_decision_score
4,338,1988-147956-0006,1988/147956,LibriSpeech_1988,LibriSpeech_1988,1,39.3258167187798,maximum_decision_score
1,339,1988-147956-0007,1988/147956,LibriSpeech_1988,LibriSpeech_1988,1,39.32583116125663,maximum_decision_score
5,340,1988-147956-0008,1988/147956,LibriSpeech_1988,LibriSpeech_1988,1,39.32628869874637,maximum_decision_score
3,341,1988-147956-0009,1988/147956,LibriSpeech_1988,LibriSpeech_1988,1,39.327329559316965,maximum_decision_score
2,342,1988-147956-0010,1988/147956,LibriSpeech_1988,LibriSpeech_1988,1,39.325983722702986,maximum_decision_score
2,343,1988-147956-0011,1988/147956,LibriSpeech_1988,LibriSpeech_1988,1,39.32657371059551,maximum_decision_score
4,344,1988-147956-0012,1988/147956,LibriSpeech_1988,LibriSpeech_1988,1,39.327118147633094,maximum_decision_score
4,345,1988-147956-0013,1988/147956,LibriSpeech_1988,LibriSpeech_1988,1,39.325342348017315,maximum_decision_score
4,346,1988-147956-0014,1988/147956,LibriSpeech_1988,LibriSpeech_1988,1,39.32501675670266,maximum_decision_score
4,347,1988-147956-0015,1988/147956,LibriSpeech_1988,LibriSpeech_1988,1,39.326614708162374,maximum_decision_score
3,348,1988-147956-0016,1988/147956,LibriSpeech_1988,LibriSpeech_1988,1,39.32684276340755,maximum_decision_score
1,349,1988-147956-0017,1988/147956,LibriSpeech_1988,LibriSpeech_1988,1,39.326942642361445,maximum_decision_score
4,350,1988-147956-0018,1988/147956,LibriSpeech_1988,LibriSpeech_1988,1,39.32673858911357,maximum_decision_score
2,351,1988-147956-0019,1988/147956,LibriSpeech_1988,LibriSpeech_1988,1,39.326403749070714,maximum_decision_score
3,352,1988-147956-0020,1988/147956,LibriSpeech_1988,LibriSpeech_1988,1,39.32698485498071,maximum_decision_score
1,353,1988-147956-0021,1988/147956,LibriSpeech_1988,LibriSpeech_1988,1,39.32575586565031,maximum_decision_score
1,354,1988-147956-0022,1988/147956,LibriSpeech_1988,LibriSpeech_1988,1,39.32648377288364,maximum_decision_score
3,355,1988-147956-0023,1988/147956,LibriSpeech_1988,LibriSpeech_1988,1,39.3269845963412,maximum_decision_score
2,356,1988-147956-0024,1988/147956,LibriSpeech_1988,LibriSpeech_1988,1,39.32655732345696,maximum_decision_score
1,357,1988-147956-0025,1988/147956,LibriSpeech_1988,LibriSpeech_1988,1,39.32588842309045,maximum_decision_score
5,358,1988-147956-0026,1988/147956,LibriSpeech_1988,LibriSpeech_1988,1,39.326697255984,maximum_decision_score
5,359,1988-147956-0027,1988/147956,LibriSpeech_1988,LibriSpeech_1988,1,39.326763675888735,maximum_decision_score
2,360,1988-147956-0028,1988/147956,LibriSpeech_1988,LibriSpeech_1988,1,39.32694996442044,maximum_decision_score
3,361,1988-147956-0029,1988/147956,LibriSpeech_1988,LibriSpeech_1988,1,39.32714510064253,maximum_decision_score
5,362,1988-148538-0000,1988/148538,LibriSpeech_1988,LibriSpeech_1988,1,39.326156663940424,maximum_decision_score
1,363,1988-148538-0001,1988/148538,LibriSpeech_1988,LibriSpeech_1988,1,39.32550057411261,maximum_decision_score
3,364,1988-148538-0002,1988/148538,LibriSpeech_1988,LibriSpeech_1988,1,39.32487891951815,maximum_decision_score
3,365,1988-148538-0003,1988/148538,LibriSpeech_1988,LibriSpeech_1988,1,39.325076617160256,maximum_decision_score
3,366,1988-148538-0004,1988/148538,LibriSpeech_1988,LibriSpeech_1988,1,39.32502812438388,maximum_decision_score
1,367,1988-148538-0005,1988/148538,LibriSpeech_1988,LibriSpeech_1988,1,39.32523959303928,maximum_decision_score
5,368,1988-148538-0006,1988/148538,LibriSpeech_1988,LibriSpeech_1988,1,39.3252987063549,maximum_decision_score
5,369,1988-148538-0007,1988/148538,LibriSpeech_1988,LibriSpeech_1988,1,39.325150809819725,maximum_decision_score
2,370,1988-148538-0008,1988/148538,LibriSpeech_1988,LibriSpeech_1988,1,39.32575449728702,maximum_decision_score
2,371,1988-148538-0009,1988/148538,LibriSpeech_1988,LibriSpeech_1988,1,39.325095539344375,maximum_decision_score
5,372,1988-148538-0010,1988/148538,LibriSpeech_1988,LibriSpeech_1988,1,39.324888117682704,maximum_decision_score
1,373,1988-148538-0011,1988/148538,LibriSpeech_1988,LibriSpeech_1988,1,39.32475620883403,maximum_decision_score
4,374,1988-148538-0012,1988/148538,LibriSpeech_1988,LibriSpeech_1988,1,39.32544001427015,maximum_decision_score
3,375,1988-148538-0013,1988/148538,LibriSpeech_1988,LibriSpeech_1988,1,39.32541782143143,maximum_decision_score
1,376,1988-148538-0014,1988/148538,LibriSpeech_1988,LibriSpeech_1988,1,39.32575576926792,maximum_decision_score
2,377,1988-148538-0015,1988/148538,LibriSpeech_1988,LibriSpeech_1988,1,39.325194978422665,maximum_decision_score
2,378,1988-24833-0000,1988/24833,LibriSpeech_1988,LibriSpeech_1988,1,39.32557006355324,maximum_decision_score
4,379,1988-24833-0001,1988/24833,LibriSpeech_1988,LibriSpeech_1988,1,39.32653612054542,maximum_decision_score
3,380,1988-24833-0002,1988/24833,LibriSpeech_1988,LibriSpeech_1988,1,39.326869382006755,maximum_decision_score
2,381,1988-24833-0003,1988/24833,LibriSpeech_1988,LibriSpeech_1988,1,39.32588720031437,maximum_decision_score
2,382,1988-24833-0004,1988/24833,LibriSpeech_1988,LibriSpeech_1988,1,39.32710472038644,maximum_decision_score
5,383,1988-24833-0005,1988/24833,LibriSpeech_1988,LibriSpeech_1988,1,39.326579018457544,maximum_decision_score
1,384,1988-24833-0006,1988/24833,LibriSpeech_1988,LibriSpeech_1988,1,39.32569411859757,maximum_decision_score
4,385,1988-24833-0007,1988/24833,LibriSpeech_1988,LibriSpeech_1988,1,39.32656548464869,maximum_decision_score
2,386,1988-24833-0008,1988/24833,LibriSpeech_1988,LibriSpeech_1988,1,39.32558334688403,maximum_decision_score
4,387,1988-24833-0009,1988/24833,LibriSpeech_1988,LibriSpeech_1988,1,39.3266182764239,maximum_decision_score
2,388,1988-24833-0010,1988/24833,LibriSpeech_1988,LibriSpeech_1988,1,39.32342616454744,maximum_decision_score
5,389,1988-24833-0011,1988/24833,LibriSpeech_1988,LibriSpeech_1988,1,39.326407163569584,maximum_decision_score
5,390,1988-24833-0012,1988/24833,LibriSpeech_1988,LibriSpeech_1988,1,39.32522201382854,maximum_decision_score
3,391,1988-24833-0013,1988/24833,LibriSpeech_1988,LibriSpeech_1988,1,39.32673193386085,maximum_decision_score
2,392,1988-24833-0014,1988/24833,LibriSpeech_1988,LibriSpeech_1988,1,39.32704983175578,maximum_decision_score
4,393,1988-24833-0015,1988/24833,LibriSpeech_1988,LibriSpeech_1988,1,39.3270730273201,maximum_decision_score
4,394,1988-24833-0016,1988/24833,LibriSpeech_1988,LibriSpeech_1988,1,39.32645879745824,maximum_decision_score
5,395,1988-24833-0017,1988/24833,LibriSpeech_1988,LibriSpeech_1988,1,39.32720432591963,maximum_decision_score
5,396,1988-24833-0018,1988/24833,LibriSpeech_1988,LibriSpeech_1988,1,39.32634199734398,maximum_decision_score
1,397,1988-24833-0019,1988/24833,LibriSpeech_1988,LibriSpeech_1988,1,39.32653742650464,maximum_decision_score
3,398,1988-24833-0020,1988/24833,LibriSpeech_1988,LibriSpeech_1988,1,39.3275584204123,maximum_decision_score
4,399,1988-24833-0021,1988/24833,LibriSpeech_1988,LibriSpeech_1988,1,39.327512716867986,maximum_decision_score
5,400,1988-24833-0022,1988/24833,LibriSpeech_1988,LibriSpeech_1988,1,39.32707682838455,maximum_decision_score
4,401,1988-24833-0023,1988/24833,LibriSpeech_1988,LibriSpeech_1988,1,39.3268296671638,maximum_decision_score
5,402,1988-24833-0024,1988/24833,LibriSpeech_1988,LibriSpeech_1988,1,39.32665975022357,maximum_decision_score
4,403,1988-24833-0025,1988/24833,LibriSpeech_1988,LibriSpeech_1988,1,39.3256833350748,maximum_decision_score
1,404,1988-24833-0026,1988/24833,LibriSpeech_1988,LibriSpeech_1988,1,39.3269530194829,maximum_decision_score
1,405,1988-24833-0027,1988/24833,LibriSpeech_1988,LibriSpeech_1988,1,39.32687405125504,maximum_decision_score
3,406,1988-24833-0028,1988/24833,LibriSpeech_1988,LibriSpeech_1988,1,39.326135967143806,maximum_decision_score
1,407,1993-147149-0000,1993/147149,LibriSpeech_1993,LibriSpeech_1993,1,39.325688943426094,maximum_decision_score
3,408,1993-147149-0001,1993/147149,LibriSpeech_1993,LibriSpeech_1993,1,39.32573368714615,maximum_decision_score
4,409,1993-147149-0002,1993/147149,LibriSpeech_1993,LibriSpeech_1993,1,39.32585758781384,maximum_decision_score
3,410,1993-147149-0003,1993/147149,LibriSpeech_1993,LibriSpeech_1993,1,39.32515116095992,maximum_decision_score
1,411,1993-147149-0004,1993/147149,LibriSpeech_1993,LibriSpeech_1993,1,39.32661465174889,maximum_decision_score
2,412,1993-147149-0005,1993/147149,LibriSpeech_1993,LibriSpeech_1993,1,39.32583702656849,maximum_decision_score
5,413,1993-147149-0006,1993/147149,LibriSpeech_1993,LibriSpeech_1993,1,39.326174263770355,maximum_decision_score
4,414,1993-147149-0007,1993/147149,LibriSpeech_1993,LibriSpeech_1993,1,39.32546132855778,maximum_decision_score
4,415,1993-147149-0008,1993/147149,LibriSpeech_1993,LibriSpeech_1993,1,39.32691928448476,maximum_decision_score
5,416,1993-147149-0009,1993/147149,LibriSpeech_1993,LibriSpeech_1993,1,39.32673403750365,maximum_decision_score
5,417,1993-147149-0010,1993/147149,LibriSpeech_1993,LibriSpeech_1993,1,39.326242786054365,maximum_decision_score
5,418,1993-147149-0011,1993/147149,LibriSpeech_1993,LibriSpeech_1993,1,39.326799453564156,maximum_decision_score
2,419,1993-147149-0012,1993/147149,LibriSpeech_1993,LibriSpeech_1993,1,39.32538406845671,maximum_decision_score
5,420,1993-147149-0013,1993/147149,LibriSpeech_1993,LibriSpeech_1993,1,39.326240486627135,maximum_decision_score
3,421,1993-147149-0014,1993/147149,LibriSpeech_1993,LibriSpeech_1993,1,39.32326423866401,maximum_decision_score
2,422,1993-147149-0015,1993/147149,LibriSpeech_1993,LibriSpeech_1993,1,39.32669129284357,maximum_decision_score
4,423,1993-147149-0016,1993/147149,LibriSpeech_1993,LibriSpeech_1993,1,39.32619550247928,maximum_decision_score
2,424,1993-147149-0017,1993/147149,LibriSpeech_1993,LibriSpeech_1993,1,39.3260981878381,maximum_decision_score
1,425,1993-147149-0018,1993/147149,LibriSpeech_1993,LibriSpeech_1993,1,39.326639746345506,maximum_decision_score
1,426,1993-147149-0019,1993/147149,LibriSpeech_1993,LibriSpeech_1993,1,39.32639132828662,maximum_decision_score
2,427,1993-147149-0020,1993/147149,LibriSpeech_1993,LibriSpeech_1993,1,39.326118136664,maximum_decision_score
3,428,1993-147149-0021,1993/147149,LibriSpeech_1993,LibriSpeech_1993,1,39.32630893594261,maximum_decision_score
1,429,1993-147149-0022,1993/147149,LibriSpeech_1993,LibriSpeech_1993,1,39.32621402284973,maximum_decision_score
4,430,1993-147149-0023,1993/147149,LibriSpeech_1993,LibriSpeech_1993,1,39.32597065499817,maximum_decision_score
2,431,1993-147149-0024,1993/147149,LibriSpeech_1993,LibriSpeech_1993,1,39.326660978532736,maximum_decision_score
3,432,1993-147149-0025,1993/147149,LibriSpeech_1993,LibriSpeech_1993,1,39.325301113832644,maximum_decision_score
3,433,1993-147149-0026,1993/147149,LibriSpeech_1993,LibriSpeech_84,0,39.32042141424037,maximum_decision_score
5,434,1993-147149-0027,1993/147149,LibriSpeech_1993,LibriSpeech_1993,1,39.3260566855719,maximum_decision_score
3,435,1993-147149-0028,1993/147149,LibriSpeech_1993,LibriSpeech_1993,1,39.32623730349938,maximum_decision_score
4,436,1993-147149-0029,1993/147149,LibriSpeech_1993,LibriSpeech_1993,1,39.325538606153025,maximum_decision_score
1,437,1993-147149-0030,1993/147149,LibriSpeech_1993,LibriSpeech_1993,1,39.325955719195115,maximum_decision_score
5,438,1993-147964-0000,1993/147964,LibriSpeech_1993,LibriSpeech_1993,1,39.32662734259476,maximum_decision_score
4,439,1993-147964-0001,1993/147964,LibriSpeech_1993,LibriSpeech_1993,1,39.32535485796226,maximum_decision_score
1,440,1993-147964-0002,1993/147964,LibriSpeech_1993,LibriSpeech_1993,1,39.32635740163357,maximum_decision_score
2,441,1993-147964-0003,1993/147964,LibriSpeech_1993,LibriSpeech_1993,1,39.326985466337845,maximum_decision_score
5,442,1993-147964-0004,1993/147964,LibriSpeech_1993,LibriSpeech_1993,1,39.32558669342104,maximum_decision_score
1,443,1993-147964-0005,1993/147964,LibriSpeech_1993,LibriSpeech_1993,1,39.32614151621778,maximum_decision_score
2,444,1993-147964-0006,1993/147964,LibriSpeech_1993,LibriSpeech_1993,1,39.32549051461526,maximum_decision_score
3,445,1993-147964-0007,1993/147964,LibriSpeech_1993,LibriSpeech_1993,1,39.32596499171255,maximum_decision_score
5,446,1993-147964-0008,1993/147964,LibriSpeech_1993,LibriSpeech_1993,1,39.32629629708514,maximum_decision_score
4,447,1993-147964-0009,1993/147964,LibriSpeech_1993,LibriSpeech_1993,1,39.32630514926319,maximum_decision_score
2,448,1993-147964-0010,1993/147964,LibriSpeech_1993,LibriSpeech_1993,1,39.325696696619794,maximum_decision_score
4,449,1993-147965-0000,1993/147965,LibriSpeech_1993,LibriSpeech_1993,1,39.324336821568345,maximum_decision_score
1,450,1993-147965-0001,1993/147965,LibriSpeech_1993,LibriSpeech_1993,1,39.32159167139281,maximum_decision_score
4,451,1993-147965-0002,1993/147965,LibriSpeech_1993,LibriSpeech_1993,1,39.326060659349125,maximum_decision_score
2,452,1993-147965-0003,1993/147965,LibriSpeech_1993,LibriSpeech_1993,1,39.32505314215367,maximum_decision_score
4,453,1993-147965-0004,1993/147965,LibriSpeech_1993,LibriSpeech_1993,1,39.32587128178269,maximum_decision_score
5,454,1993-147965-0005,1993/147965,LibriSpeech_1993,LibriSpeech_1993,1,39.32592923356402,maximum_decision_score
1,455,1993-147965-0006,1993/147965,LibriSpeech_1993,LibriSpeech_1993,1,39.32516195580442,maximum_decision_score
4,456,1993-147965-0007,1993/147965,LibriSpeech_1993,LibriSpeech_1993,1,39.32509305863627,maximum_decision_score
5,457,1993-147965-0008,1993/147965,LibriSpeech_1993,LibriSpeech_1993,1,39.32638885465341,maximum_decision_score
3,458,1993-147966-0000,1993/147966,LibriSpeech_1993,LibriSpeech_1993,1,39.32587265943068,maximum_decision_score
3,459,1993-147966-0001,1993/147966,LibriSpeech_1993,LibriSpeech_1993,1,39.32682324798576,maximum_decision_score
1,460,1993-147966-0002,1993/147966,LibriSpeech_1993,LibriSpeech_1993,1,39.325119661222615,maximum_decision_score
2,461,1993-147966-0003,1993/147966,LibriSpeech_1993,LibriSpeech_1993,1,39.32469255163426,maximum_decision_score
3,462,1993-147966-0004,1993/147966,LibriSpeech_1993,LibriSpeech_1993,1,39.32552840884304,maximum_decision_score
2,463,1993-147966-0005,1993/147966,LibriSpeech_1993,LibriSpeech_1993,1,39.327004571433676,maximum_decision_score
3,464,1993-147966-0006,1993/147966,LibriSpeech_1993,LibriSpeech_1993,1,39.32461359276997,maximum_decision_score
2,465,2035-147960-0000,2035/147960,LibriSpeech_2035,LibriSpeech_2035,1,39.3264200772577,maximum_decision_score
5,466,2035-147960-0001,2035/147960,LibriSpeech_2035,LibriSpeech_2035,1,39.3258667584722,maximum_decision_score
4,467,2035-147960-0002,2035/147960,LibriSpeech_2035,LibriSpeech_2035,1,39.3258732458982,maximum_decision_score
4,468,2035-147960-0003,2035/147960,LibriSpeech_2035,LibriSpeech_2035,1,39.32624594492194,maximum_decision_score
1,469,2035-147960-0004,2035/147960,LibriSpeech_2035,LibriSpeech_2035,1,39.32680561728708,maximum_decision_score
4,470,2035-147960-0005,2035/147960,LibriSpeech_2035,LibriSpeech_2035,1,39.32652846952006,maximum_decision_score
3,471,2035-147960-0006,2035/147960,LibriSpeech_2035,LibriSpeech_2035,1,39.32457969483704,maximum_decision_score
4,472,2035-147960-0007,2035/147960,LibriSpeech_2035,LibriSpeech_2035,1,39.32594965271917,maximum_decision_score
5,473,2035-147960-0008,2035/147960,LibriSpeech_2035,LibriSpeech_2035,1,39.325339713122645,maximum_decision_score
4,474,2035-147960-0009,2035/147960,LibriSpeech_2035,LibriSpeech_2035,1,39.324641622998065,maximum_decision_score
3,475,2035-147960-0010,2035/147960,LibriSpeech_2035,LibriSpeech_2035,1,39.326808736410555,maximum_decision_score
5,476,2035-147960-0011,2035/147960,LibriSpeech_2035,LibriSpeech_2035,1,39.326355780155716,maximum_decision_score
3,477,2035-147960-0012,2035/147960,LibriSpeech_2035,LibriSpeech_2035,1,39.32597694344939,maximum_decision_score
2,478,2035-147960-0013,2035/147960,LibriSpeech_2035,LibriSpeech_2035,1,39.32555850434604,maximum_decision_score
2,479,2035-147960-0014,2035/147960,LibriSpeech_2035,LibriSpeech_2035,1,39.324148670951175,maximum_decision_score
4,480,2035-147960-0015,2035/147960,LibriSpeech_2035,LibriSpeech_2035,1,39.323830247503146,maximum_decision_score
5,481,2035-147960-0016,2035/147960,LibriSpeech_2035,LibriSpeech_2035,1,39.32602524592418,maximum_decision_score
1,482,2035-147961-0000,2035/147961,LibriSpeech_2035,LibriSpeech_2035,1,39.32610737956121,maximum_decision_score
5,483,2035-147961-0001,2035/147961,LibriSpeech_2035,LibriSpeech_2035,1,39.325622177628894,maximum_decision_score
5,484,2035-147961-0002,2035/147961,LibriSpeech_2035,LibriSpeech_2035,1,39.32701486379068,maximum_decision_score
1,485,2035-147961-0003,2035/147961,LibriSpeech_2035,LibriSpeech_2035,1,39.326281416801706,maximum_decision_score
1,486,2035-147961-0004,2035/147961,LibriSpeech_2035,LibriSpeech_2035,1,39.32618972623618,maximum_decision_score
3,487,2035-147961-0005,2035/147961,LibriSpeech_2035,LibriSpeech_2035,1,39.32647290613492,maximum_decision_score
3,488,2035-147961-0006,2035/147961,LibriSpeech_2035,LibriSpeech_2035,1,39.326312768789286,maximum_decision_score
4,489,2035-147961-0007,2035/147961,LibriSpeech_2035,LibriSpeech_2035,1,39.3249387888512,maximum_decision_score
2,490,2035-147961-0008,2035/147961,LibriSpeech_2035,LibriSpeech_2035,1,39.32690091140506,maximum_decision_score
3,491,2035-147961-0009,2035/147961,LibriSpeech_2035,LibriSpeech_2035,1,39.32644602407136,maximum_decision_score
3,492,2035-147961-0010,2035/147961,LibriSpeech_2035,LibriSpeech_2035,1,39.32635289964639,maximum_decision_score
4,493,2035-147961-0011,2035/147961,LibriSpeech_2035,LibriSpeech_2035,1,39.326074962843556,maximum_decision_score
1,494,2035-147961-0012,2035/147961,LibriSpeech_2035,LibriSpeech_2035,1,39.32471557600592,maximum_decision_score
3,495,2035-147961-0013,2035/147961,LibriSpeech_2035,LibriSpeech_2035,1,39.3268136603964,maximum_decision_score
1,496,2035-147961-0014,2035/147961,LibriSpeech_2035,LibriSpeech_2035,1,39.32672316377933,maximum_decision_score
2,497,2035-147961-0015,2035/147961,LibriSpeech_2035,LibriSpeech_2035,1,39.326088394745966,maximum_decision_score
3,498,2035-147961-0016,2035/147961,LibriSpeech_2035,LibriSpeech_2035,1,39.32588070217736,maximum_decision_score
3,499,2035-147961-0017,2035/147961,LibriSpeech_2035,LibriSpeech_2035,1,39.32583609570833,maximum_decision_score
2,500,2035-147961-0018,2035/147961,LibriSpeech_2035,LibriSpeech_2035,1,39.32734291232422,maximum_decision_score
5,501,2035-147961-0019,2035/147961,LibriSpeech_2035,LibriSpeech_2035,1,39.326459339969034,maximum_decision_score
2,502,2035-147961-0020,2035/147961,LibriSpeech_2035,LibriSpeech_2035,1,39.32653925432163,maximum_decision_score
4,503,2035-147961-0021,2035/147961,LibriSpeech_2035,LibriSpeech_2035,1,39.32592967511381,maximum_decision_score
5,504,2035-147961-0022,2035/147961,LibriSpeech_2035,LibriSpeech_2035,1,39.32471771664885,maximum_decision_score
1,505,2035-147961-0023,2035/147961,LibriSpeech_2035,LibriSpeech_2035,1,39.325582788340476,maximum_decision_score
1,506,2035-147961-0024,2035/147961,LibriSpeech_2035,LibriSpeech_2035,1,39.32440007102198,maximum_decision_score
2,507,2035-147961-0025,2035/147961,LibriSpeech_2035,LibriSpeech_2035,1,39.324289881897286,maximum_decision_score
5,508,2035-147961-0026,2035/147961,LibriSpeech_2035,LibriSpeech_2035,1,39.326190761965215,maximum_decision_score
2,509,2035-147961-0027,2035/147961,LibriSpeech_2035,LibriSpeech_2035,1,39.32487821862573,maximum_decision_score
3,510,2035-147961-0028,2035/147961,LibriSpeech_2035,LibriSpeech_2035,1,39.32550377508353,maximum_decision_score
1,511,2035-147961-0029,2035/147961,LibriSpeech_2035,LibriSpeech_2035,1,39.32571405460399,maximum_decision_score
5,512,2035-147961-0030,2035/147961,LibriSpeech_2035,LibriSpeech_2035,1,39.32554073809461,maximum_decision_score
4,513,2035-147961-0031,2035/147961,LibriSpeech_2035,LibriSpeech_2035,1,39.32581340828851,maximum_decision_score
4,514,2035-147961-0032,2035/147961,LibriSpeech_2035,LibriSpeech_2035,1,39.325876956720144,maximum_decision_score
3,515,2035-147961-0033,2035/147961,LibriSpeech_2035,LibriSpeech_2035,1,39.32528891609013,maximum_decision_score
3,516,2035-147961-0034,2035/147961,LibriSpeech_2035,LibriSpeech_2035,1,39.324486282640045,maximum_decision_score
4,517,2035-147961-0035,2035/147961,LibriSpeech_2035,LibriSpeech_2035,1,39.32619603098298,maximum_decision_score
1,518,2035-147961-0036,2035/147961,LibriSpeech_2035,LibriSpeech_2035,1,39.32702484508211,maximum_decision_score
3,519,2035-147961-0037,2035/147961,LibriSpeech_2035,LibriSpeech_2035,1,39.32642051714691,maximum_decision_score
4,520,2035-147961-0038,2035/147961,LibriSpeech_2035,LibriSpeech_2035,1,39.326137578365575,maximum_decision_score
3,521,2035-147961-0039,2035/147961,LibriSpeech_2035,LibriSpeech_2035,1,39.32608613479803,maximum_decision_score
5,522,2035-147961-0040,2035/147961,LibriSpeech_2035,LibriSpeech_2035,1,39.32673324709617,maximum_decision_score
1,523,2035-152373-0000,2035/152373,LibriSpeech_2035,LibriSpeech_2035,1,39.32633193302206,maximum_decision_score
3,524,2035-152373-0001,2035/152373,LibriSpeech_2035,LibriSpeech_2035,1,39.32596354327053,maximum_decision_score
2,525,2035-152373-0002,2035/152373,LibriSpeech_2035,LibriSpeech_2035,1,39.32647727708622,maximum_decision_score
5,526,2035-152373-0003,2035/152373,LibriSpeech_2035,LibriSpeech_2035,1,39.32627737863103,maximum_decision_score
2,527,2035-152373-0004,2035/152373,LibriSpeech_2035,LibriSpeech_2035,1,39.32616703335782,maximum_decision_score
1,528,2035-152373-0005,2035/152373,LibriSpeech_2035,LibriSpeech_2035,1,39.326435044329735,maximum_decision_score
2,529,2035-152373-0006,2035/152373,LibriSpeech_2035,LibriSpeech_2035,1,39.3261620924932,maximum_decision_score
5,530,2035-152373-0007,2035/152373,LibriSpeech_2035,LibriSpeech_2035,1,39.32621485560172,maximum_decision_score
1,531,2035-152373-0008,2035/152373,LibriSpeech_2035,LibriSpeech_2035,1,39.32692270070835,maximum_decision_score
1,532,2035-152373-0009,2035/152373,LibriSpeech_2035,LibriSpeech_2035,1,39.32659958978843,maximum_decision_score
5,533,2035-152373-0010,2035/152373,LibriSpeech_2035,LibriSpeech_2035,1,39.32661292605328,maximum_decision_score
2,534,2035-152373-0011,2035/152373,LibriSpeech_2035,LibriSpeech_2035,1,39.325830656151886,maximum_decision_score
4,535,2035-152373-0012,2035/152373,LibriSpeech_2035,LibriSpeech_2035,1,39.32589258611242,maximum_decision_score
1,536,2035-152373-0013,2035/152373,LibriSpeech_2035,LibriSpeech_2035,1,39.32634951736776,maximum_decision_score
5,537,2035-152373-0014,2035/152373,LibriSpeech_2035,LibriSpeech_2035,1,39.32558350430814,maximum_decision_score
4,538,2035-152373-0015,2035/152373,LibriSpeech_2035,LibriSpeech_2035,1,39.32521482100986,maximum_decision_score
2,539,2035-152373-0016,2035/152373,LibriSpeech_2035,LibriSpeech_2035,1,39.32584669047882,maximum_decision_score
2,540,2035-152373-0017,2035/152373,LibriSpeech_2035,LibriSpeech_2035,1,39.325901650974046,maximum_decision_score
4,541,2035-152373-0018,2035/152373,LibriSpeech_2035,LibriSpeech_2035,1,39.32641440693987,maximum_decision_score
4,542,2078-142845-0000,2078/142845,LibriSpeech_2078,LibriSpeech_2078,1,39.32409587303705,maximum_decision_score
3,543,2078-142845-0001,2078/142845,LibriSpeech_2078,LibriSpeech_2078,1,39.32570653766421,maximum_decision_score
5,544,2078-142845-0002,2078/142845,LibriSpeech_2078,LibriSpeech_2078,1,39.32329971840326,maximum_decision_score
1,545,2078-142845-0003,2078/142845,LibriSpeech_2078,LibriSpeech_2078,1,39.3264590832169,maximum_decision_score
4,546,2078-142845-0004,2078/142845,LibriSpeech_2078,LibriSpeech_2078,1,39.325062139885254,maximum_decision_score
2,547,2078-142845-0005,2078/142845,LibriSpeech_2078,LibriSpeech_2078,1,39.32583400890123,maximum_decision_score
4,548,2078-142845-0006,2078/142845,LibriSpeech_2078,LibriSpeech_2078,1,39.32554562522275,maximum_decision_score
3,549,2078-142845-0007,2078/142845,LibriSpeech_2078,LibriSpeech_2078,1,39.325714496184666,maximum_decision_score
5,550,2078-142845-0008,2078/142845,LibriSpeech_2078,LibriSpeech_2078,1,39.32541219878166,maximum_decision_score
1,551,2078-142845-0009,2078/142845,LibriSpeech_2078,LibriSpeech_2078,1,39.32603832476721,maximum_decision_score
3,552,2078-142845-0010,2078/142845,LibriSpeech_2078,LibriSpeech_2078,1,39.325604684340284,maximum_decision_score
4,553,2078-142845-0011,2078/142845,LibriSpeech_2078,LibriSpeech_2078,1,39.32532031511446,maximum_decision_score
3,554,2078-142845-0012,2078/142845,LibriSpeech_2078,LibriSpeech_2078,1,39.32621755457447,maximum_decision_score
1,555,2078-142845-0013,2078/142845,LibriSpeech_2078,LibriSpeech_2078,1,39.32668659508049,maximum_decision_score
3,556,2078-142845-0014,2078/142845,LibriSpeech_2078,LibriSpeech_2078,1,39.32635940951248,maximum_decision_score
1,557,2078-142845-0015,2078/142845,LibriSpeech_2078,LibriSpeech_2078,1,39.325733615342195,maximum_decision_score
1,558,2078-142845-0016,2078/142845,LibriSpeech_2078,LibriSpeech_2078,1,39.32631854714426,maximum_decision_score
1,559,2078-142845-0017,2078/142845,LibriSpeech_2078,LibriSpeech_2078,1,39.326654318875946,maximum_decision_score
5,560,2078-142845-0018,2078/142845,LibriSpeech_2078,LibriSpeech_2078,1,39.325968643013816,maximum_decision_score
5,561,2078-142845-0019,2078/142845,LibriSpeech_2078,LibriSpeech_2078,1,39.325954951125794,maximum_decision_score
4,562,2078-142845-0020,2078/142845,LibriSpeech_2078,LibriSpeech_2078,1,39.3257424076238,maximum_decision_score
5,563,2078-142845-0021,2078/142845,LibriSpeech_2078,LibriSpeech_2078,1,39.32461830483991,maximum_decision_score
4,564,2078-142845-0022,2078/142845,LibriSpeech_2078,LibriSpeech_2078,1,39.3217013185915,maximum_decision_score
4,565,2078-142845-0023,2078/142845,LibriSpeech_2078,LibriSpeech_2078,1,39.321396615127746,maximum_decision_score
3,566,2078-142845-0024,2078/142845,LibriSpeech_2078,LibriSpeech_2078,1,39.326445715958265,maximum_decision_score
5,567,2078-142845-0025,2078/142845,LibriSpeech_2078,LibriSpeech_2078,1,39.325388978601616,maximum_decision_score
5,568,2078-142845-0026,2078/142845,LibriSpeech_2078,LibriSpeech_2078,1,39.32450434881488,maximum_decision_score
3,569,2078-142845-0027,2078/142845,LibriSpeech_2078,LibriSpeech_2078,1,39.32592650599837,maximum_decision_score
5,570,2078-142845-0028,2078/142845,LibriSpeech_2078,LibriSpeech_2078,1,39.32575441256685,maximum_decision_score
1,571,2078-142845-0029,2078/142845,LibriSpeech_2078,LibriSpeech_2078,1,39.326708039562774,maximum_decision_score
4,572,2078-142845-0030,2078/142845,LibriSpeech_2078,LibriSpeech_2078,1,39.325251651912154,maximum_decision_score
4,573,2078-142845-0031,2078/142845,LibriSpeech_2078,LibriSpeech_2078,1,39.32573934228959,maximum_decision_score
2,574,2078-142845-0032,2078/142845,LibriSpeech_2078,LibriSpeech_2078,1,39.32596137405786,maximum_decision_score
4,575,2078-142845-0033,2078/142845,LibriSpeech_2078,LibriSpeech_2078,1,39.32548453869038,maximum_decision_score
3,576,2078-142845-0034,2078/142845,LibriSpeech_2078,LibriSpeech_2078,1,39.32593927760908,maximum_decision_score
2,577,2078-142845-0035,2078/142845,LibriSpeech_2078,LibriSpeech_2078,1,39.32452445590081,maximum_decision_score
1,578,2078-142845-0036,2078/142845,LibriSpeech_2078,LibriSpeech_2078,1,39.326170445982605,maximum_decision_score
2,579,2078-142845-0037,2078/142845,LibriSpeech_2078,LibriSpeech_2078,1,39.32521730336287,maximum_decision_score
3,580,2078-142845-0038,2078/142845,LibriSpeech_2078,LibriSpeech_2078,1,39.3251480546595,maximum_decision_score
1,581,2078-142845-0039,2078/142845,LibriSpeech_2078,LibriSpeech_2078,1,39.32565067514778,maximum_decision_score
2,582,2078-142845-0040,2078/142845,LibriSpeech_2078,LibriSpeech_2078,1,39.32544738179414,maximum_decision_score
3,583,2078-142845-0041,2078/142845,LibriSpeech_2078,LibriSpeech_2078,1,39.32385105258801,maximum_decision_score
1,584,2078-142845-0042,2078/142845,LibriSpeech_2078,LibriSpeech_2078,1,39.32597219843275,maximum_decision_score
2,585,2078-142845-0043,2078/142845,LibriSpeech_2078,LibriSpeech_2078,1,39.32533702341496,maximum_decision_score
2,586,2078-142845-0044,2078/142845,LibriSpeech_2078,LibriSpeech_2078,1,39.32612401900666,maximum_decision_score
2,587,2078-142845-0045,2078/142845,LibriSpeech_2078,LibriSpeech_2078,1,39.32580206571927,maximum_decision_score
5,588,2078-142845-0046,2078/142845,LibriSpeech_2078,LibriSpeech_2078,1,39.32516976862001,maximum_decision_score
2,589,2078-142845-0047,2078/142845,LibriSpeech_2078,LibriSpeech_2078,1,39.32540305911703,maximum_decision_score
5,590,2078-142845-0048,2078/142845,LibriSpeech_2078,LibriSpeech_2078,1,39.32521852345164,maximum_decision_score
4,591,2078-142845-0049,2078/142845,LibriSpeech_2078,LibriSpeech_2078,1,39.3246400633911,maximum_decision_score
2,592,2078-142845-0050,2078/142845,LibriSpeech_2078,LibriSpeech_2078,1,39.32571736703953,maximum_decision_score
5,593,2078-142845-0051,2078/142845,LibriSpeech_2078,LibriSpeech_2078,1,39.325373318542,maximum_decision_score
4,594,2086-149214-0000,2086/149214,LibriSpeech_2086,LibriSpeech_2086,1,39.326014881431156,maximum_decision_score
5,595,2086-149214-0001,2086/149214,LibriSpeech_2086,LibriSpeech_2086,1,39.32552994608471,maximum_decision_score
5,596,2086-149214-0002,2086/149214,LibriSpeech_2086,LibriSpeech_2086,1,39.32464416011338,maximum_decision_score
3,597,2086-149214-0003,2086/149214,LibriSpeech_2086,LibriSpeech_2086,1,39.325297228004864,maximum_decision_score
2,598,2086-149214-0004,2086/149214,LibriSpeech_2086,LibriSpeech_2086,1,39.32517443105345,maximum_decision_score
2,599,2086-149220-0000,2086/149220,LibriSpeech_2086,LibriSpeech_2086,1,39.32670949274215,maximum_decision_score
4,600,2086-149220-0001,2086/149220,LibriSpeech_2086,LibriSpeech_2086,1,39.32656368233901,maximum_decision_score
5,601,2086-149220-0002,2086/149220,LibriSpeech_2086,LibriSpeech_2086,1,39.32590719281232,maximum_decision_score
3,602,2086-149220-0003,2086/149220,LibriSpeech_2086,LibriSpeech_2086,1,39.32653115119367,maximum_decision_score
4,603,2086-149220-0004,2086/149220,LibriSpeech_2086,LibriSpeech_2086,1,39.32624503464769,maximum_decision_score
4,604,2086-149220-0005,2086/149220,LibriSpeech_2086,LibriSpeech_2086,1,39.3260203972765,maximum_decision_score
1,605,2086-149220-0006,2086/149220,LibriSpeech_2086,LibriSpeech_2086,1,39.32605947567351,maximum_decision_score
4,606,2086-149220-0007,2086/149220,LibriSpeech_2086,LibriSpeech_2086,1,39.326737991591806,maximum_decision_score
5,607,2086-149220-0008,2086/149220,LibriSpeech_2086,LibriSpeech_2086,1,39.32640871704652,maximum_decision_score
5,608,2086-149220-0009,2086/149220,LibriSpeech_2086,LibriSpeech_2086,1,39.3262411301687,maximum_decision_score
4,609,2086-149220-0010,2086/149220,LibriSpeech_2086,LibriSpeech_2086,1,39.32682150554653,maximum_decision_score
4,610,2086-149220-0011,2086/149220,LibriSpeech_2086,LibriSpeech_2086,1,39.326938188219366,maximum_decision_score
2,611,2086-149220-0012,2086/149220,LibriSpeech_2086,LibriSpeech_2086,1,39.32702499284071,maximum_decision_score
3,612,2086-149220-0013,2086/149220,LibriSpeech_2086,LibriSpeech_2086,1,39.32653782641059,maximum_decision_score
5,613,2086-149220-0014,2086/149220,LibriSpeech_2086,LibriSpeech_2086,1,39.32678794112035,maximum_decision_score
1,614,2086-149220-0015,2086/149220,LibriSpeech_2086,LibriSpeech_2086,1,39.326389789418926,maximum_decision_score
1,615,2086-149220-0016,2086/149220,LibriSpeech_2086,LibriSpeech_2086,1,39.32681263898658,maximum_decision_score
3,616,2086-149220-0017,2086/149220,LibriSpeech_2086,LibriSpeech_2086,1,39.32607681410715,maximum_decision_score
5,617,2086-149220-0018,2086/149220,LibriSpeech_2086,LibriSpeech_2086,1,39.32594605151597,maximum_decision_score
1,618,2086-149220-0019,2086/149220,LibriSpeech_2086,LibriSpeech_2086,1,39.32670767747994,maximum_decision_score
5,619,2086-149220-0020,2086/149220,LibriSpeech_2086,LibriSpeech_2086,1,39.32393628911781,maximum_decision_score
1,620,2086-149220-0021,2086/149220,LibriSpeech_2086,LibriSpeech_2086,1,39.32669925442563,maximum_decision_score
3,621,2086-149220-0022,2086/149220,LibriSpeech_2086,LibriSpeech_2086,1,39.32569632562119,maximum_decision_score
1,622,2086-149220-0023,2086/149220,LibriSpeech_2086,LibriSpeech_2086,1,39.32623977353162,maximum_decision_score
2,623,2086-149220-0024,2086/149220,LibriSpeech_2086,LibriSpeech_2086,1,39.326461346615176,maximum_decision_score
2,624,2086-149220-0025,2086/149220,LibriSpeech_2086,LibriSpeech_2086,1,39.32617896444937,maximum_decision_score
3,625,2086-149220-0026,2086/149220,LibriSpeech_2086,LibriSpeech_2086,1,39.325234912354645,maximum_decision_score
3,626,2086-149220-0027,2086/149220,LibriSpeech_2086,LibriSpeech_2086,1,39.3261978385281,maximum_decision_score
4,627,2086-149220-0028,2086/149220,LibriSpeech_2086,LibriSpeech_2086,1,39.32549339781867,maximum_decision_score
3,628,2086-149220-0029,2086/149220,LibriSpeech_2086,LibriSpeech_2086,1,39.326259023335076,maximum_decision_score
2,629,2086-149220-0030,2086/149220,LibriSpeech_2086,LibriSpeech_2086,1,39.326434645113956,maximum_decision_score
2,630,2086-149220-0031,2086/149220,LibriSpeech_2086,LibriSpeech_2086,1,39.32463265198188,maximum_decision_score
1,631,2086-149220-0032,2086/149220,LibriSpeech_2086,LibriSpeech_2086,1,39.324135787899706,maximum_decision_score
4,632,2086-149220-0033,2086/149220,LibriSpeech_2086,LibriSpeech_2086,1,39.32588499364627,maximum_decision_score
3,633,2086-149220-0034,2086/149220,LibriSpeech_2086,LibriSpeech_2086,1,39.326416129170646,maximum_decision_score
5,634,2086-149220-0035,2086/149220,LibriSpeech_2086,LibriSpeech_2086,1,39.32625406174815,maximum_decision_score
2,635,2086-149220-0036,2086/149220,LibriSpeech_2086,LibriSpeech_2086,1,39.327056984543475,maximum_decision_score
2,636,2086-149220-0037,2086/149220,LibriSpeech_2086,LibriSpeech_2086,1,39.32589772980029,maximum_decision_score
1,637,2086-149220-0038,2086/149220,LibriSpeech_2086,LibriSpeech_2086,1,39.32487590295289,maximum_decision_score
1,638,2086-149220-0039,2086/149220,LibriSpeech_2086,LibriSpeech_2086,1,39.324730696941955,maximum_decision_score
3,639,2086-149220-0040,2086/149220,LibriSpeech_2086,LibriSpeech_2086,1,39.32394363442935,maximum_decision_score
4,640,2086-149220-0041,2086/149220,LibriSpeech_2086,LibriSpeech_2086,1,39.32656513659731,maximum_decision_score
1,641,2086-149220-0042,2086/149220,LibriSpeech_2086,LibriSpeech_2086,1,39.32453912133565,maximum_decision_score
5,642,2086-149220-0043,2086/149220,LibriSpeech_2086,LibriSpeech_2086,1,39.32320662911001,maximum_decision_score
3,643,2086-149220-0044,2086/149220,LibriSpeech_2086,LibriSpeech_2086,1,39.32650518423605,maximum_decision_score
5,644,2086-149220-0045,2086/149220,LibriSpeech_2086,LibriSpeech_2086,1,39.325746702487805,maximum_decision_score
1,645,2086-149220-0046,2086/149220,LibriSpeech_2086,LibriSpeech_2086,1,39.32561243327924,maximum_decision_score
2,646,2086-149220-0047,2086/149220,LibriSpeech_2086,LibriSpeech_2086,1,39.323064870623725,maximum_decision_score
2,647,2086-149220-0048,2086/149220,LibriSpeech_2086,LibriSpeech_2086,1,39.32571424418513,maximum_decision_score
4,648,2086-149220-0049,2086/149220,LibriSpeech_2086,LibriSpeech_2086,1,39.32603605321378,maximum_decision_score
2,649,2277-149874-0000,2277/149874,LibriSpeech_2277,LibriSpeech_2277,1,39.32633467804258,maximum_decision_score
1,650,2277-149874-0001,2277/149874,LibriSpeech_2277,LibriSpeech_2277,1,39.32613612788426,maximum_decision_score
1,651,2277-149874-0002,2277/149874,LibriSpeech_2277,LibriSpeech_2277,1,39.326131945923436,maximum_decision_score
3,652,2277-149874-0003,2277/149874,LibriSpeech_2277,LibriSpeech_2277,1,39.32683216137847,maximum_decision_score
5,653,2277-149874-0004,2277/149874,LibriSpeech_2277,LibriSpeech_2277,1,39.32608975986524,maximum_decision_score
2,654,2277-149874-0005,2277/149874,LibriSpeech_2277,LibriSpeech_2277,1,39.3252281936334,maximum_decision_score
5,655,2277-149874-0006,2277/149874,LibriSpeech_2277,LibriSpeech_2277,1,39.32324190279044,maximum_decision_score
2,656,2277-149874-0007,2277/149874,LibriSpeech_2277,LibriSpeech_2277,1,39.325217178430464,maximum_decision_score
2,657,2277-149874-0008,2277/149874,LibriSpeech_2277,LibriSpeech_2277,1,39.325764062291306,maximum_decision_score
4,658,2277-149874-0009,2277/149874,LibriSpeech_2277,LibriSpeech_2277,1,39.32597495441923,maximum_decision_score
3,659,2277-149874-0010,2277/149874,LibriSpeech_2277,LibriSpeech_2277,1,39.32500266444296,maximum_decision_score
5,660,2277-149874-0011,2277/149874,LibriSpeech_2277,LibriSpeech_2277,1,39.32488818304908,maximum_decision_score
4,661,2277-149874-0012,2277/149874,LibriSpeech_2277,LibriSpeech_2277,1,39.32588956355968,maximum_decision_score
4,662,2277-149874-0013,2277/149874,LibriSpeech_2277,LibriSpeech_2277,1,39.324308288622106,maximum_decision_score
3,663,2277-149874-0014,2277/149874,LibriSpeech_2277,LibriSpeech_2277,1,39.326009644918834,maximum_decision_score
4,664,2277-149874-0015,2277/149874,LibriSpeech_2277,LibriSpeech_2277,1,39.3257419546707,maximum_decision_score
4,665,2277-149874-0016,2277/149874,LibriSpeech_2277,LibriSpeech_2277,1,39.326043823549185,maximum_decision_score
5,666,2277-149874-0017,2277/149874,LibriSpeech_2277,LibriSpeech_2277,1,39.32638109938985,maximum_decision_score
1,667,2277-149874-0018,2277/149874,LibriSpeech_2277,LibriSpeech_2277,1,39.32580703123959,maximum_decision_score
3,668,2277-149874-0019,2277/149874,LibriSpeech_2277,LibriSpeech_2277,1,39.32574346605742,maximum_decision_score
4,669,2277-149874-0020,2277/149874,LibriSpeech_2277,LibriSpeech_2277,1,39.32655113521369,maximum_decision_score
2,670,2277-149874-0021,2277/149874,LibriSpeech_2277,LibriSpeech_2277,1,39.32348114451231,maximum_decision_score
5,671,2277-149896-0000,2277/149896,LibriSpeech_2277,LibriSpeech_2277,1,39.32629694142633,maximum_decision_score
1,672,2277-149896-0001,2277/149896,LibriSpeech_2277,LibriSpeech_2277,1,39.32605685582413,maximum_decision_score
3,673,2277-149896-0002,2277/149896,LibriSpeech_2277,LibriSpeech_2277,1,39.32606138108843,maximum_decision_score
1,674,2277-149896-0003,2277/149896,LibriSpeech_2277,LibriSpeech_2277,1,39.326177462910614,maximum_decision_score
4,675,2277-149896-0004,2277/149896,LibriSpeech_2277,LibriSpeech_2277,1,39.32361815116087,maximum_decision_score
4,676,2277-149896-0005,2277/149896,LibriSpeech_2277,LibriSpeech_2277,1,39.3270100915998,maximum_decision_score
1,677,2277-149896-0006,2277/149896,LibriSpeech_2277,LibriSpeech_2277,1,39.32583341045773,maximum_decision_score
2,678,2277-149896-0007,2277/149896,LibriSpeech_2277,LibriSpeech_2277,1,39.32544037088922,maximum_decision_score
1,679,2277-149896-0008,2277/149896,LibriSpeech_2277,LibriSpeech_2277,1,39.327328189527265,maximum_decision_score
1,680,2277-149896-0009,2277/149896,LibriSpeech_2277,LibriSpeech_2277,1,39.32727511419006,maximum_decision_score
4,681,2277-149896-0010,2277/149896,LibriSpeech_2277,LibriSpeech_2277,1,39.326185636201956,maximum_decision_score
2,682,2277-149896-0011,2277/149896,LibriSpeech_2277,LibriSpeech_2277,1,39.32754923951731,maximum_decision_score
2,683,2277-149896-0012,2277/149896,LibriSpeech_2277,LibriSpeech_2277,1,39.326168241806705,maximum_decision_score
3,684,2277-149896-0013,2277/149896,LibriSpeech_2277,LibriSpeech_2277,1,39.32652120975956,maximum_decision_score
3,685,2277-149896-0014,2277/149896,LibriSpeech_2277,LibriSpeech_2277,1,39.326726885796326,maximum_decision_score
5,686,2277-149896-0015,2277/149896,LibriSpeech_2277,LibriSpeech_2277,1,39.327404430644535,maximum_decision_score
2,687,2277-149896-0016,2277/149896,LibriSpeech_2277,LibriSpeech_2277,1,39.326687312973405,maximum_decision_score
4,688,2277-149896-0017,2277/149896,LibriSpeech_2277,LibriSpeech_2277,1,39.325919508028655,maximum_decision_score
3,689,2277-149896-0018,2277/149896,LibriSpeech_2277,LibriSpeech_2277,1,39.325731969186855,maximum_decision_score
2,690,2277-149896-0019,2277/149896,LibriSpeech_2277,LibriSpeech_2277,1,39.326233508157266,maximum_decision_score
1,691,2277-149896-0020,2277/149896,LibriSpeech_2277,LibriSpeech_2277,1,39.327014077396456,maximum_decision_score
5,692,2277-149896-0021,2277/149896,LibriSpeech_2277,LibriSpeech_2277,1,39.32498440084214,maximum_decision_score
2,693,2277-149896-0022,2277/149896,LibriSpeech_2277,LibriSpeech_2277,1,39.32571456144764,maximum_decision_score
4,694,2277-149896-0023,2277/149896,LibriSpeech_2277,LibriSpeech_2277,1,39.327757174641604,maximum_decision_score
4,695,2277-149896-0024,2277/149896,LibriSpeech_2277,LibriSpeech_2277,1,39.327166024477144,maximum_decision_score
2,696,2277-149896-0025,2277/149896,LibriSpeech_2277,LibriSpeech_2277,1,39.326465089531425,maximum_decision_score
3,697,2277-149896-0026,2277/149896,LibriSpeech_2277,LibriSpeech_2277,1,39.326909457259305,maximum_decision_score
3,698,2277-149896-0027,2277/149896,LibriSpeech_2277,LibriSpeech_2277,1,39.326100486833454,maximum_decision_score
1,699,2277-149896-0028,2277/149896,LibriSpeech_2277,LibriSpeech_2277,1,39.32635911708979,maximum_decision_score
2,700,2277-149896-0029,2277/149896,LibriSpeech_2277,LibriSpeech_2277,1,39.32549747415634,maximum_decision_score
2,701,2277-149896-0030,2277/149896,LibriSpeech_2277,LibriSpeech_2277,1,39.326906099564425,maximum_decision_score
3,702,2277-149896-0031,2277/149896,LibriSpeech_2277,LibriSpeech_2277,1,39.32561590044202,maximum_decision_score
1,703,2277-149896-0032,2277/149896,LibriSpeech_2277,LibriSpeech_2277,1,39.32711415924601,maximum_decision_score
3,704,2277-149896-0033,2277/149896,LibriSpeech_2277,LibriSpeech_2277,1,39.325487229966235,maximum_decision_score
5,705,2277-149896-0034,2277/149896,LibriSpeech_2277,LibriSpeech_2277,1,39.3260191045653,maximum_decision_score
2,706,2277-149897-0000,2277/149897,LibriSpeech_2277,LibriSpeech_2277,1,39.32668558427493,maximum_decision_score
4,707,2277-149897-0001,2277/149897,LibriSpeech_2277,LibriSpeech_2277,1,39.325611493930545,maximum_decision_score
1,708,2277-149897-0002,2277/149897,LibriSpeech_2277,LibriSpeech_2277,1,39.32452979684855,maximum_decision_score
1,709,2277-149897-0003,2277/149897,LibriSpeech_2277,LibriSpeech_2277,1,39.32713927088865,maximum_decision_score
3,710,2277-149897-0004,2277/149897,LibriSpeech_2277,LibriSpeech_2277,1,39.327406025999395,maximum_decision_score
5,711,2277-149897-0005,2277/149897,LibriSpeech_2277,LibriSpeech_2277,1,39.326862218452945,maximum_decision_score
1,712,2277-149897-0006,2277/149897,LibriSpeech_2277,LibriSpeech_2277,1,39.32548335478957,maximum_decision_score
2,713,2277-149897-0007,2277/149897,LibriSpeech_2277,LibriSpeech_2277,1,39.32662116777965,maximum_decision_score
3,714,2277-149897-0008,2277/149897,LibriSpeech_2277,LibriSpeech_2277,1,39.3253529507208,maximum_decision_score
3,715,2277-149897-0009,2277/149897,LibriSpeech_2277,LibriSpeech_2277,1,39.325484338906215,maximum_decision_score
2,716,2277-149897-0010,2277/149897,LibriSpeech_2277,LibriSpeech_2277,1,39.32726457767103,maximum_decision_score
5,717,2277-149897-0011,2277/149897,LibriSpeech_2277,LibriSpeech_2277,1,39.32531073399767,maximum_decision_score
1,718,2277-149897-0012,2277/149897,LibriSpeech_2277,LibriSpeech_2277,1,39.32608048596057,maximum_decision_score
5,719,2277-149897-0013,2277/149897,LibriSpeech_2277,LibriSpeech_2277,1,39.32665826463778,maximum_decision_score
1,720,2277-149897-0014,2277/149897,LibriSpeech_2277,LibriSpeech_2277,1,39.32758656826,maximum_decision_score
5,721,2277-149897-0015,2277/149897,LibriSpeech_2277,LibriSpeech_2277,1,39.32542021228357,maximum_decision_score
1,722,2277-149897-0016,2277/149897,LibriSpeech_2277,LibriSpeech_2277,1,39.326317571734364,maximum_decision_score
5,723,2277-149897-0017,2277/149897,LibriSpeech_2277,LibriSpeech_2277,1,39.32630973047329,maximum_decision_score
5,724,2277-149897-0018,2277/149897,LibriSpeech_2277,LibriSpeech_2277,1,39.32706252529131,maximum_decision_score
5,725,2277-149897-0019,2277/149897,LibriSpeech_2277,LibriSpeech_2277,1,39.32484281818623,maximum_decision_score
5,726,2277-149897-0020,2277/149897,LibriSpeech_2277,LibriSpeech_2277,1,39.32536025889641,maximum_decision_score
2,727,2277-149897-0021,2277/149897,LibriSpeech_2277,LibriSpeech_2277,1,39.32726438039362,maximum_decision_score
3,728,2277-149897-0022,2277/149897,LibriSpeech_2277,LibriSpeech_2277,1,39.32672671673815,maximum_decision_score
1,729,2277-149897-0023,2277/149897,LibriSpeech_2277,LibriSpeech_2277,1,39.32729845377261,maximum_decision_score
5,730,2277-149897-0024,2277/149897,LibriSpeech_2277,LibriSpeech_2277,1,39.3259252671727,maximum_decision_score
3,731,2277-149897-0025,2277/149897,LibriSpeech_2277,LibriSpeech_2277,1,39.32706923734143,maximum_decision_score
4,732,2277-149897-0026,2277/149897,LibriSpeech_2277,LibriSpeech_2277,1,39.326450183345166,maximum_decision_score
4,733,2277-149897-0027,2277/149897,LibriSpeech_2277,LibriSpeech_2277,1,39.326850911141676,maximum_decision_score
4,734,2277-149897-0028,2277/149897,LibriSpeech_2277,LibriSpeech_2277,1,39.32695859538799,maximum_decision_score
1,735,2277-149897-0029,2277/149897,LibriSpeech_2277,LibriSpeech_2277,1,39.32639406313427,maximum_decision_score
4,736,2277-149897-0030,2277/149897,LibriSpeech_2277,LibriSpeech_2277,1,39.32517432110201,maximum_decision_score
4,737,2277-149897-0031,2277/149897,LibriSpeech_2277,LibriSpeech_2277,1,39.325522410892674,maximum_decision_score
5,738,2277-149897-0032,2277/149897,LibriSpeech_2277,LibriSpeech_2277,1,39.32711719179034,maximum_decision_score
5,739,2277-149897-0033,2277/149897,LibriSpeech_2277,LibriSpeech_2277,1,39.32661103801588,maximum_decision_score
4,740,2277-149897-0034,2277/149897,LibriSpeech_2277,LibriSpeech_2277,1,39.32649994579658,maximum_decision_score
3,741,2277-149897-0035,2277/149897,LibriSpeech_2277,LibriSpeech_2277,1,39.32466568537936,maximum_decision_score
3,742,2277-149897-0036,2277/149897,LibriSpeech_2277,LibriSpeech_2277,1,39.32666875557747,maximum_decision_score
2,743,2277-149897-0037,2277/149897,LibriSpeech_2277,LibriSpeech_2277,1,39.326619581686984,maximum_decision_score
5,744,2412-153947-0000,2412/153947,LibriSpeech_2412,LibriSpeech_2412,1,39.32088289662769,maximum_decision_score
1,745,2412-153947-0001,2412/153947,LibriSpeech_2412,LibriSpeech_2412,1,39.32518979035392,maximum_decision_score
3,746,2412-153947-0002,2412/153947,LibriSpeech_2412,LibriSpeech_2412,1,39.32474639336147,maximum_decision_score
1,747,2412-153947-0003,2412/153947,LibriSpeech_2412,LibriSpeech_2412,1,39.326236571571364,maximum_decision_score
4,748,2412-153947-0004,2412/153947,LibriSpeech_2412,LibriSpeech_2412,1,39.32637320338912,maximum_decision_score
1,749,2412-153947-0005,2412/153947,LibriSpeech_2412,LibriSpeech_2412,1,39.32658212583178,maximum_decision_score
3,750,2412-153947-0006,2412/153947,LibriSpeech_2412,LibriSpeech_2412,1,39.325551182256795,maximum_decision_score
4,751,2412-153947-0007,2412/153947,LibriSpeech_2412,LibriSpeech_2412,1,39.32694001695396,maximum_decision_score
2,752,2412-153947-0008,2412/153947,LibriSpeech_2412,LibriSpeech_2412,1,39.325881387937486,maximum_decision_score
4,753,2412-153947-0009,2412/153947,LibriSpeech_2412,LibriSpeech_2412,1,39.3260461698915,maximum_decision_score
3,754,2412-153947-0010,2412/153947,LibriSpeech_2412,LibriSpeech_2412,1,39.32629922509317,maximum_decision_score
3,755,2412-153947-0011,2412/153947,LibriSpeech_2412,LibriSpeech_2412,1,39.32608040301297,maximum_decision_score
4,756,2412-153947-0012,2412/153947,LibriSpeech_2412,LibriSpeech_2412,1,39.32259561805426,maximum_decision_score
5,757,2412-153947-0013,2412/153947,LibriSpeech_2412,LibriSpeech_2412,1,39.32560328001968,maximum_decision_score
2,758,2412-153947-0014,2412/153947,LibriSpeech_2412,LibriSpeech_2412,1,39.32614255398152,maximum_decision_score
4,759,2412-153947-0015,2412/153947,LibriSpeech_2412,LibriSpeech_2412,1,39.32581703885443,maximum_decision_score
3,760,2412-153947-0016,2412/153947,LibriSpeech_2412,LibriSpeech_2412,1,39.32493898355033,maximum_decision_score
5,761,2412-153948-0000,2412/153948,LibriSpeech_2412,LibriSpeech_2412,1,39.32613722581666,maximum_decision_score
1,762,2412-153948-0001,2412/153948,LibriSpeech_2412,LibriSpeech_2412,1,39.32530942717782,maximum_decision_score
2,763,2412-153948-0002,2412/153948,LibriSpeech_2412,LibriSpeech_2412,1,39.325067545796315,maximum_decision_score
4,764,2412-153948-0003,2412/153948,LibriSpeech_2412,LibriSpeech_2412,1,39.32724862071444,maximum_decision_score
5,765,2412-153948-0004,2412/153948,LibriSpeech_2412,LibriSpeech_2412,1,39.32632000063253,maximum_decision_score
3,766,2412-153948-0005,2412/153948,LibriSpeech_2412,LibriSpeech_2412,1,39.324738671629255,maximum_decision_score
5,767,2412-153948-0006,2412/153948,LibriSpeech_2412,LibriSpeech_2412,1,39.326140643154254,maximum_decision_score
2,768,2412-153948-0007,2412/153948,LibriSpeech_2412,LibriSpeech_2412,1,39.326255286009065,maximum_decision_score
2,769,2412-153948-0008,2412/153948,LibriSpeech_2412,LibriSpeech_2412,1,39.327032356539306,maximum_decision_score
1,770,2412-153948-0009,2412/153948,LibriSpeech_2412,LibriSpeech_2412,1,39.325747380923275,maximum_decision_score
5,771,2412-153948-0010,2412/153948,LibriSpeech_2412,LibriSpeech_2412,1,39.32473119998023,maximum_decision_score
4,772,2412-153948-0011,2412/153948,LibriSpeech_2412,LibriSpeech_2412,1,39.325369789214086,maximum_decision_score
5,773,2412-153948-0012,2412/153948,LibriSpeech_2412,LibriSpeech_2412,1,39.32571252086861,maximum_decision_score
3,774,2412-153948-0013,2412/153948,LibriSpeech_2412,LibriSpeech_2412,1,39.32506107609659,maximum_decision_score
3,775,2412-153948-0014,2412/153948,LibriSpeech_2412,LibriSpeech_2412,1,39.32585102438012,maximum_decision_score
2,776,2412-153948-0015,2412/153948,LibriSpeech_2412,LibriSpeech_2412,1,39.32398578799801,maximum_decision_score
4,777,2412-153954-0000,2412/153954,LibriSpeech_2412,LibriSpeech_2412,1,39.32641018710921,maximum_decision_score
2,778,2412-153954-0001,2412/153954,LibriSpeech_2412,LibriSpeech_2412,1,39.325608366209735,maximum_decision_score
3,779,2412-153954-0002,2412/153954,LibriSpeech_2412,LibriSpeech_2412,1,39.32464500277176,maximum_decision_score
1,780,2412-153954-0003,2412/153954,LibriSpeech_2412,LibriSpeech_2412,1,39.32659989766311,maximum_decision_score
5,781,2412-153954-0004,2412/153954,LibriSpeech_2412,LibriSpeech_2412,1,39.326251055272905,maximum_decision_score
5,782,2412-153954-0005,2412/153954,LibriSpeech_2412,LibriSpeech_2412,1,39.32532843212185,maximum_decision_score
3,783,2412-153954-0006,2412/153954,LibriSpeech_2412,LibriSpeech_2412,1,39.325509583683456,maximum_decision_score
1,784,2412-153954-0007,2412/153954,LibriSpeech_2412,LibriSpeech_2412,1,39.32595262193651,maximum_decision_score
1,785,2412-153954-0008,2412/153954,LibriSpeech_2412,LibriSpeech_2412,1,39.32542419651051,maximum_decision_score
3,786,2412-153954-0009,2412/153954,LibriSpeech_2412,LibriSpeech_2412,1,39.32528507080652,maximum_decision_score
2,787,2412-153954-0010,2412/153954,LibriSpeech_2412,LibriSpeech_2412,1,39.32526826024924,maximum_decision_score
2,788,2412-153954-0011,2412/153954,LibriSpeech_2412,LibriSpeech_2412,1,39.325339550098576,maximum_decision_score
4,789,2412-153954-0012,2412/153954,LibriSpeech_2412,LibriSpeech_2412,1,39.326562353374484,maximum_decision_score
2,790,2412-153954-0013,2412/153954,LibriSpeech_2412,LibriSpeech_2412,1,39.32505931869727,maximum_decision_score
5,791,2412-153954-0014,2412/153954,LibriSpeech_2412,LibriSpeech_2412,1,39.326340233620044,maximum_decision_score
5,792,2412-153954-0015,2412/153954,LibriSpeech_2412,LibriSpeech_2412,1,39.32653791908786,maximum_decision_score
1,793,2412-153954-0016,2412/153954,LibriSpeech_2412,LibriSpeech_2412,1,39.32613570963618,maximum_decision_score
2,794,2412-153954-0017,2412/153954,LibriSpeech_2412,LibriSpeech_2412,1,39.32619255476215,maximum_decision_score
4,795,2412-153954-0018,2412/153954,LibriSpeech_2412,LibriSpeech_2412,1,39.32605050035248,maximum_decision_score
4,796,2412-153954-0019,2412/153954,LibriSpeech_2412,LibriSpeech_2412,1,39.326226975574684,maximum_decision_score
4,797,2412-153954-0020,2412/153954,LibriSpeech_2412,LibriSpeech_2412,1,39.3254335463876,maximum_decision_score
3,798,2412-153954-0021,2412/153954,LibriSpeech_2412,LibriSpeech_2412,1,39.32656059595861,maximum_decision_score
1,799,2412-153954-0022,2412/153954,LibriSpeech_2412,LibriSpeech_2412,1,39.327037670474034,maximum_decision_score
2,800,2412-153954-0023,2412/153954,LibriSpeech_2412,LibriSpeech_2412,1,39.3272432503876,maximum_decision_score
1,801,2412-153954-0024,2412/153954,LibriSpeech_2412,LibriSpeech_2412,1,39.32594227171409,maximum_decision_score
4,802,2428-83699-0000,2428/83699,LibriSpeech_2428,LibriSpeech_2428,1,39.32646710531961,maximum_decision_score
4,803,2428-83699-0001,2428/83699,LibriSpeech_2428,LibriSpeech_2428,1,39.32493312219159,maximum_decision_score
5,804,2428-83699-0002,2428/83699,LibriSpeech_2428,LibriSpeech_2428,1,39.32626209424124,maximum_decision_score
1,805,2428-83699-0003,2428/83699,LibriSpeech_2428,LibriSpeech_2428,1,39.32687697375794,maximum_decision_score
1,806,2428-83699-0004,2428/83699,LibriSpeech_2428,LibriSpeech_2428,1,39.326380080605084,maximum_decision_score
5,807,2428-83699-0005,2428/83699,LibriSpeech_2428,LibriSpeech_2428,1,39.32633047044435,maximum_decision_score
2,808,2428-83699-0006,2428/83699,LibriSpeech_2428,LibriSpeech_2428,1,39.32493965937274,maximum_decision_score
5,809,2428-83699-0007,2428/83699,LibriSpeech_2428,LibriSpeech_2428,1,39.32514546608611,maximum_decision_score
5,810,2428-83699-0008,2428/83699,LibriSpeech_2428,LibriSpeech_2428,1,39.32635413451932,maximum_decision_score
1,811,2428-83699-0009,2428/83699,LibriSpeech_2428,LibriSpeech_2428,1,39.32662432005295,maximum_decision_score
1,812,2428-83699-0010,2428/83699,LibriSpeech_2428,LibriSpeech_2428,1,39.32615885537669,maximum_decision_score
3,813,2428-83699-0011,2428/83699,LibriSpeech_2428,LibriSpeech_2428,1,39.32495777586104,maximum_decision_score
1,814,2428-83699-0012,2428/83699,LibriSpeech_2428,LibriSpeech_2428,1,39.325547106448006,maximum_decision_score
2,815,2428-83699-0013,2428/83699,LibriSpeech_2428,LibriSpeech_2428,1,39.326263144404415,maximum_decision_score
3,816,2428-83699-0014,2428/83699,LibriSpeech_2428,LibriSpeech_2428,1,39.32497842494519,maximum_decision_score
4,817,2428-83699-0015,2428/83699,LibriSpeech_2428,LibriSpeech_2428,1,39.327166543307015,maximum_decision_score
4,818,2428-83699-0016,2428/83699,LibriSpeech_2428,LibriSpeech_2428,1,39.32665042781759,maximum_decision_score
5,819,2428-83699-0017,2428/83699,LibriSpeech_2428,LibriSpeech_2428,1,39.32684513082962,maximum_decision_score
4,820,2428-83699-0018,2428/83699,LibriSpeech_2428,LibriSpeech_2428,1,39.326374713852545,maximum_decision_score
1,821,2428-83699-0019,2428/83699,LibriSpeech_2428,LibriSpeech_2428,1,39.32510399152046,maximum_decision_score
4,822,2428-83699-0020,2428/83699,LibriSpeech_2428,LibriSpeech_2428,1,39.32685613733964,maximum_decision_score
1,823,2428-83699-0021,2428/83699,LibriSpeech_2428,LibriSpeech_2428,1,39.32694350029876,maximum_decision_score
4,824,2428-83699-0022,2428/83699,LibriSpeech_2428,LibriSpeech_2428,1,39.32676979837637,maximum_decision_score
2,825,2428-83699-0023,2428/83699,LibriSpeech_2428,LibriSpeech_2428,1,39.32627999870592,maximum_decision_score
2,826,2428-83699-0024,2428/83699,LibriSpeech_2428,LibriSpeech_2428,1,39.32545618544499,maximum_decision_score
5,827,2428-83699-0025,2428/83699,LibriSpeech_2428,LibriSpeech_2428,1,39.32590207656871,maximum_decision_score
3,828,2428-83699-0026,2428/83699,LibriSpeech_2428,LibriSpeech_2428,1,39.326430800793034,maximum_decision_score
5,829,2428-83699-0027,2428/83699,LibriSpeech_2428,LibriSpeech_2428,1,39.32718590919603,maximum_decision_score
5,830,2428-83699-0028,2428/83699,LibriSpeech_2428,LibriSpeech_2428,1,39.32718616518881,maximum_decision_score
3,831,2428-83699-0029,2428/83699,LibriSpeech_2428,LibriSpeech_2428,1,39.327049279053796,maximum_decision_score
2,832,2428-83699-0030,2428/83699,LibriSpeech_2428,LibriSpeech_2428,1,39.326468836714156,maximum_decision_score
1,833,2428-83699-0031,2428/83699,LibriSpeech_2428,LibriSpeech_2428,1,39.326795342969554,maximum_decision_score
2,834,2428-83699-0032,2428/83699,LibriSpeech_2428,LibriSpeech_2428,1,39.327200780931456,maximum_decision_score
5,835,2428-83699-0033,2428/83699,LibriSpeech_2428,LibriSpeech_2428,1,39.32629402081906,maximum_decision_score
1,836,2428-83699-0034,2428/83699,LibriSpeech_2428,LibriSpeech_2428,1,39.32682649087669,maximum_decision_score
2,837,2428-83699-0035,2428/83699,LibriSpeech_2428,LibriSpeech_2428,1,39.32684209574297,maximum_decision_score
3,838,2428-83699-0036,2428/83699,LibriSpeech_2428,LibriSpeech_2428,1,39.32727134628894,maximum_decision_score
2,839,2428-83699-0037,2428/83699,LibriSpeech_2428,LibriSpeech_2428,1,39.327083161272974,maximum_decision_score
1,840,2428-83699-0038,2428/83699,LibriSpeech_2428,LibriSpeech_2428,1,39.32583930075503,maximum_decision_score
4,841,2428-83699-0039,2428/83699,LibriSpeech_2428,LibriSpeech_2428,1,39.326595764399976,maximum_decision_score
2,842,2428-83699-0040,2428/83699,LibriSpeech_2428,LibriSpeech_2428,1,39.32665505836456,maximum_decision_score
1,843,2428-83699-0041,2428/83699,LibriSpeech_2428,LibriSpeech_2428,1,39.327369203441336,maximum_decision_score
2,844,2428-83699-0042,2428/83699,LibriSpeech_2428,LibriSpeech_2428,1,39.32636767450753,maximum_decision_score
2,845,2428-83705-0000,2428/83705,LibriSpeech_2428,LibriSpeech_2428,1,39.326541611508894,maximum_decision_score
3,846,2428-83705-0001,2428/83705,LibriSpeech_2428,LibriSpeech_2428,1,39.32595786031801,maximum_decision_score
2,847,2428-83705-0002,2428/83705,LibriSpeech_2428,LibriSpeech_2428,1,39.32582853244448,maximum_decision_score
3,848,2428-83705-0003,2428/83705,LibriSpeech_2428,LibriSpeech_2428,1,39.325723694470994,maximum_decision_score
1,849,2428-83705-0004,2428/83705,LibriSpeech_2428,LibriSpeech_2428,1,39.326166096702885,maximum_decision_score
4,850,2428-83705-0005,2428/83705,LibriSpeech_2428,LibriSpeech_2428,1,39.32655796979626,maximum_decision_score
3,851,2428-83705-0006,2428/83705,LibriSpeech_2428,LibriSpeech_2428,1,39.32577707103818,maximum_decision_score
3,852,2428-83705-0007,2428/83705,LibriSpeech_2428,LibriSpeech_2428,1,39.3253555629009,maximum_decision_score
3,853,2428-83705-0008,2428/83705,LibriSpeech_2428,LibriSpeech_2428,1,39.323030721060064,maximum_decision_score
4,854,2428-83705-0009,2428/83705,LibriSpeech_2428,LibriSpeech_2428,1,39.32610866664804,maximum_decision_score
2,855,2428-83705-0010,2428/83705,LibriSpeech_2428,LibriSpeech_2428,1,39.3259001988004,maximum_decision_score
4,856,2428-83705-0011,2428/83705,LibriSpeech_2428,LibriSpeech_2428,1,39.32610937097849,maximum_decision_score
5,857,2428-83705-0012,2428/83705,LibriSpeech_2428,LibriSpeech_2428,1,39.32604604579518,maximum_decision_score
2,858,2428-83705-0013,2428/83705,LibriSpeech_2428,LibriSpeech_2428,1,39.32483930349739,maximum_decision_score
5,859,2428-83705-0014,2428/83705,LibriSpeech_2428,LibriSpeech_2428,1,39.32607586817426,maximum_decision_score
5,860,2428-83705-0015,2428/83705,LibriSpeech_2428,LibriSpeech_2428,1,39.32624074319896,maximum_decision_score
2,861,2428-83705-0016,2428/83705,LibriSpeech_2428,LibriSpeech_2428,1,39.32595838111694,maximum_decision_score
3,862,2428-83705-0017,2428/83705,LibriSpeech_2428,LibriSpeech_2428,1,39.325710738325945,maximum_decision_score
3,863,2428-83705-0018,2428/83705,LibriSpeech_2428,LibriSpeech_2428,1,39.3257931986921,maximum_decision_score
5,864,2428-83705-0019,2428/83705,LibriSpeech_2428,LibriSpeech_2428,1,39.32614472423596,maximum_decision_score
1,865,2428-83705-0020,2428/83705,LibriSpeech_2428,LibriSpeech_2428,1,39.32619769711911,maximum_decision_score
4,866,2428-83705-0021,2428/83705,LibriSpeech_2428,LibriSpeech_2428,1,39.325800204299526,maximum_decision_score
4,867,2428-83705-0022,2428/83705,LibriSpeech_2428,LibriSpeech_2428,1,39.32601059442802,maximum_decision_score
5,868,2428-83705-0023,2428/83705,LibriSpeech_2428,LibriSpeech_2428,1,39.32601551580828,maximum_decision_score
3,869,2428-83705-0024,2428/83705,LibriSpeech_2428,LibriSpeech_2428,1,39.325665140323665,maximum_decision_score
1,870,2428-83705-0025,2428/83705,LibriSpeech_2428,LibriSpeech_2428,1,39.32653161326785,maximum_decision_score
5,871,2428-83705-0026,2428/83705,LibriSpeech_2428,LibriSpeech_2428,1,39.32624414930803,maximum_decision_score
1,872,2428-83705-0027,2428/83705,LibriSpeech_2428,LibriSpeech_2428,1,39.32532383924297,maximum_decision_score
5,873,2428-83705-0028,2428/83705,LibriSpeech_2428,LibriSpeech_2428,1,39.32460279530997,maximum_decision_score
4,874,2428-83705-0029,2428/83705,LibriSpeech_2428,LibriSpeech_2428,1,39.3257782766702,maximum_decision_score
1,875,2428-83705-0030,2428/83705,LibriSpeech_2428,LibriSpeech_2428,1,39.32609520576433,maximum_decision_score
3,876,2428-83705-0031,2428/83705,LibriSpeech_2428,LibriSpeech_2428,1,39.327090634429005,maximum_decision_score
3,877,2428-83705-0032,2428/83705,LibriSpeech_2428,LibriSpeech_2428,1,39.32518328371919,maximum_decision_score
3,878,2428-83705-0033,2428/83705,LibriSpeech_2428,LibriSpeech_2428,1,39.32646788641686,maximum_decision_score
5,879,2428-83705-0034,2428/83705,LibriSpeech_2428,LibriSpeech_2428,1,39.32625124859182,maximum_decision_score
3,880,2428-83705-0035,2428/83705,LibriSpeech_2428,LibriSpeech_2428,1,39.326526403700896,maximum_decision_score
1,881,2428-83705-0036,2428/83705,LibriSpeech_2428,LibriSpeech_2428,1,39.322302109077235,maximum_decision_score
2,882,2428-83705-0037,2428/83705,LibriSpeech_2428,LibriSpeech_2428,1,39.326075071073724,maximum_decision_score
4,883,2428-83705-0038,2428/83705,LibriSpeech_2428,LibriSpeech_2428,1,39.32618006960635,maximum_decision_score
3,884,2428-83705-0039,2428/83705,LibriSpeech_2428,LibriSpeech_2428,1,39.32293029928931,maximum_decision_score
4,885,2428-83705-0040,2428/83705,LibriSpeech_2428,LibriSpeech_2428,1,39.325635204499896,maximum_decision_score
4,886,2428-83705-0041,2428/83705,LibriSpeech_2428,LibriSpeech_2428,1,39.32570680442001,maximum_decision_score
2,887,2428-83705-0042,2428/83705,LibriSpeech_2428,LibriSpeech_2428,1,39.32571058112714,maximum_decision_score
4,888,2428-83705-0043,2428/83705,LibriSpeech_2428,LibriSpeech_2428,1,39.32543605253431,maximum_decision_score
2,889,251-118436-0000,251/118436,LibriSpeech_251,LibriSpeech_251,1,39.32531358876425,maximum_decision_score
5,890,251-118436-0001,251/118436,LibriSpeech_251,LibriSpeech_251,1,39.32677833667597,maximum_decision_score
3,891,251-118436-0002,251/118436,LibriSpeech_251,LibriSpeech_251,1,39.326867773760846,maximum_decision_score
1,892,251-118436-0003,251/118436,LibriSpeech_251,LibriSpeech_251,1,39.326589266027284,maximum_decision_score
1,893,251-118436-0004,251/118436,LibriSpeech_251,LibriSpeech_251,1,39.32536101750059,maximum_decision_score
3,894,251-118436-0005,251/118436,LibriSpeech_251,LibriSpeech_251,1,39.32691852739703,maximum_decision_score
1,895,251-118436-0006,251/118436,LibriSpeech_251,LibriSpeech_251,1,39.32655830259641,maximum_decision_score
3,896,251-118436-0007,251/118436,LibriSpeech_251,LibriSpeech_251,1,39.32699049054653,maximum_decision_score
3,897,251-118436-0008,251/118436,LibriSpeech_251,LibriSpeech_251,1,39.32636153504602,maximum_decision_score
3,898,251-118436-0009,251/118436,LibriSpeech_251,LibriSpeech_251,1,39.32637668726111,maximum_decision_score
5,899,251-118436-0010,251/118436,LibriSpeech_251,LibriSpeech_251,1,39.32527687686766,maximum_decision_score
5,900,251-118436-0011,251/118436,LibriSpeech_251,LibriSpeech_251,1,39.326372312320714,maximum_decision_score
4,901,251-118436-0012,251/118436,LibriSpeech_251,LibriSpeech_251,1,39.326214380921996,maximum_decision_score
4,902,251-118436-0013,251/118436,LibriSpeech_251,LibriSpeech_251,1,39.3263349737548,maximum_decision_score
5,903,251-118436-0014,251/118436,LibriSpeech_251,LibriSpeech_251,1,39.3267884108039,maximum_decision_score
4,904,251-118436-0015,251/118436,LibriSpeech_251,LibriSpeech_251,1,39.32623380500053,maximum_decision_score
3,905,251-118436-0016,251/118436,LibriSpeech_251,LibriSpeech_251,1,39.32601611137616,maximum_decision_score
1,906,251-118436-0017,251/118436,LibriSpeech_251,LibriSpeech_251,1,39.3253785093183,maximum_decision_score
3,907,251-118436-0018,251/118436,LibriSpeech_251,LibriSpeech_251,1,39.32650712761193,maximum_decision_score
4,908,251-118436-0019,251/118436,LibriSpeech_251,LibriSpeech_251,1,39.32503297427674,maximum_decision_score
1,909,251-118436-0020,251/118436,LibriSpeech_251,LibriSpeech_251,1,39.32530728647116,maximum_decision_score
3,910,251-118436-0021,251/118436,LibriSpeech_251,LibriSpeech_251,1,39.326506312720305,maximum_decision_score
3,911,251-118436-0022,251/118436,LibriSpeech_251,LibriSpeech_251,1,39.3253910831775,maximum_decision_score
1,912,251-118436-0023,251/118436,LibriSpeech_251,LibriSpeech_251,1,39.32674158748236,maximum_decision_score
4,913,251-136532-0000,251/136532,LibriSpeech_251,LibriSpeech_251,1,39.32557120512585,maximum_decision_score
1,914,251-136532-0001,251/136532,LibriSpeech_251,LibriSpeech_251,1,39.326174773293204,maximum_decision_score
5,915,251-136532-0002,251/136532,LibriSpeech_251,LibriSpeech_251,1,39.326101934580244,maximum_decision_score
5,916,251-136532-0003,251/136532,LibriSpeech_251,LibriSpeech_251,1,39.32599415535737,maximum_decision_score
5,917,251-136532-0004,251/136532,LibriSpeech_251,LibriSpeech_251,1,39.32581326917419,maximum_decision_score
2,918,251-136532-0005,251/136532,LibriSpeech_251,LibriSpeech_251,1,39.326040620896556,maximum_decision_score
3,919,251-136532-0006,251/136532,LibriSpeech_251,LibriSpeech_251,1,39.32632126736387,maximum_decision_score
2,920,251-136532-0007,251/136532,LibriSpeech_251,LibriSpeech_251,1,39.32591770166621,maximum_decision_score
2,921,251-136532-0008,251/136532,LibriSpeech_251,LibriSpeech_251,1,39.325963814012425,maximum_decision_score
5,922,251-136532-0009,251/136532,LibriSpeech_251,LibriSpeech_251,1,39.32568777322793,maximum_decision_score
4,923,251-136532-0010,251/136532,LibriSpeech_251,LibriSpeech_251,1,39.32435681781274,maximum_decision_score
3,924,251-136532-0011,251/136532,LibriSpeech_251,LibriSpeech_251,1,39.325425863154834,maximum_decision_score
4,925,251-136532-0012,251/136532,LibriSpeech_251,LibriSpeech_251,1,39.32599349002674,maximum_decision_score
4,926,251-136532-0013,251/136532,LibriSpeech_251,LibriSpeech_251,1,39.32564655527367,maximum_decision_score
4,927,251-136532-0014,251/136532,LibriSpeech_251,LibriSpeech_251,1,39.3246191693177,maximum_decision_score
2,928,251-136532-0015,251/136532,LibriSpeech_251,LibriSpeech_251,1,39.32584093726532,maximum_decision_score
2,929,251-136532-0016,251/136532,LibriSpeech_251,LibriSpeech_251,1,39.32596813878082,maximum_decision_score
4,930,251-136532-0017,251/136532,LibriSpeech_251,LibriSpeech_251,1,39.32622515733777,maximum_decision_score
3,931,251-136532-0018,251/136532,LibriSpeech_251,LibriSpeech_251,1,39.32591253898845,maximum_decision_score
5,932,251-136532-0019,251/136532,LibriSpeech_251,LibriSpeech_251,1,39.324962020061825,maximum_decision_score
5,933,251-136532-0020,251/136532,LibriSpeech_251,LibriSpeech_251,1,39.325474890156286,maximum_decision_score
5,934,251-136532-0021,251/136532,LibriSpeech_251,LibriSpeech_251,1,39.32529754120648,maximum_decision_score
2,935,251-136532-0022,251/136532,LibriSpeech_251,LibriSpeech_251,1,39.31978689152437,maximum_decision_score
4,936,251-136532-0023,251/136532,LibriSpeech_251,LibriSpeech_251,1,39.325790006881164,maximum_decision_score
5,937,251-137823-0000,251/137823,LibriSpeech_251,LibriSpeech_251,1,39.32536269686143,maximum_decision_score
1,938,251-137823-0001,251/137823,LibriSpeech_251,LibriSpeech_251,1,39.32573614930167,maximum_decision_score
4,939,251-137823-0002,251/137823,LibriSpeech_251,LibriSpeech_251,1,39.326896043812184,maximum_decision_score
1,940,251-137823-0003,251/137823,LibriSpeech_251,LibriSpeech_251,1,39.32597610202151,maximum_decision_score
4,941,251-137823-0004,251/137823,LibriSpeech_251,LibriSpeech_251,1,39.326174814496554,maximum_decision_score
1,942,251-137823-0005,251/137823,LibriSpeech_251,LibriSpeech_251,1,39.32499808709551,maximum_decision_score
1,943,251-137823-0006,251/137823,LibriSpeech_251,LibriSpeech_251,1,39.32620484123897,maximum_decision_score
2,944,251-137823-0007,251/137823,LibriSpeech_251,LibriSpeech_251,1,39.32677123786035,maximum_decision_score
1,945,251-137823-0008,251/137823,LibriSpeech_251,LibriSpeech_251,1,39.32687352958925,maximum_decision_score
2,946,251-137823-0009,251/137823,LibriSpeech_251,LibriSpeech_251,1,39.326209288324904,maximum_decision_score
5,947,251-137823-0010,251/137823,LibriSpeech_251,LibriSpeech_251,1,39.3260283105316,maximum_decision_score
5,948,251-137823-0011,251/137823,LibriSpeech_251,LibriSpeech_251,1,39.32574686869298,maximum_decision_score
5,949,251-137823-0012,251/137823,LibriSpeech_251,LibriSpeech_251,1,39.32598061508068,maximum_decision_score
3,950,251-137823-0013,251/137823,LibriSpeech_251,LibriSpeech_251,1,39.32612882321698,maximum_decision_score
1,951,251-137823-0014,251/137823,LibriSpeech_251,LibriSpeech_251,1,39.326349424581885,maximum_decision_score
2,952,251-137823-0015,251/137823,LibriSpeech_251,LibriSpeech_251,1,39.32661482505889,maximum_decision_score
1,953,251-137823-0016,251/137823,LibriSpeech_251,LibriSpeech_251,1,39.32586082118199,maximum_decision_score
2,954,251-137823-0017,251/137823,LibriSpeech_251,LibriSpeech_251,1,39.32550422101711,maximum_decision_score
2,955,251-137823-0018,251/137823,LibriSpeech_251,LibriSpeech_251,1,39.326743351514516,maximum_decision_score
4,956,251-137823-0019,251/137823,LibriSpeech_251,LibriSpeech_251,1,39.32612893527817,maximum_decision_score
3,957,251-137823-0020,251/137823,LibriSpeech_251,LibriSpeech_251,1,39.32653914882703,maximum_decision_score
2,958,251-137823-0021,251/137823,LibriSpeech_251,LibriSpeech_251,1,39.326295913306886,maximum_decision_score
3,959,251-137823-0022,251/137823,LibriSpeech_251,LibriSpeech_251,1,39.32622494483601,maximum_decision_score
2,960,251-137823-0023,251/137823,LibriSpeech_251,LibriSpeech_251,1,39.32660181144778,maximum_decision_score
1,961,251-137823-0024,251/137823,LibriSpeech_251,LibriSpeech_251,1,39.32193333269356,maximum_decision_score
4,962,251-137823-0025,251/137823,LibriSpeech_251,LibriSpeech_251,1,39.32400738759481,maximum_decision_score
2,963,251-137823-0026,251/137823,LibriSpeech_251,LibriSpeech_251,1,39.324955822958174,maximum_decision_score
2,964,2803-154320-0000,2803/154320,LibriSpeech_2803,LibriSpeech_2803,1,39.325593485654906,maximum_decision_score
1,965,2803-154320-0001,2803/154320,LibriSpeech_2803,LibriSpeech_2803,1,39.32545415759595,maximum_decision_score
2,966,2803-154320-0002,2803/154320,LibriSpeech_2803,LibriSpeech_2803,1,39.32580011552929,maximum_decision_score
4,967,2803-154320-0003,2803/154320,LibriSpeech_2803,LibriSpeech_2803,1,39.326033184872834,maximum_decision_score
1,968,2803-154320-0004,2803/154320,LibriSpeech_2803,LibriSpeech_2803,1,39.32561075542518,maximum_decision_score
2,969,2803-154320-0005,2803/154320,LibriSpeech_2803,LibriSpeech_2803,1,39.32637319718386,maximum_decision_score
3,970,2803-154320-0006,2803/154320,LibriSpeech_2803,LibriSpeech_2803,1,39.324164508630496,maximum_decision_score
3,971,2803-154320-0007,2803/154320,LibriSpeech_2803,LibriSpeech_2803,1,39.32527741423956,maximum_decision_score
4,972,2803-154320-0008,2803/154320,LibriSpeech_2803,LibriSpeech_2803,1,39.32432510476337,maximum_decision_score
1,973,2803-154320-0009,2803/154320,LibriSpeech_2803,LibriSpeech_2803,1,39.3255398275457,maximum_decision_score
5,974,2803-154320-0010,2803/154320,LibriSpeech_2803,LibriSpeech_2803,1,39.32328156722701,maximum_decision_score
3,975,2803-154320-0011,2803/154320,LibriSpeech_2803,LibriSpeech_2803,1,39.32364465541896,maximum_decision_score
5,976,2803-154320-0012,2803/154320,LibriSpeech_2803,LibriSpeech_2803,1,39.325457704940604,maximum_decision_score
1,977,2803-154320-0013,2803/154320,LibriSpeech_2803,LibriSpeech_2803,1,39.32511359283894,maximum_decision_score
3,978,2803-154320-0014,2803/154320,LibriSpeech_2803,LibriSpeech_2803,1,39.325125655229634,maximum_decision_score
1,979,2803-154328-0000,2803/154328,LibriSpeech_2803,LibriSpeech_2803,1,39.325962258766026,maximum_decision_score
2,980,2803-154328-0001,2803/154328,LibriSpeech_2803,LibriSpeech_2803,1,39.325809695721176,maximum_decision_score
5,981,2803-154328-0002,2803/154328,LibriSpeech_2803,LibriSpeech_2803,1,39.32571484397788,maximum_decision_score
3,982,2803-154328-0003,2803/154328,LibriSpeech_2803,LibriSpeech_2803,1,39.32606146713553,maximum_decision_score
5,983,2803-154328-0004,2803/154328,LibriSpeech_2803,LibriSpeech_2803,1,39.32606234009218,maximum_decision_score
1,984,2803-154328-0005,2803/154328,LibriSpeech_2803,LibriSpeech_2803,1,39.325988360320444,maximum_decision_score
2,985,2803-154328-0006,2803/154328,LibriSpeech_2803,LibriSpeech_2803,1,39.325330864980835,maximum_decision_score
5,986,2803-154328-0007,2803/154328,LibriSpeech_2803,LibriSpeech_2803,1,39.32498199859844,maximum_decision_score
1,987,2803-154328-0008,2803/154328,LibriSpeech_2803,LibriSpeech_2803,1,39.326361924273925,maximum_decision_score
2,988,2803-154328-0009,2803/154328,LibriSpeech_2803,LibriSpeech_2803,1,39.3266336860613,maximum_decision_score
4,989,2803-154328-0010,2803/154328,LibriSpeech_2803,LibriSpeech_2803,1,39.326582564646635,maximum_decision_score
3,990,2803-154328-0011,2803/154328,LibriSpeech_2803,LibriSpeech_2803,1,39.32620770536312,maximum_decision_score
4,991,2803-154328-0012,2803/154328,LibriSpeech_2803,LibriSpeech_2803,1,39.32630586457409,maximum_decision_score
5,992,2803-154328-0013,2803/154328,LibriSpeech_2803,LibriSpeech_2803,1,39.324365152646344,maximum_decision_score
4,993,2803-154328-0014,2803/154328,LibriSpeech_2803,LibriSpeech_2803,1,39.32605309780776,maximum_decision_score
5,994,2803-154328-0015,2803/154328,LibriSpeech_2803,LibriSpeech_2803,1,39.326079710787454,maximum_decision_score
2,995,2803-154328-0016,2803/154328,LibriSpeech_2803,LibriSpeech_2803,1,39.326526630853984,maximum_decision_score
1,996,2803-154328-0017,2803/154328,LibriSpeech_2803,LibriSpeech_2803,1,39.326372660848776,maximum_decision_score
5,997,2803-154328-0018,2803/154328,LibriSpeech_2803,LibriSpeech_2803,1,39.326257271326035,maximum_decision_score
2,998,2803-154328-0019,2803/154328,LibriSpeech_2803,LibriSpeech_2803,1,39.326754045504515,maximum_decision_score
5,999,2803-154328-0020,2803/154328,LibriSpeech_2803,LibriSpeech_2803,1,39.32592046984937,maximum_decision_score
5,1000,2803-154328-0021,2803/154328,LibriSpeech_2803,LibriSpeech_2803,1,39.32675162882467,maximum_decision_score
3,1001,2803-154328-0022,2803/154328,LibriSpeech_2803,LibriSpeech_2803,1,39.32417501480916,maximum_decision_score
3,1002,2803-154328-0023,2803/154328,LibriSpeech_2803,LibriSpeech_2803,1,39.32545152420803,maximum_decision_score
2,1003,2803-161169-0000,2803/161169,LibriSpeech_2803,LibriSpeech_2803,1,39.32615909107886,maximum_decision_score
2,1004,2803-161169-0001,2803/161169,LibriSpeech_2803,LibriSpeech_2803,1,39.32602917903225,maximum_decision_score
3,1005,2803-161169-0002,2803/161169,LibriSpeech_2803,LibriSpeech_2803,1,39.32651877116627,maximum_decision_score
1,1006,2803-161169-0003,2803/161169,LibriSpeech_2803,LibriSpeech_2803,1,39.3262391975131,maximum_decision_score
2,1007,2803-161169-0004,2803/161169,LibriSpeech_2803,LibriSpeech_2803,1,39.326116879860464,maximum_decision_score
3,1008,2803-161169-0005,2803/161169,LibriSpeech_2803,LibriSpeech_2803,1,39.325524054861766,maximum_decision_score
4,1009,2803-161169-0006,2803/161169,LibriSpeech_2803,LibriSpeech_2803,1,39.32558116692027,maximum_decision_score
4,1010,2803-161169-0007,2803/161169,LibriSpeech_2803,LibriSpeech_2803,1,39.32581536982164,maximum_decision_score
5,1011,2803-161169-0008,2803/161169,LibriSpeech_2803,LibriSpeech_2803,1,39.325656328290535,maximum_decision_score
1,1012,2803-161169-0009,2803/161169,LibriSpeech_2803,LibriSpeech_2803,1,39.32560150847854,maximum_decision_score
4,1013,2803-161169-0010,2803/161169,LibriSpeech_2803,LibriSpeech_2803,1,39.325627308338014,maximum_decision_score
1,1014,2803-161169-0011,2803/161169,LibriSpeech_2803,LibriSpeech_2803,1,39.32570150213162,maximum_decision_score
4,1015,2803-161169-0012,2803/161169,LibriSpeech_2803,LibriSpeech_2803,1,39.32627163997002,maximum_decision_score
5,1016,2803-161169-0013,2803/161169,LibriSpeech_2803,LibriSpeech_2803,1,39.32504313614736,maximum_decision_score
4,1017,2803-161169-0014,2803/161169,LibriSpeech_2803,LibriSpeech_2803,1,39.32623073618462,maximum_decision_score
1,1018,2803-161169-0015,2803/161169,LibriSpeech_2803,LibriSpeech_2803,1,39.32524758285829,maximum_decision_score
4,1019,2803-161169-0016,2803/161169,LibriSpeech_2803,LibriSpeech_2803,1,39.32542429154643,maximum_decision_score
3,1020,2803-161169-0017,2803/161169,LibriSpeech_2803,LibriSpeech_2803,1,39.32448014876016,maximum_decision_score
4,1021,2902-9006-0000,2902/9006,LibriSpeech_2902,LibriSpeech_2902,1,39.325029625432265,maximum_decision_score
5,1022,2902-9006-0001,2902/9006,LibriSpeech_2902,LibriSpeech_2902,1,39.32581585687157,maximum_decision_score
5,1023,2902-9006-0002,2902/9006,LibriSpeech_2902,LibriSpeech_2902,1,39.32544603014966,maximum_decision_score
5,1024,2902-9006-0003,2902/9006,LibriSpeech_2902,LibriSpeech_2902,1,39.32539916780836,maximum_decision_score
3,1025,2902-9006-0004,2902/9006,LibriSpeech_2902,LibriSpeech_2902,1,39.324740673929405,maximum_decision_score
5,1026,2902-9006-0005,2902/9006,LibriSpeech_2902,LibriSpeech_2902,1,39.3251936962631,maximum_decision_score
1,1027,2902-9006-0006,2902/9006,LibriSpeech_2902,LibriSpeech_2902,1,39.32623297538011,maximum_decision_score
1,1028,2902-9006-0007,2902/9006,LibriSpeech_2902,LibriSpeech_2902,1,39.3255152636433,maximum_decision_score
4,1029,2902-9006-0008,2902/9006,LibriSpeech_2902,LibriSpeech_2902,1,39.32540804590247,maximum_decision_score
1,1030,2902-9006-0009,2902/9006,LibriSpeech_2902,LibriSpeech_2902,1,39.32562722277428,maximum_decision_score
2,1031,2902-9006-0010,2902/9006,LibriSpeech_2902,LibriSpeech_2902,1,39.32556520093511,maximum_decision_score
1,1032,2902-9006-0011,2902/9006,LibriSpeech_2902,LibriSpeech_2902,1,39.32520934746084,maximum_decision_score
4,1033,2902-9006-0012,2902/9006,LibriSpeech_2902,LibriSpeech_2902,1,39.325217040114175,maximum_decision_score
1,1034,2902-9006-0013,2902/9006,LibriSpeech_2902,LibriSpeech_2902,1,39.32537706828248,maximum_decision_score
5,1035,2902-9006-0014,2902/9006,LibriSpeech_2902,LibriSpeech_2902,1,39.32609966990301,maximum_decision_score
3,1036,2902-9006-0015,2902/9006,LibriSpeech_2902,LibriSpeech_2902,1,39.3256975917176,maximum_decision_score
3,1037,2902-9006-0016,2902/9006,LibriSpeech_2902,LibriSpeech_2902,1,39.324876264425896,maximum_decision_score
2,1038,2902-9006-0017,2902/9006,LibriSpeech_2902,LibriSpeech_2902,1,39.325856225377926,maximum_decision_score
1,1039,2902-9006-0018,2902/9006,LibriSpeech_2902,LibriSpeech_2902,1,39.325605560219714,maximum_decision_score
2,1040,2902-9006-0019,2902/9006,LibriSpeech_2902,LibriSpeech_2902,1,39.32566524024459,maximum_decision_score
3,1041,2902-9006-0020,2902/9006,LibriSpeech_2902,LibriSpeech_2902,1,39.32591467564586,maximum_decision_score
1,1042,2902-9008-0000,2902/9008,LibriSpeech_2902,LibriSpeech_2902,1,39.326338532604545,maximum_decision_score
2,1043,2902-9008-0001,2902/9008,LibriSpeech_2902,LibriSpeech_2902,1,39.325542733706385,maximum_decision_score
4,1044,2902-9008-0002,2902/9008,LibriSpeech_2902,LibriSpeech_2902,1,39.32563475881916,maximum_decision_score
3,1045,2902-9008-0003,2902/9008,LibriSpeech_2902,LibriSpeech_2902,1,39.325695786644665,maximum_decision_score
1,1046,2902-9008-0004,2902/9008,LibriSpeech_2902,LibriSpeech_2902,1,39.32550165570454,maximum_decision_score
5,1047,2902-9008-0005,2902/9008,LibriSpeech_2902,LibriSpeech_2902,1,39.32577188323607,maximum_decision_score
5,1048,2902-9008-0006,2902/9008,LibriSpeech_2902,LibriSpeech_2902,1,39.325148605559306,maximum_decision_score
2,1049,2902-9008-0007,2902/9008,LibriSpeech_2902,LibriSpeech_2902,1,39.32575127316551,maximum_decision_score
3,1050,2902-9008-0008,2902/9008,LibriSpeech_2902,LibriSpeech_2902,1,39.32345143968373,maximum_decision_score
4,1051,2902-9008-0009,2902/9008,LibriSpeech_2902,LibriSpeech_2902,1,39.324487664607936,maximum_decision_score
2,1052,2902-9008-0010,2902/9008,LibriSpeech_2902,LibriSpeech_2902,1,39.324867799055696,maximum_decision_score
3,1053,2902-9008-0011,2902/9008,LibriSpeech_2902,LibriSpeech_2902,1,39.32561247555077,maximum_decision_score
3,1054,2902-9008-0012,2902/9008,LibriSpeech_2902,LibriSpeech_2902,1,39.32595029725566,maximum_decision_score
2,1055,2902-9008-0013,2902/9008,LibriSpeech_2902,LibriSpeech_2902,1,39.32552620358263,maximum_decision_score
2,1056,2902-9008-0014,2902/9008,LibriSpeech_2902,LibriSpeech_2902,1,39.325534570793444,maximum_decision_score
4,1057,2902-9008-0015,2902/9008,LibriSpeech_2902,LibriSpeech_1272,0,39.32087984736814,maximum_decision_score
4,1058,2902-9008-0016,2902/9008,LibriSpeech_2902,LibriSpeech_2902,1,39.32439669340661,maximum_decision_score
3,1059,3000-15664-0000,3000/15664,LibriSpeech_3000,LibriSpeech_3000,1,39.32599631048402,maximum_decision_score
3,1060,3000-15664-0001,3000/15664,LibriSpeech_3000,LibriSpeech_3000,1,39.32627413604365,maximum_decision_score
4,1061,3000-15664-0002,3000/15664,LibriSpeech_3000,LibriSpeech_3000,1,39.32600445417765,maximum_decision_score
3,1062,3000-15664-0003,3000/15664,LibriSpeech_3000,LibriSpeech_3000,1,39.32415539683294,maximum_decision_score
5,1063,3000-15664-0004,3000/15664,LibriSpeech_3000,LibriSpeech_3000,1,39.325278814470416,maximum_decision_score
2,1064,3000-15664-0005,3000/15664,LibriSpeech_3000,LibriSpeech_3000,1,39.32538991910601,maximum_decision_score
1,1065,3000-15664-0006,3000/15664,LibriSpeech_3000,LibriSpeech_3000,1,39.32424270624257,maximum_decision_score
1,1066,3000-15664-0007,3000/15664,LibriSpeech_3000,LibriSpeech_3000,1,39.32649393239346,maximum_decision_score
5,1067,3000-15664-0008,3000/15664,LibriSpeech_3000,LibriSpeech_3000,1,39.32547633816886,maximum_decision_score
1,1068,3000-15664-0009,3000/15664,LibriSpeech_3000,LibriSpeech_3000,1,39.325023049428985,maximum_decision_score
3,1069,3000-15664-0010,3000/15664,LibriSpeech_3000,LibriSpeech_3000,1,39.326057693980076,maximum_decision_score
1,1070,3000-15664-0011,3000/15664,LibriSpeech_3000,LibriSpeech_3000,1,39.325956277863725,maximum_decision_score
3,1071,3000-15664-0012,3000/15664,LibriSpeech_3000,LibriSpeech_3000,1,39.32573410663951,maximum_decision_score
5,1072,3000-15664-0013,3000/15664,LibriSpeech_3000,LibriSpeech_3000,1,39.325802672012294,maximum_decision_score
2,1073,3000-15664-0014,3000/15664,LibriSpeech_3000,LibriSpeech_3000,1,39.32553332875333,maximum_decision_score
1,1074,3000-15664-0015,3000/15664,LibriSpeech_3000,LibriSpeech_3000,1,39.32587782360308,maximum_decision_score
1,1075,3000-15664-0016,3000/15664,LibriSpeech_3000,LibriSpeech_3000,1,39.3260261553755,maximum_decision_score
5,1076,3000-15664-0017,3000/15664,LibriSpeech_3000,LibriSpeech_3000,1,39.325624332833684,maximum_decision_score
2,1077,3000-15664-0018,3000/15664,LibriSpeech_3000,LibriSpeech_3000,1,39.32609118400878,maximum_decision_score
5,1078,3000-15664-0019,3000/15664,LibriSpeech_3000,LibriSpeech_3000,1,39.32555597842956,maximum_decision_score
5,1079,3000-15664-0020,3000/15664,LibriSpeech_3000,LibriSpeech_3000,1,39.325174216766506,maximum_decision_score
4,1080,3000-15664-0021,3000/15664,LibriSpeech_3000,LibriSpeech_3000,1,39.32594225420998,maximum_decision_score
4,1081,3000-15664-0022,3000/15664,LibriSpeech_3000,LibriSpeech_3000,1,39.32561300304912,maximum_decision_score
3,1082,3000-15664-0023,3000/15664,LibriSpeech_3000,LibriSpeech_3000,1,39.32451599679169,maximum_decision_score
3,1083,3000-15664-0024,3000/15664,LibriSpeech_3000,LibriSpeech_3000,1,39.32542706090285,maximum_decision_score
4,1084,3000-15664-0025,3000/15664,LibriSpeech_3000,LibriSpeech_3000,1,39.32492835171098,maximum_decision_score
4,1085,3000-15664-0026,3000/15664,LibriSpeech_3000,LibriSpeech_3000,1,39.3251524252482,maximum_decision_score
2,1086,3000-15664-0027,3000/15664,LibriSpeech_3000,LibriSpeech_3000,1,39.3261664443105,maximum_decision_score
3,1087,3000-15664-0028,3000/15664,LibriSpeech_3000,LibriSpeech_3000,1,39.325445083773786,maximum_decision_score
2,1088,3000-15664-0029,3000/15664,LibriSpeech_3000,LibriSpeech_3000,1,39.325659543026156,maximum_decision_score
4,1089,3000-15664-0030,3000/15664,LibriSpeech_3000,LibriSpeech_3000,1,39.31915172992873,maximum_decision_score
4,1090,3000-15664-0031,3000/15664,LibriSpeech_3000,LibriSpeech_3000,1,39.32590553878472,maximum_decision_score
1,1091,3000-15664-0032,3000/15664,LibriSpeech_3000,LibriSpeech_3000,1,39.3261937714693,maximum_decision_score
4,1092,3000-15664-0033,3000/15664,LibriSpeech_3000,LibriSpeech_3000,1,39.32542410069403,maximum_decision_score
2,1093,3000-15664-0034,3000/15664,LibriSpeech_3000,LibriSpeech_3000,1,39.325378648408524,maximum_decision_score
2,1094,3000-15664-0035,3000/15664,LibriSpeech_3000,LibriSpeech_3000,1,39.32583358569253,maximum_decision_score
1,1095,3000-15664-0036,3000/15664,LibriSpeech_3000,LibriSpeech_3000,1,39.32521775302595,maximum_decision_score
5,1096,3000-15664-0037,3000/15664,LibriSpeech_3000,LibriSpeech_3000,1,39.32546996370531,maximum_decision_score
5,1097,3000-15664-0038,3000/15664,LibriSpeech_3000,LibriSpeech_3000,1,39.32596027685967,maximum_decision_score
5,1098,3000-15664-0039,3000/15664,LibriSpeech_3000,LibriSpeech_3000,1,39.32566260279163,maximum_decision_score
3,1099,3000-15664-0040,3000/15664,LibriSpeech_3000,LibriSpeech_3000,1,39.32576855773074,maximum_decision_score
2,1100,3000-15664-0041,3000/15664,LibriSpeech_3000,LibriSpeech_3000,1,39.326019839241134,maximum_decision_score
1,1101,3000-15664-0042,3000/15664,LibriSpeech_3000,LibriSpeech_3000,1,39.326152052264646,maximum_decision_score
4,1102,3000-15664-0043,3000/15664,LibriSpeech_3000,LibriSpeech_3000,1,39.325796946311485,maximum_decision_score
2,1103,3000-15664-0044,3000/15664,LibriSpeech_3000,LibriSpeech_3000,1,39.325680752964516,maximum_decision_score
2,1104,3000-15664-0045,3000/15664,LibriSpeech_3000,LibriSpeech_3000,1,39.32596092621353,maximum_decision_score
3,1105,3000-15664-0046,3000/15664,LibriSpeech_3000,LibriSpeech_3000,1,39.325568103172934,maximum_decision_score
2,1106,3081-166546-0000,3081/166546,LibriSpeech_3081,LibriSpeech_3081,1,39.32561228660917,maximum_decision_score
2,1107,3081-166546-0001,3081/166546,LibriSpeech_3081,LibriSpeech_3081,1,39.32562177284847,maximum_decision_score
4,1108,3081-166546-0002,3081/166546,LibriSpeech_3081,LibriSpeech_3081,1,39.32663598071492,maximum_decision_score
1,1109,3081-166546-0003,3081/166546,LibriSpeech_3081,LibriSpeech_3081,1,39.326708036735134,maximum_decision_score
2,1110,3081-166546-0004,3081/166546,LibriSpeech_3081,LibriSpeech_3081,1,39.32601603937818,maximum_decision_score
5,1111,3081-166546-0005,3081/166546,LibriSpeech_3081,LibriSpeech_3081,1,39.32625368712836,maximum_decision_score
1,1112,3081-166546-0006,3081/166546,LibriSpeech_3081,LibriSpeech_3081,1,39.32542823791597,maximum_decision_score
5,1113,3081-166546-0007,3081/166546,LibriSpeech_3081,LibriSpeech_3081,1,39.325806190090944,maximum_decision_score
4,1114,3081-166546-0008,3081/166546,LibriSpeech_3081,LibriSpeech_3081,1,39.32476025465082,maximum_decision_score
1,1115,3081-166546-0009,3081/166546,LibriSpeech_3081,LibriSpeech_3081,1,39.325536225305896,maximum_decision_score
3,1116,3081-166546-0010,3081/166546,LibriSpeech_3081,LibriSpeech_3081,1,39.32559746176727,maximum_decision_score
2,1117,3081-166546-0011,3081/166546,LibriSpeech_3081,LibriSpeech_3081,1,39.325553134863625,maximum_decision_score
5,1118,3081-166546-0012,3081/166546,LibriSpeech_3081,LibriSpeech_3081,1,39.325849100597345,maximum_decision_score
5,1119,3081-166546-0013,3081/166546,LibriSpeech_3081,LibriSpeech_3081,1,39.32622695919839,maximum_decision_score
3,1120,3081-166546-0014,3081/166546,LibriSpeech_3081,LibriSpeech_3081,1,39.32551561166256,maximum_decision_score
4,1121,3081-166546-0015,3081/166546,LibriSpeech_3081,LibriSpeech_3081,1,39.323969700655205,maximum_decision_score
2,1122,3081-166546-0016,3081/166546,LibriSpeech_3081,LibriSpeech_3081,1,39.32590993419657,maximum_decision_score
3,1123,3081-166546-0017,3081/166546,LibriSpeech_3081,LibriSpeech_3081,1,39.324765234658315,maximum_decision_score
1,1124,3081-166546-0018,3081/166546,LibriSpeech_3081,LibriSpeech_3081,1,39.32509377854131,maximum_decision_score
4,1125,3081-166546-0019,3081/166546,LibriSpeech_3081,LibriSpeech_3081,1,39.325865559168406,maximum_decision_score
2,1126,3081-166546-0020,3081/166546,LibriSpeech_3081,LibriSpeech_3081,1,39.32633565560489,maximum_decision_score
3,1127,3081-166546-0021,3081/166546,LibriSpeech_3081,LibriSpeech_3081,1,39.326036648360464,maximum_decision_score
4,1128,3081-166546-0022,3081/166546,LibriSpeech_3081,LibriSpeech_3081,1,39.326007208257955,maximum_decision_score
2,1129,3081-166546-0023,3081/166546,LibriSpeech_3081,LibriSpeech_3081,1,39.32569713032785,maximum_decision_score
4,1130,3081-166546-0024,3081/166546,LibriSpeech_3081,LibriSpeech_3081,1,39.32651139236834,maximum_decision_score
4,1131,3081-166546-0025,3081/166546,LibriSpeech_3081,LibriSpeech_3081,1,39.32552715411129,maximum_decision_score
1,1132,3081-166546-0026,3081/166546,LibriSpeech_3081,LibriSpeech_3081,1,39.32601790449359,maximum_decision_score
5,1133,3081-166546-0027,3081/166546,LibriSpeech_3081,LibriSpeech_3081,1,39.325463458243895,maximum_decision_score
5,1134,3081-166546-0028,3081/166546,LibriSpeech_3081,LibriSpeech_3081,1,39.325718637280865,maximum_decision_score
5,1135,3081-166546-0029,3081/166546,LibriSpeech_3081,LibriSpeech_3081,1,39.32584464074637,maximum_decision_score
3,1136,3081-166546-0030,3081/166546,LibriSpeech_3081,LibriSpeech_3081,1,39.32619927696529,maximum_decision_score
2,1137,3081-166546-0031,3081/166546,LibriSpeech_3081,LibriSpeech_3081,1,39.326025308223,maximum_decision_score
1,1138,3081-166546-0032,3081/166546,LibriSpeech_3081,LibriSpeech_3081,1,39.32537427427648,maximum_decision_score
3,1139,3081-166546-0033,3081/166546,LibriSpeech_3081,LibriSpeech_3081,1,39.324926444402784,maximum_decision_score
1,1140,3081-166546-0034,3081/166546,LibriSpeech_3081,LibriSpeech_3081,1,39.32592699305261,maximum_decision_score
3,1141,3081-166546-0035,3081/166546,LibriSpeech_3081,LibriSpeech_3081,1,39.3249639541097,maximum_decision_score
5,1142,3081-166546-0036,3081/166546,LibriSpeech_3081,LibriSpeech_3081,1,39.324903222530075,maximum_decision_score
4,1143,3081-166546-0037,3081/166546,LibriSpeech_3081,LibriSpeech_3081,1,39.32626969294182,maximum_decision_score
5,1144,3081-166546-0038,3081/166546,LibriSpeech_3081,LibriSpeech_3081,1,39.32515587624102,maximum_decision_score
5,1145,3081-166546-0039,3081/166546,LibriSpeech_3081,LibriSpeech_3081,1,39.32590795416327,maximum_decision_score
3,1146,3081-166546-0040,3081/166546,LibriSpeech_3081,LibriSpeech_3081,1,39.325515377848596,maximum_decision_score
5,1147,3081-166546-0041,3081/166546,LibriSpeech_3081,LibriSpeech_3081,1,39.3261247389648,maximum_decision_score
2,1148,3081-166546-0042,3081/166546,LibriSpeech_3081,LibriSpeech_3081,1,39.32504088166742,maximum_decision_score
3,1149,3081-166546-0043,3081/166546,LibriSpeech_3081,LibriSpeech_3081,1,39.326202874541174,maximum_decision_score
5,1150,3081-166546-0044,3081/166546,LibriSpeech_3081,LibriSpeech_3081,1,39.32696973443576,maximum_decision_score
2,1151,3081-166546-0045,3081/166546,LibriSpeech_3081,LibriSpeech_3081,1,39.325993979795705,maximum_decision_score
1,1152,3081-166546-0046,3081/166546,LibriSpeech_3081,LibriSpeech_3081,1,39.325897937436785,maximum_decision_score
4,1153,3081-166546-0047,3081/166546,LibriSpeech_3081,LibriSpeech_3081,1,39.326585399152734,maximum_decision_score
1,1154,3081-166546-0048,3081/166546,LibriSpeech_3081,LibriSpeech_3081,1,39.32652815808663,maximum_decision_score
3,1155,3081-166546-0049,3081/166546,LibriSpeech_3081,LibriSpeech_3081,1,39.32685332663966,maximum_decision_score
5,1156,3081-166546-0050,3081/166546,LibriSpeech_3081,LibriSpeech_3081,1,39.32619733116177,maximum_decision_score
3,1157,3081-166546-0051,3081/166546,LibriSpeech_3081,LibriSpeech_3081,1,39.32596000385956,maximum_decision_score
5,1158,3081-166546-0052,3081/166546,LibriSpeech_3081,LibriSpeech_3081,1,39.32511967114785,maximum_decision_score
1,1159,3081-166546-0053,3081/166546,LibriSpeech_3081,LibriSpeech_3081,1,39.32546969466199,maximum_decision_score
5,1160,3081-166546-0054,3081/166546,LibriSpeech_3081,LibriSpeech_3081,1,39.325161394460686,maximum_decision_score
2,1161,3081-166546-0055,3081/166546,LibriSpeech_3081,LibriSpeech_3081,1,39.32567063305259,maximum_decision_score
5,1162,3081-166546-0056,3081/166546,LibriSpeech_3081,LibriSpeech_3081,1,39.32589393770512,maximum_decision_score
2,1163,3081-166546-0057,3081/166546,LibriSpeech_3081,LibriSpeech_3081,1,39.32542858774526,maximum_decision_score
3,1164,3081-166546-0058,3081/166546,LibriSpeech_3081,LibriSpeech_3081,1,39.32604152945928,maximum_decision_score
5,1165,3081-166546-0059,3081/166546,LibriSpeech_3081,LibriSpeech_3081,1,39.32565514664726,maximum_decision_score
1,1166,3081-166546-0060,3081/166546,LibriSpeech_3081,LibriSpeech_3081,1,39.32615528339358,maximum_decision_score
3,1167,3081-166546-0061,3081/166546,LibriSpeech_3081,LibriSpeech_3081,1,39.32597583975466,maximum_decision_score
4,1168,3081-166546-0062,3081/166546,LibriSpeech_3081,LibriSpeech_3081,1,39.32579104931265,maximum_decision_score
2,1169,3081-166546-0063,3081/166546,LibriSpeech_3081,LibriSpeech_3081,1,39.32600322321783,maximum_decision_score
1,1170,3081-166546-0064,3081/166546,LibriSpeech_3081,LibriSpeech_3081,1,39.32608821751734,maximum_decision_score
2,1171,3081-166546-0065,3081/166546,LibriSpeech_3081,LibriSpeech_3081,1,39.32584867154116,maximum_decision_score
3,1172,3081-166546-0066,3081/166546,LibriSpeech_3081,LibriSpeech_3081,1,39.325997533625916,maximum_decision_score
1,1173,3081-166546-0067,3081/166546,LibriSpeech_3081,LibriSpeech_3081,1,39.32603763250518,maximum_decision_score
3,1174,3081-166546-0068,3081/166546,LibriSpeech_3081,LibriSpeech_3081,1,39.3251865419975,maximum_decision_score
3,1175,3081-166546-0069,3081/166546,LibriSpeech_3081,LibriSpeech_3081,1,39.32579533555847,maximum_decision_score
1,1176,3081-166546-0070,3081/166546,LibriSpeech_3081,LibriSpeech_3081,1,39.325784494821335,maximum_decision_score
5,1177,3081-166546-0071,3081/166546,LibriSpeech_3081,LibriSpeech_3081,1,39.32660241248194,maximum_decision_score
4,1178,3081-166546-0072,3081/166546,LibriSpeech_3081,LibriSpeech_3081,1,39.327034419026305,maximum_decision_score
4,1179,3081-166546-0073,3081/166546,LibriSpeech_3081,LibriSpeech_3081,1,39.3244754471617,maximum_decision_score
1,1180,3081-166546-0074,3081/166546,LibriSpeech_3081,LibriSpeech_3081,1,39.32564403315333,maximum_decision_score
3,1181,3081-166546-0075,3081/166546,LibriSpeech_3081,LibriSpeech_3081,1,39.32605931207788,maximum_decision_score
1,1182,3081-166546-0076,3081/166546,LibriSpeech_3081,LibriSpeech_3081,1,39.32392831154087,maximum_decision_score
2,1183,3081-166546-0077,3081/166546,LibriSpeech_3081,LibriSpeech_3081,1,39.32641331861939,maximum_decision_score
4,1184,3081-166546-0078,3081/166546,LibriSpeech_3081,LibriSpeech_3081,1,39.325723223100596,maximum_decision_score
2,1185,3081-166546-0079,3081/166546,LibriSpeech_3081,LibriSpeech_3081,1,39.325900458657735,maximum_decision_score
4,1186,3081-166546-0080,3081/166546,LibriSpeech_3081,LibriSpeech_3081,1,39.324911153452526,maximum_decision_score
1,1187,3081-166546-0081,3081/166546,LibriSpeech_3081,LibriSpeech_3081,1,39.32659164712195,maximum_decision_score
4,1188,3081-166546-0082,3081/166546,LibriSpeech_3081,LibriSpeech_3081,1,39.326324186329636,maximum_decision_score
2,1189,3081-166546-0083,3081/166546,LibriSpeech_3081,LibriSpeech_3081,1,39.324688323857565,maximum_decision_score
4,1190,3081-166546-0084,3081/166546,LibriSpeech_3081,LibriSpeech_3081,1,39.32527568657409,maximum_decision_score
4,1191,3081-166546-0085,3081/166546,LibriSpeech_3081,LibriSpeech_3081,1,39.326368532267395,maximum_decision_score
3,1192,3081-166546-0086,3081/166546,LibriSpeech_3081,LibriSpeech_3081,1,39.32685908431418,maximum_decision_score
1,1193,3081-166546-0087,3081/166546,LibriSpeech_3081,LibriSpeech_3081,1,39.32642846814337,maximum_decision_score
4,1194,3081-166546-0088,3081/166546,LibriSpeech_3081,LibriSpeech_3081,1,39.32548183000765,maximum_decision_score
2,1195,3081-166546-0089,3081/166546,LibriSpeech_3081,LibriSpeech_3081,1,39.32469086588653,maximum_decision_score
1,1196,3170-137482-0000,3170/137482,LibriSpeech_3170,LibriSpeech_3170,1,39.32582039082958,maximum_decision_score
2,1197,3170-137482-0001,3170/137482,LibriSpeech_3170,LibriSpeech_3170,1,39.324703016687735,maximum_decision_score
2,1198,3170-137482-0002,3170/137482,LibriSpeech_3170,LibriSpeech_3170,1,39.32482167032694,maximum_decision_score
4,1199,3170-137482-0003,3170/137482,LibriSpeech_3170,LibriSpeech_3170,1,39.32634815565991,maximum_decision_score
2,1200,3170-137482-0004,3170/137482,LibriSpeech_3170,LibriSpeech_3170,1,39.32563140215732,maximum_decision_score
4,1201,3170-137482-0005,3170/137482,LibriSpeech_3170,LibriSpeech_3170,1,39.326310872040324,maximum_decision_score
1,1202,3170-137482-0006,3170/137482,LibriSpeech_3170,LibriSpeech_3170,1,39.32602276107281,maximum_decision_score
1,1203,3170-137482-0007,3170/137482,LibriSpeech_3170,LibriSpeech_3170,1,39.32603159724727,maximum_decision_score
3,1204,3170-137482-0008,3170/137482,LibriSpeech_3170,LibriSpeech_3170,1,39.32558188384017,maximum_decision_score
5,1205,3170-137482-0009,3170/137482,LibriSpeech_3170,LibriSpeech_3170,1,39.3262455307836,maximum_decision_score
4,1206,3170-137482-0010,3170/137482,LibriSpeech_3170,LibriSpeech_3170,1,39.325766418838185,maximum_decision_score
3,1207,3170-137482-0011,3170/137482,LibriSpeech_3170,LibriSpeech_3170,1,39.325319263416915,maximum_decision_score
2,1208,3170-137482-0012,3170/137482,LibriSpeech_3170,LibriSpeech_3170,1,39.32518270934164,maximum_decision_score
4,1209,3170-137482-0013,3170/137482,LibriSpeech_3170,LibriSpeech_3170,1,39.321727336238176,maximum_decision_score
3,1210,3170-137482-0014,3170/137482,LibriSpeech_3170,LibriSpeech_3170,1,39.32396997483941,maximum_decision_score
1,1211,3170-137482-0015,3170/137482,LibriSpeech_3170,LibriSpeech_3170,1,39.324782587070715,maximum_decision_score
1,1212,3170-137482-0016,3170/137482,LibriSpeech_3170,LibriSpeech_3170,1,39.3258002737625,maximum_decision_score
5,1213,3170-137482-0017,3170/137482,LibriSpeech_3170,LibriSpeech_3170,1,39.32606601567497,maximum_decision_score
1,1214,3170-137482-0018,3170/137482,LibriSpeech_3170,LibriSpeech_3170,1,39.325474038396585,maximum_decision_score
2,1215,3170-137482-0019,3170/137482,LibriSpeech_3170,LibriSpeech_3170,1,39.32569231233344,maximum_decision_score
5,1216,3170-137482-0020,3170/137482,LibriSpeech_3170,LibriSpeech_3170,1,39.324913067482676,maximum_decision_score
2,1217,3170-137482-0021,3170/137482,LibriSpeech_3170,LibriSpeech_3170,1,39.32623484307884,maximum_decision_score
5,1218,3170-137482-0022,3170/137482,LibriSpeech_3170,LibriSpeech_3170,1,39.32628414768957,maximum_decision_score
2,1219,3170-137482-0023,3170/137482,LibriSpeech_3170,LibriSpeech_3170,1,39.326174857176625,maximum_decision_score
2,1220,3170-137482-0024,3170/137482,LibriSpeech_3170,LibriSpeech_3170,1,39.3260561198628,maximum_decision_score
3,1221,3170-137482-0025,3170/137482,LibriSpeech_3170,LibriSpeech_3170,1,39.32504679596178,maximum_decision_score
3,1222,3170-137482-0026,3170/137482,LibriSpeech_3170,LibriSpeech_3170,1,39.32588101801001,maximum_decision_score
4,1223,3170-137482-0027,3170/137482,LibriSpeech_3170,LibriSpeech_3170,1,39.32643589563967,maximum_decision_score
5,1224,3170-137482-0028,3170/137482,LibriSpeech_3170,LibriSpeech_3170,1,39.325880275460726,maximum_decision_score
5,1225,3170-137482-0029,3170/137482,LibriSpeech_3170,LibriSpeech_3170,1,39.323811858233405,maximum_decision_score
4,1226,3170-137482-0030,3170/137482,LibriSpeech_3170,LibriSpeech_3170,1,39.325862562227776,maximum_decision_score
3,1227,3170-137482-0031,3170/137482,LibriSpeech_3170,LibriSpeech_3170,1,39.32610765039328,maximum_decision_score
5,1228,3170-137482-0032,3170/137482,LibriSpeech_3170,LibriSpeech_3170,1,39.324785459348035,maximum_decision_score
4,1229,3170-137482-0033,3170/137482,LibriSpeech_3170,LibriSpeech_3170,1,39.32434198839405,maximum_decision_score
3,1230,3170-137482-0034,3170/137482,LibriSpeech_3170,LibriSpeech_3170,1,39.3262703840465,maximum_decision_score
2,1231,3170-137482-0035,3170/137482,LibriSpeech_3170,LibriSpeech_3170,1,39.325886032088064,maximum_decision_score
5,1232,3170-137482-0036,3170/137482,LibriSpeech_3170,LibriSpeech_3170,1,39.32597289193079,maximum_decision_score
4,1233,3170-137482-0037,3170/137482,LibriSpeech_3170,LibriSpeech_3170,1,39.32570297195174,maximum_decision_score
2,1234,3170-137482-0038,3170/137482,LibriSpeech_3170,LibriSpeech_3170,1,39.32549608777729,maximum_decision_score
3,1235,3170-137482-0039,3170/137482,LibriSpeech_3170,LibriSpeech_3170,1,39.325929745760156,maximum_decision_score
3,1236,3170-137482-0040,3170/137482,LibriSpeech_3170,LibriSpeech_3170,1,39.3262898702628,maximum_decision_score
1,1237,3170-137482-0041,3170/137482,LibriSpeech_3170,LibriSpeech_3170,1,39.32590055933281,maximum_decision_score
4,1238,3170-137482-0042,3170/137482,LibriSpeech_3170,LibriSpeech_3170,1,39.325910836713646,maximum_decision_score
5,1239,3170-137482-0043,3170/137482,LibriSpeech_3170,LibriSpeech_3170,1,39.32528226170652,maximum_decision_score
1,1240,3170-137482-0044,3170/137482,LibriSpeech_3170,LibriSpeech_3170,1,39.32522894664098,maximum_decision_score
4,1241,3170-137482-0045,3170/137482,LibriSpeech_3170,LibriSpeech_3170,1,39.32442975616902,maximum_decision_score
1,1242,3170-137482-0046,3170/137482,LibriSpeech_3170,LibriSpeech_3170,1,39.326273251820766,maximum_decision_score
1,1243,3170-137482-0047,3170/137482,LibriSpeech_3170,LibriSpeech_3170,1,39.325728303418614,maximum_decision_score
5,1244,3170-137482-0048,3170/137482,LibriSpeech_3170,LibriSpeech_3170,1,39.32583017636658,maximum_decision_score
1,1245,3536-23268-0000,3536/23268,LibriSpeech_3536,LibriSpeech_3536,1,39.32644377337319,maximum_decision_score
5,1246,3536-23268-0001,3536/23268,LibriSpeech_3536,LibriSpeech_3536,1,39.326684250635516,maximum_decision_score
2,1247,3536-23268-0002,3536/23268,LibriSpeech_3536,LibriSpeech_3536,1,39.3264725732496,maximum_decision_score
4,1248,3536-23268-0003,3536/23268,LibriSpeech_3536,LibriSpeech_3536,1,39.325759524517416,maximum_decision_score
3,1249,3536-23268-0004,3536/23268,LibriSpeech_3536,LibriSpeech_3536,1,39.32489672497189,maximum_decision_score
5,1250,3536-23268-0005,3536/23268,LibriSpeech_3536,LibriSpeech_3536,1,39.32490033446699,maximum_decision_score
3,1251,3536-23268-0006,3536/23268,LibriSpeech_3536,LibriSpeech_3536,1,39.32634344707804,maximum_decision_score
2,1252,3536-23268-0007,3536/23268,LibriSpeech_3536,LibriSpeech_3536,1,39.32638017785444,maximum_decision_score
4,1253,3536-23268-0008,3536/23268,LibriSpeech_3536,LibriSpeech_3536,1,39.32640168942041,maximum_decision_score
3,1254,3536-23268-0009,3536/23268,LibriSpeech_3536,LibriSpeech_3536,1,39.32628853031297,maximum_decision_score
4,1255,3536-23268-0010,3536/23268,LibriSpeech_3536,LibriSpeech_3536,1,39.32458272651715,maximum_decision_score
2,1256,3536-23268-0011,3536/23268,LibriSpeech_3536,LibriSpeech_3536,1,39.326137810082194,maximum_decision_score
4,1257,3536-23268-0012,3536/23268,LibriSpeech_3536,LibriSpeech_3536,1,39.32587471273461,maximum_decision_score
4,1258,3536-23268-0013,3536/23268,LibriSpeech_3536,LibriSpeech_3536,1,39.32577372481738,maximum_decision_score
4,1259,3536-23268-0014,3536/23268,LibriSpeech_3536,LibriSpeech_3536,1,39.32657924222153,maximum_decision_score
2,1260,3536-23268-0015,3536/23268,LibriSpeech_3536,LibriSpeech_3536,1,39.325041934694575,maximum_decision_score
3,1261,3536-23268-0016,3536/23268,LibriSpeech_3536,LibriSpeech_3536,1,39.325753763034264,maximum_decision_score
1,1262,3536-23268-0017,3536/23268,LibriSpeech_3536,LibriSpeech_3536,1,39.326343572024356,maximum_decision_score
3,1263,3536-23268-0018,3536/23268,LibriSpeech_3536,LibriSpeech_3536,1,39.32576247395433,maximum_decision_score
5,1264,3536-23268-0019,3536/23268,LibriSpeech_3536,LibriSpeech_3536,1,39.32584534678631,maximum_decision_score
1,1265,3536-23268-0020,3536/23268,LibriSpeech_3536,LibriSpeech_3536,1,39.32611724577534,maximum_decision_score
3,1266,3536-23268-0021,3536/23268,LibriSpeech_3536,LibriSpeech_3536,1,39.32588521336473,maximum_decision_score
5,1267,3536-23268-0022,3536/23268,LibriSpeech_3536,LibriSpeech_3536,1,39.32531984195135,maximum_decision_score
1,1268,3536-23268-0023,3536/23268,LibriSpeech_3536,LibriSpeech_3536,1,39.32591557684213,maximum_decision_score
2,1269,3536-23268-0024,3536/23268,LibriSpeech_3536,LibriSpeech_3536,1,39.32535867575975,maximum_decision_score
4,1270,3536-23268-0025,3536/23268,LibriSpeech_3536,LibriSpeech_3536,1,39.32635311845529,maximum_decision_score
1,1271,3536-23268-0026,3536/23268,LibriSpeech_3536,LibriSpeech_3536,1,39.32605991064064,maximum_decision_score
2,1272,3536-23268-0027,3536/23268,LibriSpeech_3536,LibriSpeech_3536,1,39.325762663034865,maximum_decision_score
1,1273,3536-23268-0028,3536/23268,LibriSpeech_3536,LibriSpeech_3536,1,39.32472275071459,maximum_decision_score
3,1274,3536-23268-0029,3536/23268,LibriSpeech_3536,LibriSpeech_3536,1,39.32618722336955,maximum_decision_score
1,1275,3536-23268-0030,3536/23268,LibriSpeech_3536,LibriSpeech_3536,1,39.32563280602084,maximum_decision_score
4,1276,3536-8226-0000,3536/8226,LibriSpeech_3536,LibriSpeech_3536,1,39.32585962311375,maximum_decision_score
2,1277,3536-8226-0001,3536/8226,LibriSpeech_3536,LibriSpeech_3536,1,39.3261735415829,maximum_decision_score
5,1278,3536-8226-0002,3536/8226,LibriSpeech_3536,LibriSpeech_3536,1,39.325843685939965,maximum_decision_score
5,1279,3536-8226-0003,3536/8226,LibriSpeech_3536,LibriSpeech_3536,1,39.32692400752505,maximum_decision_score
5,1280,3536-8226-0004,3536/8226,LibriSpeech_3536,LibriSpeech_3536,1,39.3264656320662,maximum_decision_score
3,1281,3536-8226-0005,3536/8226,LibriSpeech_3536,LibriSpeech_3536,1,39.326804253831924,maximum_decision_score
3,1282,3536-8226-0006,3536/8226,LibriSpeech_3536,LibriSpeech_3536,1,39.326821081579645,maximum_decision_score
2,1283,3536-8226-0007,3536/8226,LibriSpeech_3536,LibriSpeech_3536,1,39.32513257415045,maximum_decision_score
4,1284,3536-8226-0008,3536/8226,LibriSpeech_3536,LibriSpeech_3536,1,39.32411827624293,maximum_decision_score
2,1285,3536-8226-0009,3536/8226,LibriSpeech_3536,LibriSpeech_3536,1,39.32531932713063,maximum_decision_score
5,1286,3536-8226-0010,3536/8226,LibriSpeech_3536,LibriSpeech_3536,1,39.32582360106,maximum_decision_score
1,1287,3536-8226-0011,3536/8226,LibriSpeech_3536,LibriSpeech_3536,1,39.326583758728255,maximum_decision_score
2,1288,3536-8226-0012,3536/8226,LibriSpeech_3536,LibriSpeech_3536,1,39.32335749691111,maximum_decision_score
1,1289,3536-8226-0013,3536/8226,LibriSpeech_3536,LibriSpeech_3536,1,39.3256305206718,maximum_decision_score
4,1290,3536-8226-0014,3536/8226,LibriSpeech_3536,LibriSpeech_3536,1,39.324623375489104,maximum_decision_score
5,1291,3536-8226-0015,3536/8226,LibriSpeech_3536,LibriSpeech_3536,1,39.32641650059128,maximum_decision_score
5,1292,3536-8226-0016,3536/8226,LibriSpeech_3536,LibriSpeech_3536,1,39.32378738974546,maximum_decision_score
1,1293,3536-8226-0017,3536/8226,LibriSpeech_3536,LibriSpeech_3536,1,39.32480639463891,maximum_decision_score
5,1294,3536-8226-0018,3536/8226,LibriSpeech_3536,LibriSpeech_3536,1,39.32669404956508,maximum_decision_score
3,1295,3536-8226-0019,3536/8226,LibriSpeech_3536,LibriSpeech_3536,1,39.32609177814447,maximum_decision_score
4,1296,3536-8226-0020,3536/8226,LibriSpeech_3536,LibriSpeech_3536,1,39.32724406490812,maximum_decision_score
3,1297,3536-8226-0021,3536/8226,LibriSpeech_3536,LibriSpeech_3536,1,39.326301239700086,maximum_decision_score
1,1298,3536-8226-0022,3536/8226,LibriSpeech_3536,LibriSpeech_3536,1,39.32656721403676,maximum_decision_score
1,1299,3536-8226-0023,3536/8226,LibriSpeech_3536,LibriSpeech_3536,1,39.32626612223646,maximum_decision_score
1,1300,3536-8226-0024,3536/8226,LibriSpeech_3536,LibriSpeech_3536,1,39.32535706194357,maximum_decision_score
3,1301,3536-8226-0025,3536/8226,LibriSpeech_3536,LibriSpeech_3536,1,39.32585847601432,maximum_decision_score
5,1302,3536-8226-0026,3536/8226,LibriSpeech_3536,LibriSpeech_3536,1,39.32650103046088,maximum_decision_score
2,1303,3536-8226-0027,3536/8226,LibriSpeech_3536,LibriSpeech_3536,1,39.325972564551904,maximum_decision_score
2,1304,3536-8226-0028,3536/8226,LibriSpeech_3536,LibriSpeech_3536,1,39.327644794310004,maximum_decision_score
5,1305,3536-8226-0029,3536/8226,LibriSpeech_3536,LibriSpeech_3536,1,39.32491357600333,maximum_decision_score
2,1306,3536-8226-0030,3536/8226,LibriSpeech_3536,LibriSpeech_3536,1,39.32558594964626,maximum_decision_score
3,1307,3536-8226-0031,3536/8226,LibriSpeech_3536,LibriSpeech_3536,1,39.327127639969426,maximum_decision_score
4,1308,3536-8226-0032,3536/8226,LibriSpeech_3536,LibriSpeech_3536,1,39.32543733919396,maximum_decision_score
3,1309,3576-138058-0000,3576/138058,LibriSpeech_3576,LibriSpeech_3576,1,39.325437968259834,maximum_decision_score
2,1310,3576-138058-0001,3576/138058,LibriSpeech_3576,LibriSpeech_3576,1,39.32542531830454,maximum_decision_score
2,1311,3576-138058-0002,3576/138058,LibriSpeech_3576,LibriSpeech_3576,1,39.32668833755018,maximum_decision_score
1,1312,3576-138058-0003,3576/138058,LibriSpeech_3576,LibriSpeech_3576,1,39.326734788306005,maximum_decision_score
3,1313,3576-138058-0004,3576/138058,LibriSpeech_3576,LibriSpeech_3576,1,39.32604620309219,maximum_decision_score
3,1314,3576-138058-0005,3576/138058,LibriSpeech_3576,LibriSpeech_3576,1,39.326555973729995,maximum_decision_score
2,1315,3576-138058-0006,3576/138058,LibriSpeech_3576,LibriSpeech_3576,1,39.32407363601866,maximum_decision_score
2,1316,3576-138058-0007,3576/138058,LibriSpeech_3576,LibriSpeech_3576,1,39.32491604444001,maximum_decision_score
4,1317,3576-138058-0008,3576/138058,LibriSpeech_3576,LibriSpeech_3576,1,39.32360835240148,maximum_decision_score
2,1318,3576-138058-0009,3576/138058,LibriSpeech_3576,LibriSpeech_3576,1,39.32610460402911,maximum_decision_score
4,1319,3576-138058-0010,3576/138058,LibriSpeech_3576,LibriSpeech_3576,1,39.32646920852124,maximum_decision_score
5,1320,3576-138058-0011,3576/138058,LibriSpeech_3576,LibriSpeech_3576,1,39.32613107596114,maximum_decision_score
3,1321,3576-138058-0012,3576/138058,LibriSpeech_3576,LibriSpeech_3576,1,39.32570339505713,maximum_decision_score
2,1322,3576-138058-0013,3576/138058,LibriSpeech_3576,LibriSpeech_3576,1,39.32594753230612,maximum_decision_score
4,1323,3576-138058-0014,3576/138058,LibriSpeech_3576,LibriSpeech_3576,1,39.32686385350855,maximum_decision_score
3,1324,3576-138058-0015,3576/138058,LibriSpeech_3576,LibriSpeech_3576,1,39.32575053507874,maximum_decision_score
4,1325,3576-138058-0016,3576/138058,LibriSpeech_3576,LibriSpeech_3576,1,39.32597747967675,maximum_decision_score
4,1326,3576-138058-0017,3576/138058,LibriSpeech_3576,LibriSpeech_3576,1,39.324836579315914,maximum_decision_score
1,1327,3576-138058-0018,3576/138058,LibriSpeech_3576,LibriSpeech_3576,1,39.325745771855836,maximum_decision_score
4,1328,3576-138058-0019,3576/138058,LibriSpeech_3576,LibriSpeech_3576,1,39.325702771000635,maximum_decision_score
5,1329,3576-138058-0020,3576/138058,LibriSpeech_3576,LibriSpeech_3576,1,39.32644184364082,maximum_decision_score
5,1330,3576-138058-0021,3576/138058,LibriSpeech_3576,LibriSpeech_3576,1,39.32554366388916,maximum_decision_score
1,1331,3576-138058-0022,3576/138058,LibriSpeech_3576,LibriSpeech_3576,1,39.32539177514196,maximum_decision_score
1,1332,3576-138058-0023,3576/138058,LibriSpeech_3576,LibriSpeech_3576,1,39.323995924957686,maximum_decision_score
4,1333,3576-138058-0024,3576/138058,LibriSpeech_3576,LibriSpeech_3576,1,39.327029743340866,maximum_decision_score
2,1334,3576-138058-0025,3576/138058,LibriSpeech_3576,LibriSpeech_3576,1,39.325151203219455,maximum_decision_score
5,1335,3576-138058-0026,3576/138058,LibriSpeech_3576,LibriSpeech_3576,1,39.32480829885986,maximum_decision_score
4,1336,3576-138058-0027,3576/138058,LibriSpeech_3576,LibriSpeech_3576,1,39.32677639559355,maximum_decision_score
5,1337,3576-138058-0028,3576/138058,LibriSpeech_3576,LibriSpeech_3576,1,39.32692690463737,maximum_decision_score
1,1338,3576-138058-0029,3576/138058,LibriSpeech_3576,LibriSpeech_3576,1,39.32649586795797,maximum_decision_score
5,1339,3576-138058-0030,3576/138058,LibriSpeech_3576,LibriSpeech_3576,1,39.3250334461221,maximum_decision_score
3,1340,3576-138058-0031,3576/138058,LibriSpeech_3576,LibriSpeech_3576,1,39.3238838490388,maximum_decision_score
3,1341,3576-138058-0032,3576/138058,LibriSpeech_3576,LibriSpeech_3576,1,39.32449848263187,maximum_decision_score
1,1342,3576-138058-0033,3576/138058,LibriSpeech_3576,LibriSpeech_3576,1,39.32647360808343,maximum_decision_score
5,1343,3576-138058-0034,3576/138058,LibriSpeech_3576,LibriSpeech_3576,1,39.32491862128202,maximum_decision_score
1,1344,3576-138058-0035,3576/138058,LibriSpeech_3576,LibriSpeech_3576,1,39.32689784806061,maximum_decision_score
1,1345,3576-138058-0036,3576/138058,LibriSpeech_3576,LibriSpeech_3576,1,39.32605092779976,maximum_decision_score
5,1346,3576-138058-0037,3576/138058,LibriSpeech_3576,LibriSpeech_3576,1,39.32647429799985,maximum_decision_score
1,1347,3576-138058-0038,3576/138058,LibriSpeech_3576,LibriSpeech_3576,1,39.32661836829748,maximum_decision_score
3,1348,3576-138058-0039,3576/138058,LibriSpeech_3576,LibriSpeech_3576,1,39.325406857461964,maximum_decision_score
2,1349,3576-138058-0040,3576/138058,LibriSpeech_3576,LibriSpeech_3576,1,39.325452380544355,maximum_decision_score
2,1350,3752-4943-0000,3752/4943,LibriSpeech_3752,LibriSpeech_3752,1,39.325588870621296,maximum_decision_score
1,1351,3752-4943-0001,3752/4943,LibriSpeech_3752,LibriSpeech_3752,1,39.32606964332479,maximum_decision_score
1,1352,3752-4943-0002,3752/4943,LibriSpeech_3752,LibriSpeech_3752,1,39.3257789480622,maximum_decision_score
1,1353,3752-4943-0003,3752/4943,LibriSpeech_3752,LibriSpeech_3752,1,39.32689836138969,maximum_decision_score
1,1354,3752-4943-0004,3752/4943,LibriSpeech_3752,LibriSpeech_3752,1,39.325870228969734,maximum_decision_score
3,1355,3752-4943-0005,3752/4943,LibriSpeech_3752,LibriSpeech_3752,1,39.32587007605925,maximum_decision_score
2,1356,3752-4943-0006,3752/4943,LibriSpeech_3752,LibriSpeech_3752,1,39.32509245892262,maximum_decision_score
4,1357,3752-4943-0007,3752/4943,LibriSpeech_3752,LibriSpeech_3752,1,39.3255284472734,maximum_decision_score
2,1358,3752-4943-0008,3752/4943,LibriSpeech_3752,LibriSpeech_3752,1,39.325434107414964,maximum_decision_score
2,1359,3752-4943-0009,3752/4943,LibriSpeech_3752,LibriSpeech_3752,1,39.32587552114364,maximum_decision_score
4,1360,3752-4943-0010,3752/4943,LibriSpeech_3752,LibriSpeech_3752,1,39.326091720922314,maximum_decision_score
5,1361,3752-4943-0011,3752/4943,LibriSpeech_3752,LibriSpeech_3752,1,39.325805216954286,maximum_decision_score
5,1362,3752-4943-0012,3752/4943,LibriSpeech_3752,LibriSpeech_3752,1,39.325507066906134,maximum_decision_score
5,1363,3752-4943-0013,3752/4943,LibriSpeech_3752,LibriSpeech_3752,1,39.326229601354626,maximum_decision_score
1,1364,3752-4943-0014,3752/4943,LibriSpeech_3752,LibriSpeech_3752,1,39.32634202272543,maximum_decision_score
4,1365,3752-4943-0015,3752/4943,LibriSpeech_3752,LibriSpeech_3752,1,39.324974409393185,maximum_decision_score
3,1366,3752-4943-0016,3752/4943,LibriSpeech_3752,LibriSpeech_3752,1,39.325645723011846,maximum_decision_score
3,1367,3752-4943-0017,3752/4943,LibriSpeech_3752,LibriSpeech_3752,1,39.32616129100202,maximum_decision_score
2,1368,3752-4943-0018,3752/4943,LibriSpeech_3752,LibriSpeech_3752,1,39.32641937246856,maximum_decision_score
2,1369,3752-4943-0019,3752/4943,LibriSpeech_3752,LibriSpeech_3752,1,39.319473905322035,maximum_decision_score
2,1370,3752-4943-0020,3752/4943,LibriSpeech_3752,LibriSpeech_3752,1,39.32535970132604,maximum_decision_score
1,1371,3752-4943-0021,3752/4943,LibriSpeech_3752,LibriSpeech_3752,1,39.325390075226984,maximum_decision_score
2,1372,3752-4943-0022,3752/4943,LibriSpeech_3752,LibriSpeech_3752,1,39.326963301859415,maximum_decision_score
3,1373,3752-4943-0023,3752/4943,LibriSpeech_3752,LibriSpeech_3752,1,39.32562649268885,maximum_decision_score
1,1374,3752-4943-0024,3752/4943,LibriSpeech_3752,LibriSpeech_3752,1,39.32631433343907,maximum_decision_score
2,1375,3752-4943-0025,3752/4943,LibriSpeech_3752,LibriSpeech_3752,1,39.32663296254004,maximum_decision_score
4,1376,3752-4943-0026,3752/4943,LibriSpeech_3752,LibriSpeech_3752,1,39.326429686137615,maximum_decision_score
3,1377,3752-4943-0027,3752/4943,LibriSpeech_3752,LibriSpeech_3752,1,39.326286624704665,maximum_decision_score
2,1378,3752-4943-0028,3752/4943,LibriSpeech_3752,LibriSpeech_3752,1,39.32468866067342,maximum_decision_score
5,1379,3752-4943-0029,3752/4943,LibriSpeech_3752,LibriSpeech_3752,1,39.32655470467999,maximum_decision_score
5,1380,3752-4943-0030,3752/4943,LibriSpeech_3752,LibriSpeech_3752,1,39.326210397294986,maximum_decision_score
4,1381,3752-4944-0000,3752/4944,LibriSpeech_3752,LibriSpeech_3752,1,39.32596101815269,maximum_decision_score
4,1382,3752-4944-0001,3752/4944,LibriSpeech_3752,LibriSpeech_3752,1,39.32513571828752,maximum_decision_score
3,1383,3752-4944-0002,3752/4944,LibriSpeech_3752,LibriSpeech_3752,1,39.32666314502265,maximum_decision_score
1,1384,3752-4944-0003,3752/4944,LibriSpeech_3752,LibriSpeech_3752,1,39.32482339626194,maximum_decision_score
4,1385,3752-4944-0004,3752/4944,LibriSpeech_3752,LibriSpeech_3752,1,39.32539666892209,maximum_decision_score
4,1386,3752-4944-0005,3752/4944,LibriSpeech_3752,LibriSpeech_3752,1,39.3263367257054,maximum_decision_score
4,1387,3752-4944-0006,3752/4944,LibriSpeech_3752,LibriSpeech_3752,1,39.32637825332389,maximum_decision_score
5,1388,3752-4944-0007,3752/4944,LibriSpeech_3752,LibriSpeech_3752,1,39.326367945543005,maximum_decision_score
1,1389,3752-4944-0008,3752/4944,LibriSpeech_3752,LibriSpeech_3752,1,39.32666368571066,maximum_decision_score
4,1390,3752-4944-0009,3752/4944,LibriSpeech_3752,LibriSpeech_3752,1,39.32603807714054,maximum_decision_score
5,1391,3752-4944-0010,3752/4944,LibriSpeech_3752,LibriSpeech_3752,1,39.327221857888325,maximum_decision_score
3,1392,3752-4944-0011,3752/4944,LibriSpeech_3752,LibriSpeech_3752,1,39.32599543001113,maximum_decision_score
5,1393,3752-4944-0012,3752/4944,LibriSpeech_3752,LibriSpeech_3752,1,39.32650846670011,maximum_decision_score
1,1394,3752-4944-0013,3752/4944,LibriSpeech_3752,LibriSpeech_3752,1,39.326237401963844,maximum_decision_score
5,1395,3752-4944-0014,3752/4944,LibriSpeech_3752,LibriSpeech_3752,1,39.32567624787889,maximum_decision_score
3,1396,3752-4944-0015,3752/4944,LibriSpeech_3752,LibriSpeech_3752,1,39.32671254686833,maximum_decision_score
2,1397,3752-4944-0016,3752/4944,LibriSpeech_3752,LibriSpeech_3752,1,39.3263305615101,maximum_decision_score
5,1398,3752-4944-0017,3752/4944,LibriSpeech_3752,LibriSpeech_3752,1,39.326355563526,maximum_decision_score
2,1399,3752-4944-0018,3752/4944,LibriSpeech_3752,LibriSpeech_3752,1,39.32683565284437,maximum_decision_score
3,1400,3752-4944-0019,3752/4944,LibriSpeech_3752,LibriSpeech_3752,1,39.324994594911324,maximum_decision_score
2,1401,3752-4944-0020,3752/4944,LibriSpeech_3752,LibriSpeech_3752,1,39.326475157070504,maximum_decision_score
3,1402,3752-4944-0021,3752/4944,LibriSpeech_3752,LibriSpeech_3752,1,39.32602656609004,maximum_decision_score
3,1403,3752-4944-0022,3752/4944,LibriSpeech_3752,LibriSpeech_3752,1,39.325957523278674,maximum_decision_score
5,1404,3752-4944-0023,3752/4944,LibriSpeech_3752,LibriSpeech_3752,1,39.32608309941548,maximum_decision_score
4,1405,3752-4944-0024,3752/4944,LibriSpeech_3752,LibriSpeech_3752,1,39.32657007580947,maximum_decision_score
3,1406,3752-4944-0025,3752/4944,LibriSpeech_3752,LibriSpeech_3752,1,39.32637484320889,maximum_decision_score
1,1407,3752-4944-0026,3752/4944,LibriSpeech_3752,LibriSpeech_3752,1,39.32601947378892,maximum_decision_score
2,1408,3752-4944-0027,3752/4944,LibriSpeech_3752,LibriSpeech_3752,1,39.3258334178932,maximum_decision_score
4,1409,3752-4944-0028,3752/4944,LibriSpeech_3752,LibriSpeech_3752,1,39.32600868616059,maximum_decision_score
5,1410,3752-4944-0029,3752/4944,LibriSpeech_3752,LibriSpeech_3752,1,39.324440602544705,maximum_decision_score
3,1411,3752-4944-0030,3752/4944,LibriSpeech_3752,LibriSpeech_3752,1,39.32664717489522,maximum_decision_score
3,1412,3752-4944-0031,3752/4944,LibriSpeech_3752,LibriSpeech_3752,1,39.32682838681512,maximum_decision_score
1,1413,3752-4944-0032,3752/4944,LibriSpeech_3752,LibriSpeech_3752,1,39.32663204532593,maximum_decision_score
4,1414,3752-4944-0033,3752/4944,LibriSpeech_3752,LibriSpeech_3752,1,39.32625408372385,maximum_decision_score
3,1415,3752-4944-0034,3752/4944,LibriSpeech_3752,LibriSpeech_3752,1,39.32677204018465,maximum_decision_score
4,1416,3752-4944-0035,3752/4944,LibriSpeech_3752,LibriSpeech_3752,1,39.325748272098444,maximum_decision_score
1,1417,3752-4944-0036,3752/4944,LibriSpeech_3752,LibriSpeech_3752,1,39.32556493651951,maximum_decision_score
2,1418,3752-4944-0037,3752/4944,LibriSpeech_3752,LibriSpeech_3752,1,39.32293544004967,maximum_decision_score
1,1419,3752-4944-0038,3752/4944,LibriSpeech_3752,LibriSpeech_3752,1,39.32575097301941,maximum_decision_score
2,1420,3752-4944-0039,3752/4944,LibriSpeech_3752,LibriSpeech_3752,1,39.32572053400774,maximum_decision_score
1,1421,3752-4944-0040,3752/4944,LibriSpeech_3752,LibriSpeech_3752,1,39.326223667063594,maximum_decision_score
5,1422,3752-4944-0041,3752/4944,LibriSpeech_3752,LibriSpeech_3752,1,39.326079080962806,maximum_decision_score
4,1423,3752-4944-0042,3752/4944,LibriSpeech_3752,LibriSpeech_3752,1,39.325566023037005,maximum_decision_score
2,1424,3752-4944-0043,3752/4944,LibriSpeech_3752,LibriSpeech_3752,1,39.32687667647945,maximum_decision_score
5,1425,3752-4944-0044,3752/4944,LibriSpeech_3752,LibriSpeech_3752,1,39.3264005558369,maximum_decision_score
3,1426,3752-4944-0045,3752/4944,LibriSpeech_3752,LibriSpeech_3752,1,39.32654760907013,maximum_decision_score
5,1427,3752-4944-0046,3752/4944,LibriSpeech_3752,LibriSpeech_3752,1,39.32646772502501,maximum_decision_score
1,1428,3752-4944-0047,3752/4944,LibriSpeech_3752,LibriSpeech_3752,1,39.32627859329568,maximum_decision_score
4,1429,3752-4944-0048,3752/4944,LibriSpeech_3752,LibriSpeech_3752,1,39.32651982170852,maximum_decision_score
5,1430,3752-4944-0049,3752/4944,LibriSpeech_3752,LibriSpeech_3752,1,39.3261118314741,maximum_decision_score
1,1431,3752-4944-0050,3752/4944,LibriSpeech_3752,LibriSpeech_3752,1,39.3251847715968,maximum_decision_score
3,1432,3752-4944-0051,3752/4944,LibriSpeech_3752,LibriSpeech_3752,1,39.326404710007864,maximum_decision_score
2,1433,3752-4944-0052,3752/4944,LibriSpeech_3752,LibriSpeech_3752,1,39.326000731450605,maximum_decision_score
5,1434,3752-4944-0053,3752/4944,LibriSpeech_3752,LibriSpeech_3752,1,39.32622207625775,maximum_decision_score
5,1435,3752-4944-0054,3752/4944,LibriSpeech_3752,LibriSpeech_3752,1,39.32703390599061,maximum_decision_score
3,1436,3752-4944-0055,3752/4944,LibriSpeech_3752,LibriSpeech_3752,1,39.32673477291491,maximum_decision_score
1,1437,3752-4944-0056,3752/4944,LibriSpeech_3752,LibriSpeech_3752,1,39.326458562770185,maximum_decision_score
2,1438,3752-4944-0057,3752/4944,LibriSpeech_3752,LibriSpeech_3752,1,39.32587087089862,maximum_decision_score
1,1439,3752-4944-0058,3752/4944,LibriSpeech_3752,LibriSpeech_3752,1,39.32640799942268,maximum_decision_score
2,1440,3752-4944-0059,3752/4944,LibriSpeech_3752,LibriSpeech_3752,1,39.326248177370765,maximum_decision_score
4,1441,3752-4944-0060,3752/4944,LibriSpeech_3752,LibriSpeech_3752,1,39.325105342662184,maximum_decision_score
2,1442,3752-4944-0061,3752/4944,LibriSpeech_3752,LibriSpeech_3752,1,39.32471297999398,maximum_decision_score
3,1443,3752-4944-0062,3752/4944,LibriSpeech_3752,LibriSpeech_3752,1,39.32601707112969,maximum_decision_score
5,1444,3752-4944-0063,3752/4944,LibriSpeech_3752,LibriSpeech_3752,1,39.323618561214346,maximum_decision_score
1,1445,3752-4944-0064,3752/4944,LibriSpeech_3752,LibriSpeech_3752,1,39.32737693555337,maximum_decision_score
4,1446,3752-4944-0065,3752/4944,LibriSpeech_3752,LibriSpeech_3752,1,39.32672024983519,maximum_decision_score
4,1447,3752-4944-0066,3752/4944,LibriSpeech_3752,LibriSpeech_3752,1,39.326390713314424,maximum_decision_score
3,1448,3752-4944-0067,3752/4944,LibriSpeech_3752,LibriSpeech_3752,1,39.3269028411926,maximum_decision_score
4,1449,3752-4944-0068,3752/4944,LibriSpeech_3752,LibriSpeech_3752,1,39.32607045120204,maximum_decision_score
5,1450,3752-4944-0069,3752/4944,LibriSpeech_3752,LibriSpeech_3752,1,39.32631215178045,maximum_decision_score
5,1451,3853-163249-0000,3853/163249,LibriSpeech_3853,LibriSpeech_3853,1,39.32610982885558,maximum_decision_score
1,1452,3853-163249-0001,3853/163249,LibriSpeech_3853,LibriSpeech_3853,1,39.32615031601516,maximum_decision_score
4,1453,3853-163249-0002,3853/163249,LibriSpeech_3853,LibriSpeech_3853,1,39.325225147840314,maximum_decision_score
4,1454,3853-163249-0003,3853/163249,LibriSpeech_3853,LibriSpeech_3853,1,39.32528743120983,maximum_decision_score
2,1455,3853-163249-0004,3853/163249,LibriSpeech_3853,LibriSpeech_3853,1,39.32490751530653,maximum_decision_score
5,1456,3853-163249-0005,3853/163249,LibriSpeech_3853,LibriSpeech_3853,1,39.326900309435466,maximum_decision_score
3,1457,3853-163249-0006,3853/163249,LibriSpeech_3853,LibriSpeech_3853,1,39.32434513298013,maximum_decision_score
3,1458,3853-163249-0007,3853/163249,LibriSpeech_3853,LibriSpeech_3853,1,39.325918413466695,maximum_decision_score
1,1459,3853-163249-0008,3853/163249,LibriSpeech_3853,LibriSpeech_3853,1,39.326831386869735,maximum_decision_score
4,1460,3853-163249-0009,3853/163249,LibriSpeech_3853,LibriSpeech_3853,1,39.32610108917514,maximum_decision_score
4,1461,3853-163249-0010,3853/163249,LibriSpeech_3853,LibriSpeech_3853,1,39.32600510646896,maximum_decision_score
5,1462,3853-163249-0011,3853/163249,LibriSpeech_3853,LibriSpeech_3853,1,39.323355678317405,maximum_decision_score
5,1463,3853-163249-0012,3853/163249,LibriSpeech_3853,LibriSpeech_3853,1,39.326030711377975,maximum_decision_score
3,1464,3853-163249-0013,3853/163249,LibriSpeech_3853,LibriSpeech_3853,1,39.32498065655027,maximum_decision_score
2,1465,3853-163249-0014,3853/163249,LibriSpeech_3853,LibriSpeech_3853,1,39.32680793409692,maximum_decision_score
1,1466,3853-163249-0015,3853/163249,LibriSpeech_3853,LibriSpeech_3853,1,39.32595968370561,maximum_decision_score
1,1467,3853-163249-0016,3853/163249,LibriSpeech_3853,LibriSpeech_3853,1,39.3263790040709,maximum_decision_score
1,1468,3853-163249-0017,3853/163249,LibriSpeech_3853,LibriSpeech_3853,1,39.326822266578944,maximum_decision_score
4,1469,3853-163249-0018,3853/163249,LibriSpeech_3853,LibriSpeech_3853,1,39.326664094420615,maximum_decision_score
5,1470,3853-163249-0019,3853/163249,LibriSpeech_3853,LibriSpeech_3853,1,39.32607805324913,maximum_decision_score
3,1471,3853-163249-0020,3853/163249,LibriSpeech_3853,LibriSpeech_3853,1,39.326990507511354,maximum_decision_score
4,1472,3853-163249-0021,3853/163249,LibriSpeech_3853,LibriSpeech_3853,1,39.325954167471394,maximum_decision_score
1,1473,3853-163249-0022,3853/163249,LibriSpeech_3853,LibriSpeech_3853,1,39.32715069923354,maximum_decision_score
5,1474,3853-163249-0023,3853/163249,LibriSpeech_3853,LibriSpeech_3853,1,39.324864691209385,maximum_decision_score
3,1475,3853-163249-0024,3853/163249,LibriSpeech_3853,LibriSpeech_3853,1,39.32518982424482,maximum_decision_score
4,1476,3853-163249-0025,3853/163249,LibriSpeech_3853,LibriSpeech_3853,1,39.325662175822764,maximum_decision_score
1,1477,3853-163249-0026,3853/163249,LibriSpeech_3853,LibriSpeech_3853,1,39.325766682840914,maximum_decision_score
1,1478,3853-163249-0027,3853/163249,LibriSpeech_3853,LibriSpeech_3853,1,39.326286450287284,maximum_decision_score
3,1479,3853-163249-0028,3853/163249,LibriSpeech_3853,LibriSpeech_3853,1,39.325235313613824,maximum_decision_score
4,1480,3853-163249-0029,3853/163249,LibriSpeech_3853,LibriSpeech_3853,1,39.32658325693927,maximum_decision_score
5,1481,3853-163249-0030,3853/163249,LibriSpeech_3853,LibriSpeech_3853,1,39.32675326292763,maximum_decision_score
4,1482,3853-163249-0031,3853/163249,LibriSpeech_3853,LibriSpeech_3853,1,39.32681880264712,maximum_decision_score
2,1483,3853-163249-0032,3853/163249,LibriSpeech_3853,LibriSpeech_3853,1,39.325164287517026,maximum_decision_score
5,1484,3853-163249-0033,3853/163249,LibriSpeech_3853,LibriSpeech_3853,1,39.324226567532854,maximum_decision_score
2,1485,3853-163249-0034,3853/163249,LibriSpeech_3853,LibriSpeech_3853,1,39.32578417128348,maximum_decision_score
5,1486,3853-163249-0035,3853/163249,LibriSpeech_3853,LibriSpeech_3853,1,39.32699095820508,maximum_decision_score
1,1487,3853-163249-0036,3853/163249,LibriSpeech_3853,LibriSpeech_3853,1,39.32685422801937,maximum_decision_score
3,1488,3853-163249-0037,3853/163249,LibriSpeech_3853,LibriSpeech_3853,1,39.32656495315207,maximum_decision_score
3,1489,3853-163249-0038,3853/163249,LibriSpeech_3853,LibriSpeech_3853,1,39.325523425807226,maximum_decision_score
5,1490,3853-163249-0039,3853/163249,LibriSpeech_3853,LibriSpeech_3853,1,39.327174517879804,maximum_decision_score
2,1491,3853-163249-0040,3853/163249,LibriSpeech_3853,LibriSpeech_3853,1,39.32466176458783,maximum_decision_score
3,1492,3853-163249-0041,3853/163249,LibriSpeech_3853,LibriSpeech_3853,1,39.32564445092638,maximum_decision_score
2,1493,3853-163249-0042,3853/163249,LibriSpeech_3853,LibriSpeech_3853,1,39.326804362259054,maximum_decision_score
4,1494,3853-163249-0043,3853/163249,LibriSpeech_3853,LibriSpeech_3853,1,39.32588909620373,maximum_decision_score
3,1495,3853-163249-0044,3853/163249,LibriSpeech_3853,LibriSpeech_3853,1,39.324553294438864,maximum_decision_score
4,1496,3853-163249-0045,3853/163249,LibriSpeech_3853,LibriSpeech_3853,1,39.32659557442876,maximum_decision_score
1,1497,3853-163249-0046,3853/163249,LibriSpeech_3853,LibriSpeech_3853,1,39.326002970034565,maximum_decision_score
2,1498,3853-163249-0047,3853/163249,LibriSpeech_3853,LibriSpeech_3853,1,39.32626987883147,maximum_decision_score
1,1499,3853-163249-0048,3853/163249,LibriSpeech_3853,LibriSpeech_3853,1,39.326013268202786,maximum_decision_score
4,1500,3853-163249-0049,3853/163249,LibriSpeech_3853,LibriSpeech_3853,1,39.326212231653585,maximum_decision_score
2,1501,3853-163249-0050,3853/163249,LibriSpeech_3853,LibriSpeech_3853,1,39.3218944483677,maximum_decision_score
5,1502,3853-163249-0051,3853/163249,LibriSpeech_3853,LibriSpeech_3853,1,39.32603983330318,maximum_decision_score
3,1503,3853-163249-0052,3853/163249,LibriSpeech_3853,LibriSpeech_3853,1,39.325730312315514,maximum_decision_score
3,1504,3853-163249-0053,3853/163249,LibriSpeech_3853,LibriSpeech_3853,1,39.326587026255076,maximum_decision_score
2,1505,3853-163249-0054,3853/163249,LibriSpeech_3853,LibriSpeech_3853,1,39.3260038427587,maximum_decision_score
2,1506,3853-163249-0055,3853/163249,LibriSpeech_3853,LibriSpeech_3853,1,39.32522244401127,maximum_decision_score
2,1507,3853-163249-0056,3853/163249,LibriSpeech_3853,LibriSpeech_3853,1,39.32491194325267,maximum_decision_score
4,1508,422-122949-0000,422/122949,LibriSpeech_422,LibriSpeech_422,1,39.325309669888505,maximum_decision_score
5,1509,422-122949-0001,422/122949,LibriSpeech_422,LibriSpeech_422,1,39.3255095927412,maximum_decision_score
2,1510,422-122949-0002,422/122949,LibriSpeech_422,LibriSpeech_422,1,39.32495518054319,maximum_decision_score
3,1511,422-122949-0003,422/122949,LibriSpeech_422,LibriSpeech_422,1,39.32574727572258,maximum_decision_score
4,1512,422-122949-0004,422/122949,LibriSpeech_422,LibriSpeech_422,1,39.32536680951522,maximum_decision_score
3,1513,422-122949-0005,422/122949,LibriSpeech_422,LibriSpeech_422,1,39.32571106293092,maximum_decision_score
3,1514,422-122949-0006,422/122949,LibriSpeech_422,LibriSpeech_422,1,39.32603087215263,maximum_decision_score
5,1515,422-122949-0007,422/122949,LibriSpeech_422,LibriSpeech_422,1,39.32553223843664,maximum_decision_score
3,1516,422-122949-0008,422/122949,LibriSpeech_422,LibriSpeech_422,1,39.326015816716314,maximum_decision_score
2,1517,422-122949-0009,422/122949,LibriSpeech_422,LibriSpeech_422,1,39.3256712381722,maximum_decision_score
3,1518,422-122949-0010,422/122949,LibriSpeech_422,LibriSpeech_422,1,39.3260610429272,maximum_decision_score
4,1519,422-122949-0011,422/122949,LibriSpeech_422,LibriSpeech_422,1,39.32482645360726,maximum_decision_score
2,1520,422-122949-0012,422/122949,LibriSpeech_422,LibriSpeech_422,1,39.32540253636617,maximum_decision_score
4,1521,422-122949-0013,422/122949,LibriSpeech_422,LibriSpeech_422,1,39.32588414871821,maximum_decision_score
5,1522,422-122949-0014,422/122949,LibriSpeech_422,LibriSpeech_422,1,39.32525257321076,maximum_decision_score
5,1523,422-122949-0015,422/122949,LibriSpeech_422,LibriSpeech_422,1,39.3253809035467,maximum_decision_score
4,1524,422-122949-0016,422/122949,LibriSpeech_422,LibriSpeech_422,1,39.3236413710272,maximum_decision_score
2,1525,422-122949-0017,422/122949,LibriSpeech_422,LibriSpeech_422,1,39.32252154536876,maximum_decision_score
4,1526,422-122949-0018,422/122949,LibriSpeech_422,LibriSpeech_422,1,39.32532176554474,maximum_decision_score
2,1527,422-122949-0019,422/122949,LibriSpeech_422,LibriSpeech_422,1,39.32582537229912,maximum_decision_score
2,1528,422-122949-0020,422/122949,LibriSpeech_422,LibriSpeech_422,1,39.32574887408512,maximum_decision_score
1,1529,422-122949-0021,422/122949,LibriSpeech_422,LibriSpeech_422,1,39.32586567480434,maximum_decision_score
1,1530,422-122949-0022,422/122949,LibriSpeech_422,LibriSpeech_422,1,39.32562383616993,maximum_decision_score
1,1531,422-122949-0023,422/122949,LibriSpeech_422,LibriSpeech_422,1,39.32613012117047,maximum_decision_score
1,1532,422-122949-0024,422/122949,LibriSpeech_422,LibriSpeech_422,1,39.32612687144469,maximum_decision_score
3,1533,422-122949-0025,422/122949,LibriSpeech_422,LibriSpeech_422,1,39.32587752367139,maximum_decision_score
5,1534,422-122949-0026,422/122949,LibriSpeech_422,LibriSpeech_422,1,39.3259651412634,maximum_decision_score
3,1535,422-122949-0027,422/122949,LibriSpeech_422,LibriSpeech_422,1,39.32527891233179,maximum_decision_score
1,1536,422-122949-0028,422/122949,LibriSpeech_422,LibriSpeech_422,1,39.32530102708696,maximum_decision_score
1,1537,422-122949-0029,422/122949,LibriSpeech_422,LibriSpeech_422,1,39.3245712173441,maximum_decision_score
4,1538,422-122949-0030,422/122949,LibriSpeech_422,LibriSpeech_422,1,39.32514443500679,maximum_decision_score
2,1539,422-122949-0031,422/122949,LibriSpeech_422,LibriSpeech_422,1,39.326118487735755,maximum_decision_score
4,1540,422-122949-0032,422/122949,LibriSpeech_422,LibriSpeech_422,1,39.32450184472982,maximum_decision_score
5,1541,422-122949-0033,422/122949,LibriSpeech_422,LibriSpeech_422,1,39.32481076696168,maximum_decision_score
5,1542,422-122949-0034,422/122949,LibriSpeech_422,LibriSpeech_422,1,39.32548881503696,maximum_decision_score
1,1543,422-122949-0035,422/122949,LibriSpeech_422,LibriSpeech_422,1,39.32450942972348,maximum_decision_score
3,1544,5338-24615-0000,5338/24615,LibriSpeech_5338,LibriSpeech_5338,1,39.32595777510898,maximum_decision_score
1,1545,5338-24615-0001,5338/24615,LibriSpeech_5338,LibriSpeech_5338,1,39.326550639260205,maximum_decision_score
4,1546,5338-24615-0002,5338/24615,LibriSpeech_5338,LibriSpeech_5338,1,39.32552627076637,maximum_decision_score
4,1547,5338-24615-0003,5338/24615,LibriSpeech_5338,LibriSpeech_5338,1,39.325538731626644,maximum_decision_score
2,1548,5338-24615-0004,5338/24615,LibriSpeech_5338,LibriSpeech_5338,1,39.32571656670521,maximum_decision_score
1,1549,5338-24615-0005,5338/24615,LibriSpeech_5338,LibriSpeech_5338,1,39.32624977546433,maximum_decision_score
3,1550,5338-24615-0006,5338/24615,LibriSpeech_5338,LibriSpeech_5338,1,39.32591231525475,maximum_decision_score
1,1551,5338-24615-0007,5338/24615,LibriSpeech_5338,LibriSpeech_5338,1,39.32587807556134,maximum_decision_score
1,1552,5338-24615-0008,5338/24615,LibriSpeech_5338,LibriSpeech_5338,1,39.32593706060933,maximum_decision_score
1,1553,5338-24615-0009,5338/24615,LibriSpeech_5338,LibriSpeech_5338,1,39.325811890346294,maximum_decision_score
4,1554,5338-24615-0010,5338/24615,LibriSpeech_5338,LibriSpeech_5338,1,39.32666640362228,maximum_decision_score
2,1555,5338-24615-0011,5338/24615,LibriSpeech_5338,LibriSpeech_5338,1,39.32552690110121,maximum_decision_score
1,1556,5338-24615-0012,5338/24615,LibriSpeech_5338,LibriSpeech_5338,1,39.32581990571852,maximum_decision_score
2,1557,5338-24615-0013,5338/24615,LibriSpeech_5338,LibriSpeech_5338,1,39.32600732937509,maximum_decision_score
3,1558,5338-24615-0014,5338/24615,LibriSpeech_5338,LibriSpeech_5338,1,39.32611640420035,maximum_decision_score
4,1559,5338-24640-0000,5338/24640,LibriSpeech_5338,LibriSpeech_5338,1,39.3249546555424,maximum_decision_score
5,1560,5338-24640-0001,5338/24640,LibriSpeech_5338,LibriSpeech_5338,1,39.32619768304718,maximum_decision_score
1,1561,5338-24640-0002,5338/24640,LibriSpeech_5338,LibriSpeech_5338,1,39.326157917310525,maximum_decision_score
4,1562,5338-24640-0003,5338/24640,LibriSpeech_5338,LibriSpeech_5338,1,39.32667002503021,maximum_decision_score
2,1563,5338-24640-0004,5338/24640,LibriSpeech_5338,LibriSpeech_5338,1,39.32714878001306,maximum_decision_score
1,1564,5338-24640-0005,5338/24640,LibriSpeech_5338,LibriSpeech_5338,1,39.327145614003804,maximum_decision_score
1,1565,5338-24640-0006,5338/24640,LibriSpeech_5338,LibriSpeech_5338,1,39.3265979875833,maximum_decision_score
3,1566,5338-24640-0007,5338/24640,LibriSpeech_5338,LibriSpeech_5338,1,39.32672655303264,maximum_decision_score
5,1567,5338-24640-0008,5338/24640,LibriSpeech_5338,LibriSpeech_5338,1,39.32675414052813,maximum_decision_score
4,1568,5338-24640-0009,5338/24640,LibriSpeech_5338,LibriSpeech_5338,1,39.32674906218941,maximum_decision_score
3,1569,5338-284437-0000,5338/284437,LibriSpeech_5338,LibriSpeech_5338,1,39.326377470951705,maximum_decision_score
5,1570,5338-284437-0001,5338/284437,LibriSpeech_5338,LibriSpeech_5338,1,39.32589816676855,maximum_decision_score
2,1571,5338-284437-0002,5338/284437,LibriSpeech_5338,LibriSpeech_5338,1,39.32164107416515,maximum_decision_score
2,1572,5338-284437-0003,5338/284437,LibriSpeech_5338,LibriSpeech_5338,1,39.31973739265915,maximum_decision_score
5,1573,5338-284437-0004,5338/284437,LibriSpeech_5338,LibriSpeech_5338,1,39.32576930583169,maximum_decision_score
5,1574,5338-284437-0005,5338/284437,LibriSpeech_5338,LibriSpeech_5338,1,39.324864854049714,maximum_decision_score
4,1575,5338-284437-0006,5338/284437,LibriSpeech_5338,LibriSpeech_5338,1,39.32580542741284,maximum_decision_score
4,1576,5338-284437-0007,5338/284437,LibriSpeech_5338,LibriSpeech_5338,1,39.3262340018763,maximum_decision_score
3,1577,5338-284437-0008,5338/284437,LibriSpeech_5338,LibriSpeech_5338,1,39.32604064694368,maximum_decision_score
5,1578,5338-284437-0009,5338/284437,LibriSpeech_5338,LibriSpeech_5338,1,39.325721433558996,maximum_decision_score
3,1579,5338-284437-0010,5338/284437,LibriSpeech_5338,LibriSpeech_5338,1,39.32713871311601,maximum_decision_score
3,1580,5338-284437-0011,5338/284437,LibriSpeech_5338,LibriSpeech_5338,1,39.32555317114323,maximum_decision_score
1,1581,5338-284437-0012,5338/284437,LibriSpeech_5338,LibriSpeech_5338,1,39.326577807692985,maximum_decision_score
2,1582,5338-284437-0013,5338/284437,LibriSpeech_5338,LibriSpeech_5338,1,39.325680063504116,maximum_decision_score
5,1583,5338-284437-0014,5338/284437,LibriSpeech_5338,LibriSpeech_5338,1,39.3218747578905,maximum_decision_score
4,1584,5338-284437-0015,5338/284437,LibriSpeech_5338,LibriSpeech_5338,1,39.32568811192826,maximum_decision_score
1,1585,5338-284437-0016,5338/284437,LibriSpeech_5338,LibriSpeech_5338,1,39.32696247903338,maximum_decision_score
5,1586,5338-284437-0017,5338/284437,LibriSpeech_5338,LibriSpeech_5338,1,39.32611214270201,maximum_decision_score
3,1587,5338-284437-0018,5338/284437,LibriSpeech_5338,LibriSpeech_5338,1,39.32415926217272,maximum_decision_score
2,1588,5338-284437-0019,5338/284437,LibriSpeech_5338,LibriSpeech_5338,1,39.32684256048431,maximum_decision_score
3,1589,5338-284437-0020,5338/284437,LibriSpeech_5338,LibriSpeech_5338,1,39.32524197004449,maximum_decision_score
4,1590,5338-284437-0021,5338/284437,LibriSpeech_5338,LibriSpeech_5338,1,39.32462636157034,maximum_decision_score
3,1591,5338-284437-0022,5338/284437,LibriSpeech_5338,LibriSpeech_5338,1,39.32586986510935,maximum_decision_score
2,1592,5338-284437-0023,5338/284437,LibriSpeech_5338,LibriSpeech_5338,1,39.324943374181395,maximum_decision_score
1,1593,5338-284437-0024,5338/284437,LibriSpeech_5338,LibriSpeech_5338,1,39.326278339934085,maximum_decision_score
2,1594,5338-284437-0025,5338/284437,LibriSpeech_5338,LibriSpeech_5338,1,39.320808153475994,maximum_decision_score
5,1595,5338-284437-0026,5338/284437,LibriSpeech_5338,LibriSpeech_5338,1,39.32579413363562,maximum_decision_score
2,1596,5338-284437-0027,5338/284437,LibriSpeech_5338,LibriSpeech_5338,1,39.32701095336025,maximum_decision_score
5,1597,5338-284437-0028,5338/284437,LibriSpeech_5338,LibriSpeech_5338,1,39.326293169637324,maximum_decision_score
5,1598,5338-284437-0029,5338/284437,LibriSpeech_5338,LibriSpeech_5338,1,39.32605630176719,maximum_decision_score
2,1599,5338-284437-0030,5338/284437,LibriSpeech_5338,LibriSpeech_5338,1,39.32737994831226,maximum_decision_score
3,1600,5338-284437-0031,5338/284437,LibriSpeech_5338,LibriSpeech_5338,1,39.326086880060686,maximum_decision_score
4,1601,5338-284437-0032,5338/284437,LibriSpeech_5338,LibriSpeech_5338,1,39.32554128278241,maximum_decision_score
5,1602,5338-284437-0033,5338/284437,LibriSpeech_5338,LibriSpeech_5338,1,39.32534435385293,maximum_decision_score
4,1603,5536-43358-0000,5536/43358,LibriSpeech_5536,LibriSpeech_5536,1,39.32540258767425,maximum_decision_score
3,1604,5536-43358-0001,5536/43358,LibriSpeech_5536,LibriSpeech_5536,1,39.32602005063016,maximum_decision_score
1,1605,5536-43358-0002,5536/43358,LibriSpeech_5536,LibriSpeech_5536,1,39.325585590950105,maximum_decision_score
4,1606,5536-43358-0003,5536/43358,LibriSpeech_5536,LibriSpeech_5536,1,39.32514293082427,maximum_decision_score
5,1607,5536-43358-0004,5536/43358,LibriSpeech_5536,LibriSpeech_5536,1,39.326689494878636,maximum_decision_score
3,1608,5536-43358-0005,5536/43358,LibriSpeech_5536,LibriSpeech_5536,1,39.32546038468093,maximum_decision_score
5,1609,5536-43358-0006,5536/43358,LibriSpeech_5536,LibriSpeech_5536,1,39.32538902138653,maximum_decision_score
4,1610,5536-43358-0007,5536/43358,LibriSpeech_5536,LibriSpeech_5536,1,39.326105734304655,maximum_decision_score
3,1611,5536-43358-0008,5536/43358,LibriSpeech_5536,LibriSpeech_5536,1,39.32584485059305,maximum_decision_score
1,1612,5536-43358-0009,5536/43358,LibriSpeech_5536,LibriSpeech_5536,1,39.325609945365535,maximum_decision_score
2,1613,5536-43358-0010,5536/43358,LibriSpeech_5536,LibriSpeech_5536,1,39.326198956773,maximum_decision_score
4,1614,5536-43358-0011,5536/43358,LibriSpeech_5536,LibriSpeech_5536,1,39.325447750448006,maximum_decision_score
3,1615,5536-43358-0012,5536/43358,LibriSpeech_5536,LibriSpeech_5536,1,39.326184940530545,maximum_decision_score
5,1616,5536-43358-0013,5536/43358,LibriSpeech_5536,LibriSpeech_5536,1,39.32572800382793,maximum_decision_score
2,1617,5536-43358-0014,5536/43358,LibriSpeech_5536,LibriSpeech_5536,1,39.324681477657116,maximum_decision_score
3,1618,5536-43358-0015,5536/43358,LibriSpeech_5536,LibriSpeech_5536,1,39.32568945661262,maximum_decision_score
4,1619,5536-43358-0016,5536/43358,LibriSpeech_5536,LibriSpeech_5536,1,39.32457594024273,maximum_decision_score
3,1620,5536-43358-0017,5536/43358,LibriSpeech_5536,LibriSpeech_5536,1,39.3263434332956,maximum_decision_score
4,1621,5536-43358-0018,5536/43358,LibriSpeech_5536,LibriSpeech_5536,1,39.32596576049588,maximum_decision_score
4,1622,5536-43358-0019,5536/43358,LibriSpeech_5536,LibriSpeech_5536,1,39.325864278092176,maximum_decision_score
5,1623,5536-43359-0000,5536/43359,LibriSpeech_5536,LibriSpeech_5536,1,39.32504298695807,maximum_decision_score
2,1624,5536-43359-0001,5536/43359,LibriSpeech_5536,LibriSpeech_5536,1,39.325765102392594,maximum_decision_score
2,1625,5536-43359-0002,5536/43359,LibriSpeech_5536,LibriSpeech_5536,1,39.32476672218519,maximum_decision_score
1,1626,5536-43359-0003,5536/43359,LibriSpeech_5536,LibriSpeech_5536,1,39.326112598785336,maximum_decision_score
2,1627,5536-43359-0004,5536/43359,LibriSpeech_5536,LibriSpeech_5536,1,39.32560323999576,maximum_decision_score
1,1628,5536-43359-0005,5536/43359,LibriSpeech_5536,LibriSpeech_5536,1,39.325647193154275,maximum_decision_score
1,1629,5536-43359-0006,5536/43359,LibriSpeech_5536,LibriSpeech_5536,1,39.32617450948194,maximum_decision_score
2,1630,5536-43359-0007,5536/43359,LibriSpeech_5536,LibriSpeech_5536,1,39.3256072481879,maximum_decision_score
4,1631,5536-43359-0008,5536/43359,LibriSpeech_5536,LibriSpeech_5536,1,39.32579050094101,maximum_decision_score
5,1632,5536-43359-0009,5536/43359,LibriSpeech_5536,LibriSpeech_5536,1,39.325422737422,maximum_decision_score
5,1633,5536-43359-0010,5536/43359,LibriSpeech_5536,LibriSpeech_5536,1,39.32567417535016,maximum_decision_score
3,1634,5536-43359-0011,5536/43359,LibriSpeech_5536,LibriSpeech_5536,1,39.32524606882908,maximum_decision_score
4,1635,5536-43359-0012,5536/43359,LibriSpeech_5536,LibriSpeech_5536,1,39.32563811214777,maximum_decision_score
2,1636,5536-43359-0013,5536/43359,LibriSpeech_5536,LibriSpeech_5536,1,39.325597253552715,maximum_decision_score
3,1637,5536-43359-0014,5536/43359,LibriSpeech_5536,LibriSpeech_5536,1,39.32506744267336,maximum_decision_score
4,1638,5536-43359-0015,5536/43359,LibriSpeech_5536,LibriSpeech_5536,1,39.32480529620626,maximum_decision_score
3,1639,5536-43359-0016,5536/43359,LibriSpeech_5536,LibriSpeech_5536,1,39.32612663653756,maximum_decision_score
2,1640,5536-43359-0017,5536/43359,LibriSpeech_5536,LibriSpeech_5536,1,39.32600239069113,maximum_decision_score
5,1641,5536-43359-0018,5536/43359,LibriSpeech_5536,LibriSpeech_5536,1,39.32571112692281,maximum_decision_score
3,1642,5536-43363-0000,5536/43363,LibriSpeech_5536,LibriSpeech_5536,1,39.326176114712254,maximum_decision_score
4,1643,5536-43363-0001,5536/43363,LibriSpeech_5536,LibriSpeech_5536,1,39.32560753920382,maximum_decision_score
2,1644,5536-43363-0002,5536/43363,LibriSpeech_5536,LibriSpeech_5536,1,39.325383908791046,maximum_decision_score
5,1645,5536-43363-0003,5536/43363,LibriSpeech_5536,LibriSpeech_5536,1,39.3256936356847,maximum_decision_score
4,1646,5536-43363-0004,5536/43363,LibriSpeech_5536,LibriSpeech_5536,1,39.325819079258316,maximum_decision_score
1,1647,5536-43363-0005,5536/43363,LibriSpeech_5536,LibriSpeech_5536,1,39.32486091322971,maximum_decision_score
1,1648,5536-43363-0006,5536/43363,LibriSpeech_5536,LibriSpeech_5536,1,39.32488701067367,maximum_decision_score
5,1649,5536-43363-0007,5536/43363,LibriSpeech_5536,LibriSpeech_5536,1,39.32603200253011,maximum_decision_score
5,1650,5536-43363-0008,5536/43363,LibriSpeech_5536,LibriSpeech_5536,1,39.325773314309686,maximum_decision_score
3,1651,5536-43363-0009,5536/43363,LibriSpeech_5536,LibriSpeech_5536,1,39.32560937201339,maximum_decision_score
5,1652,5536-43363-0010,5536/43363,LibriSpeech_5536,LibriSpeech_5536,1,39.32596933518602,maximum_decision_score
1,1653,5536-43363-0011,5536/43363,LibriSpeech_5536,LibriSpeech_5536,1,39.32386566674574,maximum_decision_score
1,1654,5536-43363-0012,5536/43363,LibriSpeech_5536,LibriSpeech_5536,1,39.325520972290285,maximum_decision_score
3,1655,5536-43363-0013,5536/43363,LibriSpeech_5536,LibriSpeech_5536,1,39.32575239203295,maximum_decision_score
1,1656,5536-43363-0014,5536/43363,LibriSpeech_5536,LibriSpeech_5536,1,39.32547973195661,maximum_decision_score
2,1657,5536-43363-0015,5536/43363,LibriSpeech_5536,LibriSpeech_5536,1,39.32572381542362,maximum_decision_score
1,1658,5536-43363-0016,5536/43363,LibriSpeech_5536,LibriSpeech_5536,1,39.325510987214706,maximum_decision_score
1,1659,5536-43363-0017,5536/43363,LibriSpeech_5536,LibriSpeech_5536,1,39.32373446418386,maximum_decision_score
2,1660,5536-43363-0018,5536/43363,LibriSpeech_5536,LibriSpeech_5536,1,39.32560702814086,maximum_decision_score
2,1661,5536-43363-0019,5536/43363,LibriSpeech_5536,LibriSpeech_5536,1,39.325110070816244,maximum_decision_score
5,1662,5694-64025-0000,5694/64025,LibriSpeech_5694,LibriSpeech_777,0,38.31420746140832,maximum_decision_score
5,1663,5694-64025-0001,5694/64025,LibriSpeech_5694,LibriSpeech_5694,1,39.32652343034102,maximum_decision_score
1,1664,5694-64025-0002,5694/64025,LibriSpeech_5694,LibriSpeech_5694,1,39.325959591417806,maximum_decision_score
3,1665,5694-64025-0003,5694/64025,LibriSpeech_5694,LibriSpeech_5694,1,39.32649074850007,maximum_decision_score
4,1666,5694-64025-0004,5694/64025,LibriSpeech_5694,LibriSpeech_5694,1,39.32550158268866,maximum_decision_score
2,1667,5694-64025-0005,5694/64025,LibriSpeech_5694,LibriSpeech_5694,1,39.32493455466067,maximum_decision_score
5,1668,5694-64025-0006,5694/64025,LibriSpeech_5694,LibriSpeech_5694,1,39.32467650383688,maximum_decision_score
3,1669,5694-64025-0007,5694/64025,LibriSpeech_5694,LibriSpeech_5694,1,39.3262014477947,maximum_decision_score
3,1670,5694-64025-0008,5694/64025,LibriSpeech_5694,LibriSpeech_5694,1,39.324869288490405,maximum_decision_score
1,1671,5694-64025-0009,5694/64025,LibriSpeech_5694,LibriSpeech_5694,1,39.326665094947025,maximum_decision_score
1,1672,5694-64025-0010,5694/64025,LibriSpeech_5694,LibriSpeech_5694,1,39.325802045794745,maximum_decision_score
1,1673,5694-64025-0011,5694/64025,LibriSpeech_5694,LibriSpeech_5694,1,39.3260989985028,maximum_decision_score
2,1674,5694-64025-0012,5694/64025,LibriSpeech_5694,LibriSpeech_5694,1,39.32451256822607,maximum_decision_score
2,1675,5694-64025-0013,5694/64025,LibriSpeech_5694,LibriSpeech_5694,1,39.32637293789409,maximum_decision_score
3,1676,5694-64025-0014,5694/64025,LibriSpeech_5694,LibriSpeech_5694,1,39.32633146066773,maximum_decision_score
4,1677,5694-64025-0015,5694/64025,LibriSpeech_5694,LibriSpeech_5694,1,39.32547942957586,maximum_decision_score
5,1678,5694-64025-0016,5694/64025,LibriSpeech_5694,LibriSpeech_5694,1,39.32586338370149,maximum_decision_score
5,1679,5694-64025-0017,5694/64025,LibriSpeech_5694,LibriSpeech_5694,1,39.32604546779273,maximum_decision_score
4,1680,5694-64025-0018,5694/64025,LibriSpeech_5694,LibriSpeech_5694,1,39.324189978156895,maximum_decision_score
1,1681,5694-64025-0019,5694/64025,LibriSpeech_5694,LibriSpeech_5694,1,39.32626866045482,maximum_decision_score
4,1682,5694-64025-0020,5694/64025,LibriSpeech_5694,LibriSpeech_5694,1,39.32625812155558,maximum_decision_score
1,1683,5694-64025-0021,5694/64025,LibriSpeech_5694,LibriSpeech_5694,1,39.32598907297718,maximum_decision_score
4,1684,5694-64025-0022,5694/64025,LibriSpeech_5694,LibriSpeech_5694,1,39.324551614761106,maximum_decision_score
4,1685,5694-64025-0023,5694/64025,LibriSpeech_5694,LibriSpeech_5694,1,39.32501493404695,maximum_decision_score
4,1686,5694-64029-0000,5694/64029,LibriSpeech_5694,LibriSpeech_5694,1,39.32635559856017,maximum_decision_score
2,1687,5694-64029-0001,5694/64029,LibriSpeech_5694,LibriSpeech_5694,1,39.32656212611207,maximum_decision_score
3,1688,5694-64029-0002,5694/64029,LibriSpeech_5694,LibriSpeech_5694,1,39.3254752465314,maximum_decision_score
5,1689,5694-64029-0003,5694/64029,LibriSpeech_5694,LibriSpeech_5694,1,39.3261306067298,maximum_decision_score
2,1690,5694-64029-0004,5694/64029,LibriSpeech_5694,LibriSpeech_5694,1,39.326680835768165,maximum_decision_score
1,1691,5694-64029-0005,5694/64029,LibriSpeech_5694,LibriSpeech_5694,1,39.32608801408626,maximum_decision_score
2,1692,5694-64029-0006,5694/64029,LibriSpeech_5694,LibriSpeech_5694,1,39.32660336669773,maximum_decision_score
1,1693,5694-64029-0007,5694/64029,LibriSpeech_5694,LibriSpeech_5694,1,39.326969198554,maximum_decision_score
5,1694,5694-64029-0008,5694/64029,LibriSpeech_5694,LibriSpeech_5694,1,39.326308189273504,maximum_decision_score
3,1695,5694-64029-0009,5694/64029,LibriSpeech_5694,LibriSpeech_5694,1,39.32670575277133,maximum_decision_score
4,1696,5694-64029-0010,5694/64029,LibriSpeech_5694,LibriSpeech_5694,1,39.32456683964922,maximum_decision_score
2,1697,5694-64029-0011,5694/64029,LibriSpeech_5694,LibriSpeech_5694,1,39.326596027788355,maximum_decision_score
4,1698,5694-64029-0012,5694/64029,LibriSpeech_5694,LibriSpeech_5694,1,39.327061417734114,maximum_decision_score
3,1699,5694-64029-0013,5694/64029,LibriSpeech_5694,LibriSpeech_5694,1,39.32584614747229,maximum_decision_score
3,1700,5694-64029-0014,5694/64029,LibriSpeech_5694,LibriSpeech_5694,1,39.326627211391745,maximum_decision_score
3,1701,5694-64029-0015,5694/64029,LibriSpeech_5694,LibriSpeech_5694,1,39.3264566204323,maximum_decision_score
2,1702,5694-64029-0016,5694/64029,LibriSpeech_5694,LibriSpeech_5694,1,39.32627109595062,maximum_decision_score
1,1703,5694-64029-0017,5694/64029,LibriSpeech_5694,LibriSpeech_5694,1,39.327128387187045,maximum_decision_score
4,1704,5694-64029-0018,5694/64029,LibriSpeech_5694,LibriSpeech_5694,1,39.324636908745376,maximum_decision_score
4,1705,5694-64029-0019,5694/64029,LibriSpeech_5694,LibriSpeech_5694,1,39.32646173563454,maximum_decision_score
2,1706,5694-64029-0020,5694/64029,LibriSpeech_5694,LibriSpeech_5694,1,39.32588063780581,maximum_decision_score
2,1707,5694-64029-0021,5694/64029,LibriSpeech_5694,LibriSpeech_5694,1,39.32636856110923,maximum_decision_score
2,1708,5694-64029-0022,5694/64029,LibriSpeech_5694,LibriSpeech_5694,1,39.32497074189287,maximum_decision_score
5,1709,5694-64029-0023,5694/64029,LibriSpeech_5694,LibriSpeech_5694,1,39.32682111859809,maximum_decision_score
5,1710,5694-64029-0024,5694/64029,LibriSpeech_5694,LibriSpeech_5694,1,39.32592687400799,maximum_decision_score
3,1711,5694-64029-0025,5694/64029,LibriSpeech_5694,LibriSpeech_5694,1,39.327285277097445,maximum_decision_score
1,1712,5694-64029-0026,5694/64029,LibriSpeech_5694,LibriSpeech_5694,1,39.32679503604953,maximum_decision_score
5,1713,5694-64029-0027,5694/64029,LibriSpeech_5694,LibriSpeech_5694,1,39.325089359012026,maximum_decision_score
2,1714,5694-64029-0028,5694/64029,LibriSpeech_5694,LibriSpeech_5694,1,39.32614537555707,maximum_decision_score
1,1715,5694-64029-0029,5694/64029,LibriSpeech_5694,LibriSpeech_5694,1,39.32711203125579,maximum_decision_score
2,1716,5694-64029-0030,5694/64029,LibriSpeech_5694,LibriSpeech_5694,1,39.326495683445394,maximum_decision_score
5,1717,5694-64029-0031,5694/64029,LibriSpeech_5694,LibriSpeech_5694,1,39.32571453401058,maximum_decision_score
1,1718,5694-64029-0032,5694/64029,LibriSpeech_5694,LibriSpeech_5694,1,39.32704600863602,maximum_decision_score
2,1719,5694-64038-0000,5694/64038,LibriSpeech_5694,LibriSpeech_5694,1,39.3244975358268,maximum_decision_score
5,1720,5694-64038-0001,5694/64038,LibriSpeech_5694,LibriSpeech_5694,1,39.324600237906395,maximum_decision_score
1,1721,5694-64038-0002,5694/64038,LibriSpeech_5694,LibriSpeech_5694,1,39.32627796844981,maximum_decision_score
4,1722,5694-64038-0003,5694/64038,LibriSpeech_5694,LibriSpeech_5694,1,39.326536210286065,maximum_decision_score
2,1723,5694-64038-0004,5694/64038,LibriSpeech_5694,LibriSpeech_5694,1,39.325877383678915,maximum_decision_score
4,1724,5694-64038-0005,5694/64038,LibriSpeech_5694,LibriSpeech_5694,1,39.32654986763545,maximum_decision_score
5,1725,5694-64038-0006,5694/64038,LibriSpeech_5694,LibriSpeech_5694,1,39.32638804205632,maximum_decision_score
3,1726,5694-64038-0007,5694/64038,LibriSpeech_5694,LibriSpeech_5694,1,39.32524616449161,maximum_decision_score
3,1727,5694-64038-0008,5694/64038,LibriSpeech_5694,LibriSpeech_5694,1,39.32565163157509,maximum_decision_score
1,1728,5694-64038-0009,5694/64038,LibriSpeech_5694,LibriSpeech_5694,1,39.325778443980546,maximum_decision_score
3,1729,5694-64038-0010,5694/64038,LibriSpeech_5694,LibriSpeech_5694,1,39.32679229917176,maximum_decision_score
3,1730,5694-64038-0011,5694/64038,LibriSpeech_5694,LibriSpeech_5694,1,39.3263291305086,maximum_decision_score
3,1731,5694-64038-0012,5694/64038,LibriSpeech_5694,LibriSpeech_5694,1,39.32677578378684,maximum_decision_score
4,1732,5694-64038-0013,5694/64038,LibriSpeech_5694,LibriSpeech_5694,1,39.326159368426005,maximum_decision_score
4,1733,5694-64038-0014,5694/64038,LibriSpeech_5694,LibriSpeech_5694,1,39.32608754802639,maximum_decision_score
5,1734,5694-64038-0015,5694/64038,LibriSpeech_5694,LibriSpeech_5694,1,39.32734067762684,maximum_decision_score
3,1735,5694-64038-0016,5694/64038,LibriSpeech_5694,LibriSpeech_5694,1,39.327222038586335,maximum_decision_score
1,1736,5694-64038-0017,5694/64038,LibriSpeech_5694,LibriSpeech_5694,1,39.325929611589885,maximum_decision_score
5,1737,5694-64038-0018,5694/64038,LibriSpeech_5694,LibriSpeech_5694,1,39.32654413531513,maximum_decision_score
4,1738,5694-64038-0019,5694/64038,LibriSpeech_5694,LibriSpeech_5694,1,39.326707355443176,maximum_decision_score
1,1739,5694-64038-0020,5694/64038,LibriSpeech_5694,LibriSpeech_5694,1,39.32615568452828,maximum_decision_score
3,1740,5694-64038-0021,5694/64038,LibriSpeech_5694,LibriSpeech_5694,1,39.32589846596501,maximum_decision_score
2,1741,5694-64038-0022,5694/64038,LibriSpeech_5694,LibriSpeech_5694,1,39.325424102397115,maximum_decision_score
2,1742,5694-64038-0023,5694/64038,LibriSpeech_5694,LibriSpeech_5694,1,39.326624095277005,maximum_decision_score
5,1743,5694-64038-0024,5694/64038,LibriSpeech_5694,LibriSpeech_5694,1,39.325989342995136,maximum_decision_score
4,1744,5694-64038-0025,5694/64038,LibriSpeech_5694,LibriSpeech_5694,1,39.325869585075914,maximum_decision_score
5,1745,5895-34615-0000,5895/34615,LibriSpeech_5895,LibriSpeech_5895,1,39.32653391796639,maximum_decision_score
5,1746,5895-34615-0001,5895/34615,LibriSpeech_5895,LibriSpeech_5895,1,39.326679707056876,maximum_decision_score
3,1747,5895-34615-0002,5895/34615,LibriSpeech_5895,LibriSpeech_5895,1,39.32658180338185,maximum_decision_score
5,1748,5895-34615-0003,5895/34615,LibriSpeech_5895,LibriSpeech_5895,1,39.3253744063564,maximum_decision_score
2,1749,5895-34615-0004,5895/34615,LibriSpeech_5895,LibriSpeech_5895,1,39.32621017019889,maximum_decision_score
2,1750,5895-34615-0005,5895/34615,LibriSpeech_5895,LibriSpeech_5895,1,39.32675682278206,maximum_decision_score
1,1751,5895-34615-0006,5895/34615,LibriSpeech_5895,LibriSpeech_5895,1,39.32606130092099,maximum_decision_score
5,1752,5895-34615-0007,5895/34615,LibriSpeech_5895,LibriSpeech_5895,1,39.326182839937154,maximum_decision_score
2,1753,5895-34615-0008,5895/34615,LibriSpeech_5895,LibriSpeech_5895,1,39.32717016693111,maximum_decision_score
5,1754,5895-34615-0009,5895/34615,LibriSpeech_5895,LibriSpeech_5895,1,39.3267267867383,maximum_decision_score
3,1755,5895-34615-0010,5895/34615,LibriSpeech_5895,LibriSpeech_5895,1,39.325939493623366,maximum_decision_score
2,1756,5895-34615-0011,5895/34615,LibriSpeech_5895,LibriSpeech_5895,1,39.32464091804356,maximum_decision_score
4,1757,5895-34615-0012,5895/34615,LibriSpeech_5895,LibriSpeech_5895,1,39.325808597059826,maximum_decision_score
3,1758,5895-34615-0013,5895/34615,LibriSpeech_5895,LibriSpeech_5895,1,39.32573611132209,maximum_decision_score
1,1759,5895-34615-0014,5895/34615,LibriSpeech_5895,LibriSpeech_5895,1,39.3263479397255,maximum_decision_score
2,1760,5895-34615-0015,5895/34615,LibriSpeech_5895,LibriSpeech_5895,1,39.32552407525908,maximum_decision_score
4,1761,5895-34615-0016,5895/34615,LibriSpeech_5895,LibriSpeech_5895,1,39.3260437660698,maximum_decision_score
2,1762,5895-34615-0017,5895/34615,LibriSpeech_5895,LibriSpeech_5895,1,39.32622089135357,maximum_decision_score
1,1763,5895-34615-0018,5895/34615,LibriSpeech_5895,LibriSpeech_5895,1,39.32482236914991,maximum_decision_score
5,1764,5895-34615-0019,5895/34615,LibriSpeech_5895,LibriSpeech_5895,1,39.3253147321163,maximum_decision_score
4,1765,5895-34615-0020,5895/34615,LibriSpeech_5895,LibriSpeech_5895,1,39.32638762656685,maximum_decision_score
4,1766,5895-34615-0021,5895/34615,LibriSpeech_5895,LibriSpeech_5895,1,39.32622670045657,maximum_decision_score
1,1767,5895-34622-0000,5895/34622,LibriSpeech_5895,LibriSpeech_5895,1,39.32451365067928,maximum_decision_score
4,1768,5895-34622-0001,5895/34622,LibriSpeech_5895,LibriSpeech_5895,1,39.32650752996656,maximum_decision_score
4,1769,5895-34622-0002,5895/34622,LibriSpeech_5895,LibriSpeech_5895,1,39.32076530591378,maximum_decision_score
5,1770,5895-34622-0003,5895/34622,LibriSpeech_5895,LibriSpeech_5895,1,39.3258965604462,maximum_decision_score
1,1771,5895-34622-0004,5895/34622,LibriSpeech_5895,LibriSpeech_5895,1,39.32641835186638,maximum_decision_score
2,1772,5895-34622-0005,5895/34622,LibriSpeech_5895,LibriSpeech_5895,1,39.32679511257494,maximum_decision_score
5,1773,5895-34622-0006,5895/34622,LibriSpeech_5895,LibriSpeech_5895,1,39.32512510553737,maximum_decision_score
2,1774,5895-34622-0007,5895/34622,LibriSpeech_5895,LibriSpeech_5895,1,39.326492710742215,maximum_decision_score
3,1775,5895-34622-0008,5895/34622,LibriSpeech_5895,LibriSpeech_5895,1,39.32630459305563,maximum_decision_score
4,1776,5895-34622-0009,5895/34622,LibriSpeech_5895,LibriSpeech_5895,1,39.32621694084458,maximum_decision_score
5,1777,5895-34622-0010,5895/34622,LibriSpeech_5895,LibriSpeech_5895,1,39.327072070366505,maximum_decision_score
2,1778,5895-34622-0011,5895/34622,LibriSpeech_5895,LibriSpeech_5895,1,39.325870575189846,maximum_decision_score
4,1779,5895-34622-0012,5895/34622,LibriSpeech_5895,LibriSpeech_5895,1,39.32674870008064,maximum_decision_score
5,1780,5895-34622-0013,5895/34622,LibriSpeech_5895,LibriSpeech_5895,1,39.326451748847376,maximum_decision_score
3,1781,5895-34622-0014,5895/34622,LibriSpeech_5895,LibriSpeech_5895,1,39.32611056040629,maximum_decision_score
4,1782,5895-34622-0015,5895/34622,LibriSpeech_5895,LibriSpeech_5895,1,39.32475449534052,maximum_decision_score
5,1783,5895-34622-0016,5895/34622,LibriSpeech_5895,LibriSpeech_5895,1,39.32487906837473,maximum_decision_score
1,1784,5895-34622-0017,5895/34622,LibriSpeech_5895,LibriSpeech_5895,1,39.32576996233835,maximum_decision_score
1,1785,5895-34622-0018,5895/34622,LibriSpeech_5895,LibriSpeech_5895,1,39.32583306333014,maximum_decision_score
3,1786,5895-34622-0019,5895/34622,LibriSpeech_5895,LibriSpeech_5895,1,39.32526610586948,maximum_decision_score
1,1787,5895-34622-0020,5895/34622,LibriSpeech_5895,LibriSpeech_5895,1,39.325106567261216,maximum_decision_score
3,1788,5895-34622-0021,5895/34622,LibriSpeech_5895,LibriSpeech_5895,1,39.32399900477716,maximum_decision_score
1,1789,5895-34622-0022,5895/34622,LibriSpeech_5895,LibriSpeech_5895,1,39.325500511618564,maximum_decision_score
2,1790,5895-34622-0023,5895/34622,LibriSpeech_5895,LibriSpeech_5895,1,39.32698698765103,maximum_decision_score
3,1791,5895-34629-0000,5895/34629,LibriSpeech_5895,LibriSpeech_5895,1,39.32644848129832,maximum_decision_score
1,1792,5895-34629-0001,5895/34629,LibriSpeech_5895,LibriSpeech_5895,1,39.32553434808971,maximum_decision_score
1,1793,5895-34629-0002,5895/34629,LibriSpeech_5895,LibriSpeech_5895,1,39.327012737149815,maximum_decision_score
5,1794,5895-34629-0003,5895/34629,LibriSpeech_5895,LibriSpeech_5895,1,39.32661125490359,maximum_decision_score
3,1795,5895-34629-0004,5895/34629,LibriSpeech_5895,LibriSpeech_5895,1,39.32546153093257,maximum_decision_score
4,1796,5895-34629-0005,5895/34629,LibriSpeech_5895,LibriSpeech_5895,1,39.32512659755434,maximum_decision_score
5,1797,5895-34629-0006,5895/34629,LibriSpeech_5895,LibriSpeech_5895,1,39.32660589395255,maximum_decision_score
4,1798,5895-34629-0007,5895/34629,LibriSpeech_5895,LibriSpeech_5895,1,39.32673434468716,maximum_decision_score
2,1799,5895-34629-0008,5895/34629,LibriSpeech_5895,LibriSpeech_5895,1,39.32679730355279,maximum_decision_score
3,1800,5895-34629-0009,5895/34629,LibriSpeech_5895,LibriSpeech_5895,1,39.32737115042273,maximum_decision_score
3,1801,5895-34629-0010,5895/34629,LibriSpeech_5895,LibriSpeech_5895,1,39.32681204399475,maximum_decision_score
4,1802,5895-34629-0011,5895/34629,LibriSpeech_5895,LibriSpeech_5895,1,39.326307898284384,maximum_decision_score
4,1803,5895-34629-0012,5895/34629,LibriSpeech_5895,LibriSpeech_5895,1,39.32629784523913,maximum_decision_score
2,1804,5895-34629-0013,5895/34629,LibriSpeech_5895,LibriSpeech_5895,1,39.32660246560116,maximum_decision_score
2,1805,5895-34629-0014,5895/34629,LibriSpeech_5895,LibriSpeech_5895,1,39.32589067559971,maximum_decision_score
3,1806,5895-34629-0015,5895/34629,LibriSpeech_5895,LibriSpeech_5895,1,39.3263499414142,maximum_decision_score
2,1807,5895-34629-0016,5895/34629,LibriSpeech_5895,LibriSpeech_5895,1,39.3266700729975,maximum_decision_score
5,1808,5895-34629-0017,5895/34629,LibriSpeech_5895,LibriSpeech_5895,1,39.326063419405266,maximum_decision_score
1,1809,5895-34629-0018,5895/34629,LibriSpeech_5895,LibriSpeech_5895,1,39.3261155126181,maximum_decision_score
4,1810,5895-34629-0019,5895/34629,LibriSpeech_5895,LibriSpeech_5895,1,39.32707575477328,maximum_decision_score
5,1811,5895-34629-0020,5895/34629,LibriSpeech_5895,LibriSpeech_5895,1,39.32553570833451,maximum_decision_score
4,1812,5895-34629-0021,5895/34629,LibriSpeech_5895,LibriSpeech_5895,1,39.32676194519994,maximum_decision_score
4,1813,5895-34629-0022,5895/34629,LibriSpeech_5895,LibriSpeech_5895,1,39.32668790292811,maximum_decision_score
1,1814,5895-34629-0023,5895/34629,LibriSpeech_5895,LibriSpeech_5895,1,39.326277370742474,maximum_decision_score
2,1815,5895-34629-0024,5895/34629,LibriSpeech_5895,LibriSpeech_5895,1,39.32650445578916,maximum_decision_score
3,1816,5895-34629-0025,5895/34629,LibriSpeech_5895,LibriSpeech_5895,1,39.32680632807511,maximum_decision_score
1,1817,5895-34629-0026,5895/34629,LibriSpeech_5895,LibriSpeech_5895,1,39.32582219228828,maximum_decision_score
1,1818,5895-34629-0027,5895/34629,LibriSpeech_5895,LibriSpeech_5895,1,39.32466528388628,maximum_decision_score
3,1819,5895-34629-0028,5895/34629,LibriSpeech_5895,LibriSpeech_5895,1,39.326265206399064,maximum_decision_score
5,1820,5895-34629-0029,5895/34629,LibriSpeech_5895,LibriSpeech_5895,1,39.32605210445596,maximum_decision_score
3,1821,5895-34629-0030,5895/34629,LibriSpeech_5895,LibriSpeech_5895,1,39.326948077202665,maximum_decision_score
1,1822,5895-34629-0031,5895/34629,LibriSpeech_5895,LibriSpeech_5895,1,39.32373089003258,maximum_decision_score
3,1823,5895-34629-0032,5895/34629,LibriSpeech_5895,LibriSpeech_5895,1,39.32446189346501,maximum_decision_score
2,1824,5895-34629-0033,5895/34629,LibriSpeech_5895,LibriSpeech_5895,1,39.326563154635785,maximum_decision_score
1,1825,6241-61943-0000,6241/61943,LibriSpeech_6241,LibriSpeech_6241,1,39.325688201690085,maximum_decision_score
3,1826,6241-61943-0001,6241/61943,LibriSpeech_6241,LibriSpeech_6241,1,39.32550236020339,maximum_decision_score
3,1827,6241-61943-0002,6241/61943,LibriSpeech_6241,LibriSpeech_6241,1,39.324277926165735,maximum_decision_score
2,1828,6241-61943-0003,6241/61943,LibriSpeech_6241,LibriSpeech_6241,1,39.32598115828177,maximum_decision_score
4,1829,6241-61943-0004,6241/61943,LibriSpeech_6241,LibriSpeech_6241,1,39.32478599767148,maximum_decision_score
4,1830,6241-61943-0005,6241/61943,LibriSpeech_6241,LibriSpeech_6241,1,39.32509324259118,maximum_decision_score
2,1831,6241-61943-0006,6241/61943,LibriSpeech_6241,LibriSpeech_6241,1,39.32610931657034,maximum_decision_score
2,1832,6241-61943-0007,6241/61943,LibriSpeech_6241,LibriSpeech_6241,1,39.32645872051105,maximum_decision_score
4,1833,6241-61943-0008,6241/61943,LibriSpeech_6241,LibriSpeech_6241,1,39.323423273278635,maximum_decision_score
3,1834,6241-61943-0009,6241/61943,LibriSpeech_6241,LibriSpeech_6241,1,39.32551342130917,maximum_decision_score
5,1835,6241-61943-0010,6241/61943,LibriSpeech_6241,LibriSpeech_6241,1,39.32545482693652,maximum_decision_score
1,1836,6241-61943-0011,6241/61943,LibriSpeech_6241,LibriSpeech_6241,1,39.326301618494696,maximum_decision_score
4,1837,6241-61943-0012,6241/61943,LibriSpeech_6241,LibriSpeech_6241,1,39.32634459704775,maximum_decision_score
2,1838,6241-61943-0013,6241/61943,LibriSpeech_6241,LibriSpeech_6241,1,39.32618002746365,maximum_decision_score
3,1839,6241-61943-0014,6241/61943,LibriSpeech_6241,LibriSpeech_6241,1,39.32591408250279,maximum_decision_score
1,1840,6241-61943-0015,6241/61943,LibriSpeech_6241,LibriSpeech_6241,1,39.32611650210631,maximum_decision_score
1,1841,6241-61943-0016,6241/61943,LibriSpeech_6241,LibriSpeech_6241,1,39.326481107000966,maximum_decision_score
5,1842,6241-61943-0017,6241/61943,LibriSpeech_6241,LibriSpeech_6241,1,39.32585823267452,maximum_decision_score
4,1843,6241-61943-0018,6241/61943,LibriSpeech_6241,LibriSpeech_6241,1,39.32544977534174,maximum_decision_score
4,1844,6241-61943-0019,6241/61943,LibriSpeech_6241,LibriSpeech_6241,1,39.325875644888214,maximum_decision_score
2,1845,6241-61943-0020,6241/61943,LibriSpeech_6241,LibriSpeech_6241,1,39.32653414086479,maximum_decision_score
5,1846,6241-61943-0021,6241/61943,LibriSpeech_6241,LibriSpeech_6241,1,39.32022951664092,maximum_decision_score
4,1847,6241-61943-0022,6241/61943,LibriSpeech_6241,LibriSpeech_6241,1,39.325444782548985,maximum_decision_score
4,1848,6241-61943-0023,6241/61943,LibriSpeech_6241,LibriSpeech_6241,1,39.325150310920236,maximum_decision_score
1,1849,6241-61943-0024,6241/61943,LibriSpeech_6241,LibriSpeech_6241,1,39.32517698482094,maximum_decision_score
1,1850,6241-61943-0025,6241/61943,LibriSpeech_6241,LibriSpeech_6241,1,39.32586141051335,maximum_decision_score
5,1851,6241-61943-0026,6241/61943,LibriSpeech_6241,LibriSpeech_6241,1,39.3262726168073,maximum_decision_score
3,1852,6241-61943-0027,6241/61943,LibriSpeech_6241,LibriSpeech_6241,1,39.32629629956162,maximum_decision_score
5,1853,6241-61946-0000,6241/61946,LibriSpeech_6241,LibriSpeech_6241,1,39.32675610294948,maximum_decision_score
4,1854,6241-61946-0001,6241/61946,LibriSpeech_6241,LibriSpeech_6241,1,39.32529993523063,maximum_decision_score
3,1855,6241-61946-0002,6241/61946,LibriSpeech_6241,LibriSpeech_6241,1,39.32564334663226,maximum_decision_score
4,1856,6241-61946-0003,6241/61946,LibriSpeech_6241,LibriSpeech_6241,1,39.3262463649028,maximum_decision_score
2,1857,6241-61946-0004,6241/61946,LibriSpeech_6241,LibriSpeech_6241,1,39.326560007475656,maximum_decision_score
4,1858,6241-61946-0005,6241/61946,LibriSpeech_6241,LibriSpeech_6241,1,39.325232708521135,maximum_decision_score
3,1859,6241-61946-0006,6241/61946,LibriSpeech_6241,LibriSpeech_6241,1,39.326583782711474,maximum_decision_score
1,1860,6241-61946-0007,6241/61946,LibriSpeech_6241,LibriSpeech_6241,1,39.32544839097734,maximum_decision_score
2,1861,6241-61946-0008,6241/61946,LibriSpeech_6241,LibriSpeech_6241,1,39.32710607914841,maximum_decision_score
5,1862,6241-61946-0009,6241/61946,LibriSpeech_6241,LibriSpeech_6241,1,39.32638616799795,maximum_decision_score
3,1863,6241-61946-0010,6241/61946,LibriSpeech_6241,LibriSpeech_6241,1,39.32534781937319,maximum_decision_score
5,1864,6241-61946-0011,6241/61946,LibriSpeech_6241,LibriSpeech_6241,1,39.32667164045502,maximum_decision_score
5,1865,6241-61946-0012,6241/61946,LibriSpeech_6241,LibriSpeech_6241,1,39.324777630031186,maximum_decision_score
5,1866,6241-61946-0013,6241/61946,LibriSpeech_6241,LibriSpeech_6241,1,39.32643348974321,maximum_decision_score
1,1867,6241-61946-0014,6241/61946,LibriSpeech_6241,LibriSpeech_6241,1,39.32721220440041,maximum_decision_score
4,1868,6241-61946-0015,6241/61946,LibriSpeech_6241,LibriSpeech_6241,1,39.32587907336046,maximum_decision_score
4,1869,6241-61946-0016,6241/61946,LibriSpeech_6241,LibriSpeech_6241,1,39.326588515646606,maximum_decision_score
1,1870,6241-61946-0017,6241/61946,LibriSpeech_6241,LibriSpeech_6241,1,39.32642370815792,maximum_decision_score
1,1871,6241-61946-0018,6241/61946,LibriSpeech_6241,LibriSpeech_6241,1,39.32696309204135,maximum_decision_score
2,1872,6241-61946-0019,6241/61946,LibriSpeech_6241,LibriSpeech_6241,1,39.32670323467725,maximum_decision_score
2,1873,6241-61946-0020,6241/61946,LibriSpeech_6241,LibriSpeech_6241,1,39.3264615014529,maximum_decision_score
1,1874,6241-61946-0021,6241/61946,LibriSpeech_6241,LibriSpeech_6241,1,39.326094545185434,maximum_decision_score
5,1875,6241-61946-0022,6241/61946,LibriSpeech_6241,LibriSpeech_6241,1,39.32689145949057,maximum_decision_score
4,1876,6241-61946-0023,6241/61946,LibriSpeech_6241,LibriSpeech_6241,1,39.32654952747182,maximum_decision_score
1,1877,6241-66616-0000,6241/66616,LibriSpeech_6241,LibriSpeech_6241,1,39.32657098472804,maximum_decision_score
5,1878,6241-66616-0001,6241/66616,LibriSpeech_6241,LibriSpeech_6241,1,39.325951148276715,maximum_decision_score
2,1879,6241-66616-0002,6241/66616,LibriSpeech_6241,LibriSpeech_6241,1,39.325595887716865,maximum_decision_score
2,1880,6241-66616-0003,6241/66616,LibriSpeech_6241,LibriSpeech_6241,1,39.326508010724844,maximum_decision_score
2,1881,6241-66616-0004,6241/66616,LibriSpeech_6241,LibriSpeech_6241,1,39.32670263430256,maximum_decision_score
5,1882,6241-66616-0005,6241/66616,LibriSpeech_6241,LibriSpeech_6241,1,39.32707840059696,maximum_decision_score
5,1883,6241-66616-0006,6241/66616,LibriSpeech_6241,LibriSpeech_6241,1,39.32589181756524,maximum_decision_score
3,1884,6241-66616-0007,6241/66616,LibriSpeech_6241,LibriSpeech_6241,1,39.325989936897805,maximum_decision_score
3,1885,6241-66616-0008,6241/66616,LibriSpeech_6241,LibriSpeech_6241,1,39.32649965714426,maximum_decision_score
1,1886,6241-66616-0009,6241/66616,LibriSpeech_6241,LibriSpeech_6241,1,39.32639371625587,maximum_decision_score
2,1887,6241-66616-0010,6241/66616,LibriSpeech_6241,LibriSpeech_6241,1,39.326703098203105,maximum_decision_score
3,1888,6241-66616-0011,6241/66616,LibriSpeech_6241,LibriSpeech_6241,1,39.32611597138004,maximum_decision_score
2,1889,6241-66616-0012,6241/66616,LibriSpeech_6241,LibriSpeech_6241,1,39.326667516534435,maximum_decision_score
1,1890,6241-66616-0013,6241/66616,LibriSpeech_6241,LibriSpeech_6241,1,39.3263281613765,maximum_decision_score
1,1891,6241-66616-0014,6241/66616,LibriSpeech_6241,LibriSpeech_6241,1,39.32642613577896,maximum_decision_score
4,1892,6241-66616-0015,6241/66616,LibriSpeech_6241,LibriSpeech_6241,1,39.324803857117715,maximum_decision_score
5,1893,6241-66616-0016,6241/66616,LibriSpeech_6241,LibriSpeech_6241,1,39.32715971857838,maximum_decision_score
2,1894,6241-66616-0017,6241/66616,LibriSpeech_6241,LibriSpeech_6241,1,39.32646661186443,maximum_decision_score
5,1895,6241-66616-0018,6241/66616,LibriSpeech_6241,LibriSpeech_6241,1,39.32646196958959,maximum_decision_score
5,1896,6241-66616-0019,6241/66616,LibriSpeech_6241,LibriSpeech_6241,1,39.32650739977253,maximum_decision_score
4,1897,6241-66616-0020,6241/66616,LibriSpeech_6241,LibriSpeech_6241,1,39.324831634896356,maximum_decision_score
3,1898,6241-66616-0021,6241/66616,LibriSpeech_6241,LibriSpeech_6241,1,39.32595380578345,maximum_decision_score
3,1899,6241-66616-0022,6241/66616,LibriSpeech_6241,LibriSpeech_6241,1,39.325968070374735,maximum_decision_score
1,1900,6241-66616-0023,6241/66616,LibriSpeech_6241,LibriSpeech_6241,1,39.32505582938747,maximum_decision_score
3,1901,6241-66616-0024,6241/66616,LibriSpeech_6241,LibriSpeech_6241,1,39.32655328370821,maximum_decision_score
3,1902,6241-66616-0025,6241/66616,LibriSpeech_6241,LibriSpeech_6241,1,39.32690372540258,maximum_decision_score
1,1903,6295-244435-0000,6295/244435,LibriSpeech_6295,LibriSpeech_6295,1,39.32389842730716,maximum_decision_score
4,1904,6295-244435-0001,6295/244435,LibriSpeech_6295,LibriSpeech_6295,1,39.32672685036538,maximum_decision_score
4,1905,6295-244435-0002,6295/244435,LibriSpeech_6295,LibriSpeech_6295,1,39.3266673039224,maximum_decision_score
5,1906,6295-244435-0003,6295/244435,LibriSpeech_6295,LibriSpeech_6295,1,39.324984672326906,maximum_decision_score
1,1907,6295-244435-0004,6295/244435,LibriSpeech_6295,LibriSpeech_6295,1,39.32668101078436,maximum_decision_score
3,1908,6295-244435-0005,6295/244435,LibriSpeech_6295,LibriSpeech_6295,1,39.32732295219213,maximum_decision_score
2,1909,6295-244435-0006,6295/244435,LibriSpeech_6295,LibriSpeech_6295,1,39.326220178643254,maximum_decision_score
4,1910,6295-244435-0007,6295/244435,LibriSpeech_6295,LibriSpeech_6295,1,39.326924099180005,maximum_decision_score
2,1911,6295-244435-0008,6295/244435,LibriSpeech_6295,LibriSpeech_6295,1,39.32673522982013,maximum_decision_score
5,1912,6295-244435-0009,6295/244435,LibriSpeech_6295,LibriSpeech_6295,1,39.32694851411086,maximum_decision_score
3,1913,6295-244435-0010,6295/244435,LibriSpeech_6295,LibriSpeech_6295,1,39.32545962330118,maximum_decision_score
4,1914,6295-244435-0011,6295/244435,LibriSpeech_6295,LibriSpeech_6295,1,39.325904022577866,maximum_decision_score
3,1915,6295-244435-0012,6295/244435,LibriSpeech_6295,LibriSpeech_6295,1,39.32641625752283,maximum_decision_score
2,1916,6295-244435-0013,6295/244435,LibriSpeech_6295,LibriSpeech_6295,1,39.32418432459003,maximum_decision_score
4,1917,6295-244435-0014,6295/244435,LibriSpeech_6295,LibriSpeech_6295,1,39.325091392346266,maximum_decision_score
5,1918,6295-244435-0015,6295/244435,LibriSpeech_6295,LibriSpeech_6295,1,39.3258957742348,maximum_decision_score
1,1919,6295-244435-0016,6295/244435,LibriSpeech_6295,LibriSpeech_6295,1,39.326386309386905,maximum_decision_score
1,1920,6295-244435-0017,6295/244435,LibriSpeech_6295,LibriSpeech_6295,1,39.32598813127185,maximum_decision_score
1,1921,6295-244435-0018,6295/244435,LibriSpeech_6295,LibriSpeech_6295,1,39.32680599395024,maximum_decision_score
5,1922,6295-244435-0019,6295/244435,LibriSpeech_6295,LibriSpeech_6295,1,39.32627560241843,maximum_decision_score
3,1923,6295-244435-0020,6295/244435,LibriSpeech_6295,LibriSpeech_6295,1,39.32728229487853,maximum_decision_score
2,1924,6295-244435-0021,6295/244435,LibriSpeech_6295,LibriSpeech_6295,1,39.32662384581744,maximum_decision_score
1,1925,6295-244435-0022,6295/244435,LibriSpeech_6295,LibriSpeech_6295,1,39.32705407063871,maximum_decision_score
5,1926,6295-244435-0023,6295/244435,LibriSpeech_6295,LibriSpeech_6295,1,39.32701398674877,maximum_decision_score
1,1927,6295-244435-0024,6295/244435,LibriSpeech_6295,LibriSpeech_6295,1,39.32529295167945,maximum_decision_score
1,1928,6295-244435-0025,6295/244435,LibriSpeech_6295,LibriSpeech_6295,1,39.32473896674118,maximum_decision_score
3,1929,6295-244435-0026,6295/244435,LibriSpeech_6295,LibriSpeech_6295,1,39.32692213648745,maximum_decision_score
1,1930,6295-244435-0027,6295/244435,LibriSpeech_6295,LibriSpeech_6295,1,39.326066847917396,maximum_decision_score
5,1931,6295-244435-0028,6295/244435,LibriSpeech_6295,LibriSpeech_6295,1,39.32538470132116,maximum_decision_score
5,1932,6295-244435-0029,6295/244435,LibriSpeech_6295,LibriSpeech_6295,1,39.32559604823693,maximum_decision_score
1,1933,6295-244435-0030,6295/244435,LibriSpeech_6295,LibriSpeech_6295,1,39.325657031881896,maximum_decision_score
2,1934,6295-244435-0031,6295/244435,LibriSpeech_6295,LibriSpeech_6295,1,39.326664924561896,maximum_decision_score
2,1935,6295-244435-0032,6295/244435,LibriSpeech_6295,LibriSpeech_6295,1,39.325033439745155,maximum_decision_score
2,1936,6295-244435-0033,6295/244435,LibriSpeech_6295,LibriSpeech_6295,1,39.32634157992379,maximum_decision_score
1,1937,6295-244435-0034,6295/244435,LibriSpeech_6295,LibriSpeech_6295,1,39.32647292375469,maximum_decision_score
3,1938,6295-244435-0035,6295/244435,LibriSpeech_6295,LibriSpeech_6295,1,39.32513979175285,maximum_decision_score
2,1939,6295-244435-0036,6295/244435,LibriSpeech_6295,LibriSpeech_6295,1,39.32635652003795,maximum_decision_score
4,1940,6295-244435-0037,6295/244435,LibriSpeech_6295,LibriSpeech_6295,1,39.32551244847767,maximum_decision_score
5,1941,6295-244435-0038,6295/244435,LibriSpeech_6295,LibriSpeech_6295,1,39.326485689135794,maximum_decision_score
5,1942,6295-244435-0039,6295/244435,LibriSpeech_6295,LibriSpeech_6295,1,39.326406635927924,maximum_decision_score
2,1943,6295-244435-0040,6295/244435,LibriSpeech_6295,LibriSpeech_6295,1,39.326661064151615,maximum_decision_score
2,1944,6295-64301-0000,6295/64301,LibriSpeech_6295,LibriSpeech_6295,1,39.326366416158486,maximum_decision_score
4,1945,6295-64301-0001,6295/64301,LibriSpeech_6295,LibriSpeech_6295,1,39.32522109669148,maximum_decision_score
3,1946,6295-64301-0002,6295/64301,LibriSpeech_6295,LibriSpeech_6295,1,39.32621283770706,maximum_decision_score
1,1947,6295-64301-0003,6295/64301,LibriSpeech_6295,LibriSpeech_6295,1,39.32667474032968,maximum_decision_score
3,1948,6295-64301-0004,6295/64301,LibriSpeech_6295,LibriSpeech_6295,1,39.326176567523746,maximum_decision_score
5,1949,6295-64301-0005,6295/64301,LibriSpeech_6295,LibriSpeech_6295,1,39.326061952385196,maximum_decision_score
5,1950,6295-64301-0006,6295/64301,LibriSpeech_6295,LibriSpeech_6295,1,39.326053014034294,maximum_decision_score
1,1951,6295-64301-0007,6295/64301,LibriSpeech_6295,LibriSpeech_6295,1,39.32747174843058,maximum_decision_score
4,1952,6295-64301-0008,6295/64301,LibriSpeech_6295,LibriSpeech_6295,1,39.325468669012764,maximum_decision_score
4,1953,6295-64301-0009,6295/64301,LibriSpeech_6295,LibriSpeech_6295,1,39.32583506192269,maximum_decision_score
2,1954,6295-64301-0010,6295/64301,LibriSpeech_6295,LibriSpeech_6295,1,39.325195940936005,maximum_decision_score
4,1955,6295-64301-0011,6295/64301,LibriSpeech_6295,LibriSpeech_6295,1,39.3268373667918,maximum_decision_score
4,1956,6295-64301-0012,6295/64301,LibriSpeech_6295,LibriSpeech_6295,1,39.32667980422247,maximum_decision_score
2,1957,6295-64301-0013,6295/64301,LibriSpeech_6295,LibriSpeech_6295,1,39.326294502223035,maximum_decision_score
3,1958,6295-64301-0014,6295/64301,LibriSpeech_6295,LibriSpeech_6295,1,39.322242600597676,maximum_decision_score
5,1959,6295-64301-0015,6295/64301,LibriSpeech_6295,LibriSpeech_6295,1,39.32623474551179,maximum_decision_score
1,1960,6295-64301-0016,6295/64301,LibriSpeech_6295,LibriSpeech_6295,1,39.32610951701087,maximum_decision_score
5,1961,6295-64301-0017,6295/64301,LibriSpeech_6295,LibriSpeech_6295,1,39.32691499131271,maximum_decision_score
4,1962,6295-64301-0018,6295/64301,LibriSpeech_6295,LibriSpeech_6295,1,39.326454517173175,maximum_decision_score
2,1963,6295-64301-0019,6295/64301,LibriSpeech_6295,LibriSpeech_6295,1,39.32506400903629,maximum_decision_score
2,1964,6295-64301-0020,6295/64301,LibriSpeech_6295,LibriSpeech_6295,1,39.32601916998153,maximum_decision_score
3,1965,6295-64301-0021,6295/64301,LibriSpeech_6295,LibriSpeech_6295,1,39.32543962040034,maximum_decision_score
4,1966,6295-64301-0022,6295/64301,LibriSpeech_6295,LibriSpeech_6295,1,39.32499200673664,maximum_decision_score
1,1967,6295-64301-0023,6295/64301,LibriSpeech_6295,LibriSpeech_6295,1,39.32629850670904,maximum_decision_score
3,1968,6295-64301-0024,6295/64301,LibriSpeech_6295,LibriSpeech_6295,1,39.3251130164463,maximum_decision_score
5,1969,6295-64301-0025,6295/64301,LibriSpeech_6295,LibriSpeech_6295,1,39.32573852594674,maximum_decision_score
4,1970,6295-64301-0026,6295/64301,LibriSpeech_6295,LibriSpeech_6295,1,39.326907625063455,maximum_decision_score
3,1971,6295-64301-0027,6295/64301,LibriSpeech_6295,LibriSpeech_6295,1,39.32641713355621,maximum_decision_score
2,1972,6295-64301-0028,6295/64301,LibriSpeech_6295,LibriSpeech_6295,1,39.32623903713038,maximum_decision_score
5,1973,6295-64301-0029,6295/64301,LibriSpeech_6295,LibriSpeech_6295,1,39.326553202157285,maximum_decision_score
3,1974,6295-64301-0030,6295/64301,LibriSpeech_6295,LibriSpeech_6295,1,39.324784620710936,maximum_decision_score
3,1975,6295-64301-0031,6295/64301,LibriSpeech_6295,LibriSpeech_6295,1,39.324589813134594,maximum_decision_score
3,1976,6295-64301-0032,6295/64301,LibriSpeech_6295,LibriSpeech_6295,1,39.3235721889624,maximum_decision_score
2,1977,6313-66125-0000,6313/66125,LibriSpeech_6313,LibriSpeech_6313,1,39.32716608482992,maximum_decision_score
1,1978,6313-66125-0001,6313/66125,LibriSpeech_6313,LibriSpeech_6313,1,39.32604997419546,maximum_decision_score
2,1979,6313-66125-0002,6313/66125,LibriSpeech_6313,LibriSpeech_6313,1,39.32636061257096,maximum_decision_score
4,1980,6313-66125-0003,6313/66125,LibriSpeech_6313,LibriSpeech_6313,1,39.32636568825808,maximum_decision_score
2,1981,6313-66125-0004,6313/66125,LibriSpeech_6313,LibriSpeech_6313,1,39.32636609665772,maximum_decision_score
4,1982,6313-66125-0005,6313/66125,LibriSpeech_6313,LibriSpeech_6313,1,39.32590270460628,maximum_decision_score
5,1983,6313-66125-0006,6313/66125,LibriSpeech_6313,LibriSpeech_6313,1,39.32606867793875,maximum_decision_score
2,1984,6313-66125-0007,6313/66125,LibriSpeech_6313,LibriSpeech_6313,1,39.32469633541128,maximum_decision_score
2,1985,6313-66125-0008,6313/66125,LibriSpeech_6313,LibriSpeech_6313,1,39.326786258479515,maximum_decision_score
2,1986,6313-66125-0009,6313/66125,LibriSpeech_6313,LibriSpeech_6313,1,39.326216871686384,maximum_decision_score
5,1987,6313-66125-0010,6313/66125,LibriSpeech_6313,LibriSpeech_6313,1,39.32620516239782,maximum_decision_score
1,1988,6313-66125-0011,6313/66125,LibriSpeech_6313,LibriSpeech_6313,1,39.32579062650809,maximum_decision_score
2,1989,6313-66125-0012,6313/66125,LibriSpeech_6313,LibriSpeech_6313,1,39.32391360822146,maximum_decision_score
3,1990,6313-66125-0013,6313/66125,LibriSpeech_6313,LibriSpeech_6313,1,39.32542272988494,maximum_decision_score
4,1991,6313-66125-0014,6313/66125,LibriSpeech_6313,LibriSpeech_6313,1,39.326493001134764,maximum_decision_score
5,1992,6313-66125-0015,6313/66125,LibriSpeech_6313,LibriSpeech_6313,1,39.32631035053594,maximum_decision_score
5,1993,6313-66125-0016,6313/66125,LibriSpeech_6313,LibriSpeech_6313,1,39.325795214114514,maximum_decision_score
2,1994,6313-66125-0017,6313/66125,LibriSpeech_6313,LibriSpeech_6313,1,39.32497802813709,maximum_decision_score
1,1995,6313-66125-0018,6313/66125,LibriSpeech_6313,LibriSpeech_6313,1,39.32650995187137,maximum_decision_score
1,1996,6313-66125-0019,6313/66125,LibriSpeech_6313,LibriSpeech_6313,1,39.325949671908184,maximum_decision_score
2,1997,6313-66125-0020,6313/66125,LibriSpeech_6313,LibriSpeech_6313,1,39.326439864607984,maximum_decision_score
5,1998,6313-66125-0021,6313/66125,LibriSpeech_6313,LibriSpeech_6313,1,39.32638179645168,maximum_decision_score
5,1999,6313-66125-0022,6313/66125,LibriSpeech_6313,LibriSpeech_6313,1,39.32630384323304,maximum_decision_score
1,2000,6313-66125-0023,6313/66125,LibriSpeech_6313,LibriSpeech_6313,1,39.32651414415963,maximum_decision_score
4,2001,6313-66125-0024,6313/66125,LibriSpeech_6313,LibriSpeech_6313,1,39.32609059119113,maximum_decision_score
4,2002,6313-66125-0025,6313/66125,LibriSpeech_6313,LibriSpeech_6313,1,39.32600507152232,maximum_decision_score
3,2003,6313-66125-0026,6313/66125,LibriSpeech_6313,LibriSpeech_6313,1,39.32669317406947,maximum_decision_score
3,2004,6313-66125-0027,6313/66125,LibriSpeech_6313,LibriSpeech_6313,1,39.325945129218944,maximum_decision_score
3,2005,6313-66129-0000,6313/66129,LibriSpeech_6313,LibriSpeech_6313,1,39.326174718472345,maximum_decision_score
5,2006,6313-66129-0001,6313/66129,LibriSpeech_6313,LibriSpeech_6313,1,39.3257854263367,maximum_decision_score
2,2007,6313-66129-0002,6313/66129,LibriSpeech_6313,LibriSpeech_6313,1,39.32555020846431,maximum_decision_score
1,2008,6313-66129-0003,6313/66129,LibriSpeech_6313,LibriSpeech_6313,1,39.32595773240151,maximum_decision_score
3,2009,6313-66129-0004,6313/66129,LibriSpeech_6313,LibriSpeech_6313,1,39.3262526689497,maximum_decision_score
2,2010,6313-66129-0005,6313/66129,LibriSpeech_6313,LibriSpeech_6313,1,39.32594660665981,maximum_decision_score
1,2011,6313-66129-0006,6313/66129,LibriSpeech_6313,LibriSpeech_6313,1,39.32693423269247,maximum_decision_score
2,2012,6313-66129-0007,6313/66129,LibriSpeech_6313,LibriSpeech_6313,1,39.326333066627946,maximum_decision_score
5,2013,6313-66129-0008,6313/66129,LibriSpeech_6313,LibriSpeech_6313,1,39.326359131627704,maximum_decision_score
4,2014,6313-66129-0009,6313/66129,LibriSpeech_6313,LibriSpeech_6313,1,39.326689633768,maximum_decision_score
4,2015,6313-66129-0010,6313/66129,LibriSpeech_6313,LibriSpeech_6313,1,39.32640188711341,maximum_decision_score
5,2016,6313-66129-0011,6313/66129,LibriSpeech_6313,LibriSpeech_6313,1,39.32437389001594,maximum_decision_score
2,2017,6313-66129-0012,6313/66129,LibriSpeech_6313,LibriSpeech_6313,1,39.32601051883952,maximum_decision_score
5,2018,6313-66129-0013,6313/66129,LibriSpeech_6313,LibriSpeech_6313,1,39.326130685087946,maximum_decision_score
1,2019,6313-66129-0014,6313/66129,LibriSpeech_6313,LibriSpeech_6313,1,39.326690943471256,maximum_decision_score
3,2020,6313-66129-0015,6313/66129,LibriSpeech_6313,LibriSpeech_6313,1,39.32679310506605,maximum_decision_score
3,2021,6313-66129-0016,6313/66129,LibriSpeech_6313,LibriSpeech_6313,1,39.32653349181217,maximum_decision_score
3,2022,6313-66129-0017,6313/66129,LibriSpeech_6313,LibriSpeech_6313,1,39.326476686245975,maximum_decision_score
2,2023,6313-66129-0018,6313/66129,LibriSpeech_6313,LibriSpeech_6313,1,39.32628726007338,maximum_decision_score
1,2024,6313-66129-0019,6313/66129,LibriSpeech_6313,LibriSpeech_6313,1,39.32547557938719,maximum_decision_score
5,2025,6313-66129-0020,6313/66129,LibriSpeech_6313,LibriSpeech_6313,1,39.32672600753559,maximum_decision_score
1,2026,6313-66129-0021,6313/66129,LibriSpeech_6313,LibriSpeech_6313,1,39.326463159676635,maximum_decision_score
5,2027,6313-66129-0022,6313/66129,LibriSpeech_6313,LibriSpeech_6313,1,39.32625218159078,maximum_decision_score
3,2028,6313-66129-0023,6313/66129,LibriSpeech_6313,LibriSpeech_6313,1,39.32632630478883,maximum_decision_score
3,2029,6313-66129-0024,6313/66129,LibriSpeech_6313,LibriSpeech_6313,1,39.326030128314024,maximum_decision_score
1,2030,6313-66129-0025,6313/66129,LibriSpeech_6313,LibriSpeech_6313,1,39.32623057942371,maximum_decision_score
1,2031,6313-66129-0026,6313/66129,LibriSpeech_6313,LibriSpeech_6313,1,39.32634562375459,maximum_decision_score
4,2032,6313-66129-0027,6313/66129,LibriSpeech_6313,LibriSpeech_6313,1,39.32640335584321,maximum_decision_score
1,2033,6313-66129-0028,6313/66129,LibriSpeech_6313,LibriSpeech_6313,1,39.32297265614046,maximum_decision_score
1,2034,6313-66129-0029,6313/66129,LibriSpeech_6313,LibriSpeech_6313,1,39.326534307288135,maximum_decision_score
4,2035,6313-66129-0030,6313/66129,LibriSpeech_6313,LibriSpeech_6313,1,39.324407519498614,maximum_decision_score
5,2036,6313-66129-0031,6313/66129,LibriSpeech_6313,LibriSpeech_6313,1,39.32600572291778,maximum_decision_score
1,2037,6313-66129-0032,6313/66129,LibriSpeech_6313,LibriSpeech_6313,1,39.325366668402346,maximum_decision_score
1,2038,6313-66129-0033,6313/66129,LibriSpeech_6313,LibriSpeech_6313,1,39.32689526266271,maximum_decision_score
2,2039,6313-66129-0034,6313/66129,LibriSpeech_6313,LibriSpeech_6313,1,39.32626825918587,maximum_decision_score
3,2040,6313-66129-0035,6313/66129,LibriSpeech_6313,LibriSpeech_6313,1,39.32582092574672,maximum_decision_score
4,2041,6313-76958-0000,6313/76958,LibriSpeech_6313,LibriSpeech_6313,1,39.3259462573652,maximum_decision_score
1,2042,6313-76958-0001,6313/76958,LibriSpeech_6313,LibriSpeech_6313,1,39.3254701442053,maximum_decision_score
3,2043,6313-76958-0002,6313/76958,LibriSpeech_6313,LibriSpeech_6313,1,39.3249236405817,maximum_decision_score
3,2044,6313-76958-0003,6313/76958,LibriSpeech_6313,LibriSpeech_6313,1,39.32574880107594,maximum_decision_score
1,2045,6313-76958-0004,6313/76958,LibriSpeech_6313,LibriSpeech_6313,1,39.32572907888767,maximum_decision_score
4,2046,6313-76958-0005,6313/76958,LibriSpeech_6313,LibriSpeech_6313,1,39.32617443020144,maximum_decision_score
2,2047,6313-76958-0006,6313/76958,LibriSpeech_6313,LibriSpeech_6313,1,39.3256297780735,maximum_decision_score
4,2048,6313-76958-0007,6313/76958,LibriSpeech_6313,LibriSpeech_6313,1,39.32740326527831,maximum_decision_score
3,2049,6313-76958-0008,6313/76958,LibriSpeech_6313,LibriSpeech_6313,1,39.324887451940405,maximum_decision_score
2,2050,6313-76958-0009,6313/76958,LibriSpeech_6313,LibriSpeech_6313,1,39.32581799977711,maximum_decision_score
4,2051,6313-76958-0010,6313/76958,LibriSpeech_6313,LibriSpeech_6313,1,39.32666726772397,maximum_decision_score
4,2052,6313-76958-0011,6313/76958,LibriSpeech_6313,LibriSpeech_6313,1,39.32701506872618,maximum_decision_score
4,2053,6313-76958-0012,6313/76958,LibriSpeech_6313,LibriSpeech_6313,1,39.3259888182574,maximum_decision_score
4,2054,6313-76958-0013,6313/76958,LibriSpeech_6313,LibriSpeech_6313,1,39.32621835291186,maximum_decision_score
5,2055,6313-76958-0014,6313/76958,LibriSpeech_6313,LibriSpeech_6313,1,39.32566797896339,maximum_decision_score
5,2056,6313-76958-0015,6313/76958,LibriSpeech_6313,LibriSpeech_6313,1,39.32472772890845,maximum_decision_score
3,2057,6313-76958-0016,6313/76958,LibriSpeech_6313,LibriSpeech_6313,1,39.32632934186153,maximum_decision_score
3,2058,6313-76958-0017,6313/76958,LibriSpeech_6313,LibriSpeech_6313,1,39.32509016332122,maximum_decision_score
2,2059,6313-76958-0018,6313/76958,LibriSpeech_6313,LibriSpeech_6313,1,39.32588868154539,maximum_decision_score
5,2060,6313-76958-0019,6313/76958,LibriSpeech_6313,LibriSpeech_6313,1,39.32606985520832,maximum_decision_score
2,2061,6313-76958-0020,6313/76958,LibriSpeech_6313,LibriSpeech_6313,1,39.32575709031112,maximum_decision_score
3,2062,6313-76958-0021,6313/76958,LibriSpeech_6313,LibriSpeech_6313,1,39.3267088252306,maximum_decision_score
5,2063,6313-76958-0022,6313/76958,LibriSpeech_6313,LibriSpeech_6313,1,39.32547491987206,maximum_decision_score
3,2064,6313-76958-0023,6313/76958,LibriSpeech_6313,LibriSpeech_3081,0,39.31835005511484,maximum_decision_score
4,2065,6313-76958-0024,6313/76958,LibriSpeech_6313,LibriSpeech_6313,1,39.32668066739176,maximum_decision_score
5,2066,6313-76958-0025,6313/76958,LibriSpeech_6313,LibriSpeech_6313,1,39.32618915354328,maximum_decision_score
4,2067,6313-76958-0026,6313/76958,LibriSpeech_6313,LibriSpeech_6313,1,39.32702743312219,maximum_decision_score
1,2068,6313-76958-0027,6313/76958,LibriSpeech_6313,LibriSpeech_6313,1,39.32689803275278,maximum_decision_score
1,2069,6313-76958-0028,6313/76958,LibriSpeech_6313,LibriSpeech_6313,1,39.325759651270644,maximum_decision_score
4,2070,6313-76958-0029,6313/76958,LibriSpeech_6313,LibriSpeech_6313,1,39.326043949713835,maximum_decision_score
3,2071,6313-76958-0030,6313/76958,LibriSpeech_6313,LibriSpeech_6319,0,39.32087864064764,maximum_decision_score
5,2072,6313-76958-0031,6313/76958,LibriSpeech_6313,LibriSpeech_6313,1,39.32632186489614,maximum_decision_score
2,2073,6319-275224-0000,6319/275224,LibriSpeech_6319,LibriSpeech_6319,1,39.32544829722922,maximum_decision_score
5,2074,6319-275224-0001,6319/275224,LibriSpeech_6319,LibriSpeech_6319,1,39.32458779414467,maximum_decision_score
1,2075,6319-275224-0002,6319/275224,LibriSpeech_6319,LibriSpeech_6319,1,39.3252025027759,maximum_decision_score
2,2076,6319-275224-0003,6319/275224,LibriSpeech_6319,LibriSpeech_6319,1,39.325968821396444,maximum_decision_score
4,2077,6319-275224-0004,6319/275224,LibriSpeech_6319,LibriSpeech_6319,1,39.32458366753955,maximum_decision_score
1,2078,6319-275224-0005,6319/275224,LibriSpeech_6319,LibriSpeech_6319,1,39.326414346829175,maximum_decision_score
1,2079,6319-275224-0006,6319/275224,LibriSpeech_6319,LibriSpeech_6319,1,39.32654758193399,maximum_decision_score
5,2080,6319-275224-0007,6319/275224,LibriSpeech_6319,LibriSpeech_6319,1,39.322832542726616,maximum_decision_score
2,2081,6319-275224-0008,6319/275224,LibriSpeech_6319,LibriSpeech_6319,1,39.32658869884312,maximum_decision_score
1,2082,6319-275224-0009,6319/275224,LibriSpeech_6319,LibriSpeech_6319,1,39.32558412165008,maximum_decision_score
3,2083,6319-275224-0010,6319/275224,LibriSpeech_6319,LibriSpeech_6319,1,39.3258037611621,maximum_decision_score
5,2084,6319-275224-0011,6319/275224,LibriSpeech_6319,LibriSpeech_6319,1,39.32619585570258,maximum_decision_score
3,2085,6319-275224-0012,6319/275224,LibriSpeech_6319,LibriSpeech_6319,1,39.32654531313099,maximum_decision_score
1,2086,6319-275224-0013,6319/275224,LibriSpeech_6319,LibriSpeech_6319,1,39.32292184410663,maximum_decision_score
3,2087,6319-275224-0014,6319/275224,LibriSpeech_6319,LibriSpeech_6319,1,39.325654716847765,maximum_decision_score
1,2088,6319-275224-0015,6319/275224,LibriSpeech_6319,LibriSpeech_6319,1,39.32612638536983,maximum_decision_score
3,2089,6319-275224-0016,6319/275224,LibriSpeech_6319,LibriSpeech_6319,1,39.3262458050317,maximum_decision_score
1,2090,6319-275224-0017,6319/275224,LibriSpeech_6319,LibriSpeech_6319,1,39.32639296579216,maximum_decision_score
1,2091,6319-275224-0018,6319/275224,LibriSpeech_6319,LibriSpeech_6319,1,39.3264089525462,maximum_decision_score
2,2092,6319-275224-0019,6319/275224,LibriSpeech_6319,LibriSpeech_6319,1,39.32605728548123,maximum_decision_score
3,2093,6319-275224-0020,6319/275224,LibriSpeech_6319,LibriSpeech_6319,1,39.32489094909168,maximum_decision_score
4,2094,6319-57405-0000,6319/57405,LibriSpeech_6319,LibriSpeech_6319,1,39.3265547870932,maximum_decision_score
3,2095,6319-57405-0001,6319/57405,LibriSpeech_6319,LibriSpeech_6319,1,39.32634398790315,maximum_decision_score
3,2096,6319-57405-0002,6319/57405,LibriSpeech_6319,LibriSpeech_6319,1,39.32530047559892,maximum_decision_score
1,2097,6319-57405-0003,6319/57405,LibriSpeech_6319,LibriSpeech_6319,1,39.32671693425949,maximum_decision_score
1,2098,6319-57405-0004,6319/57405,LibriSpeech_6319,LibriSpeech_6319,1,39.326615992814645,maximum_decision_score
1,2099,6319-57405-0005,6319/57405,LibriSpeech_6319,LibriSpeech_6319,1,39.32575580909909,maximum_decision_score
4,2100,6319-57405-0006,6319/57405,LibriSpeech_6319,LibriSpeech_6319,1,39.32663222996901,maximum_decision_score
4,2101,6319-57405-0007,6319/57405,LibriSpeech_6319,LibriSpeech_6319,1,39.32376150756408,maximum_decision_score
4,2102,6319-57405-0008,6319/57405,LibriSpeech_6319,LibriSpeech_6319,1,39.32597932955907,maximum_decision_score
2,2103,6319-57405-0009,6319/57405,LibriSpeech_6319,LibriSpeech_6319,1,39.32567503389165,maximum_decision_score
5,2104,6319-57405-0010,6319/57405,LibriSpeech_6319,LibriSpeech_6319,1,39.32402877391164,maximum_decision_score
5,2105,6319-57405-0011,6319/57405,LibriSpeech_6319,LibriSpeech_6319,1,39.325318437840245,maximum_decision_score
4,2106,6319-57405-0012,6319/57405,LibriSpeech_6319,LibriSpeech_6319,1,39.32681926214941,maximum_decision_score
5,2107,6319-64726-0000,6319/64726,LibriSpeech_6319,LibriSpeech_6319,1,39.32657047168426,maximum_decision_score
5,2108,6319-64726-0001,6319/64726,LibriSpeech_6319,LibriSpeech_6319,1,39.32650874686168,maximum_decision_score
4,2109,6319-64726-0002,6319/64726,LibriSpeech_6319,LibriSpeech_6319,1,39.3266124402246,maximum_decision_score
4,2110,6319-64726-0003,6319/64726,LibriSpeech_6319,LibriSpeech_6319,1,39.32699600395958,maximum_decision_score
4,2111,6319-64726-0004,6319/64726,LibriSpeech_6319,LibriSpeech_6319,1,39.32671900566586,maximum_decision_score
3,2112,6319-64726-0005,6319/64726,LibriSpeech_6319,LibriSpeech_6319,1,39.325595914296926,maximum_decision_score
2,2113,6319-64726-0006,6319/64726,LibriSpeech_6319,LibriSpeech_6319,1,39.32669644636207,maximum_decision_score
5,2114,6319-64726-0007,6319/64726,LibriSpeech_6319,LibriSpeech_6319,1,39.32625442315153,maximum_decision_score
4,2115,6319-64726-0008,6319/64726,LibriSpeech_6319,LibriSpeech_6319,1,39.3259224014808,maximum_decision_score
3,2116,6319-64726-0009,6319/64726,LibriSpeech_6319,LibriSpeech_6319,1,39.326160068981864,maximum_decision_score
5,2117,6319-64726-0010,6319/64726,LibriSpeech_6319,LibriSpeech_6319,1,39.32618274284353,maximum_decision_score
2,2118,6319-64726-0011,6319/64726,LibriSpeech_6319,LibriSpeech_6319,1,39.32654364955974,maximum_decision_score
2,2119,6319-64726-0012,6319/64726,LibriSpeech_6319,LibriSpeech_6319,1,39.32682366537064,maximum_decision_score
2,2120,6319-64726-0013,6319/64726,LibriSpeech_6319,LibriSpeech_6319,1,39.326579232928225,maximum_decision_score
2,2121,6319-64726-0014,6319/64726,LibriSpeech_6319,LibriSpeech_6319,1,39.32447029075259,maximum_decision_score
5,2122,6319-64726-0015,6319/64726,LibriSpeech_6319,LibriSpeech_6319,1,39.32606172476969,maximum_decision_score
3,2123,6319-64726-0016,6319/64726,LibriSpeech_6319,LibriSpeech_6319,1,39.32586588766364,maximum_decision_score
3,2124,6319-64726-0017,6319/64726,LibriSpeech_6319,LibriSpeech_6319,1,39.326113165422235,maximum_decision_score
5,2125,6319-64726-0018,6319/64726,LibriSpeech_6319,LibriSpeech_6319,1,39.32570683423661,maximum_decision_score
4,2126,6319-64726-0019,6319/64726,LibriSpeech_6319,LibriSpeech_6319,1,39.32615775225706,maximum_decision_score
2,2127,6319-64726-0020,6319/64726,LibriSpeech_6319,LibriSpeech_6319,1,39.32637822342461,maximum_decision_score
4,2128,6345-64257-0000,6345/64257,LibriSpeech_6345,LibriSpeech_6345,1,39.32525233687915,maximum_decision_score
5,2129,6345-64257-0001,6345/64257,LibriSpeech_6345,LibriSpeech_6345,1,39.32677830125184,maximum_decision_score
1,2130,6345-64257-0002,6345/64257,LibriSpeech_6345,LibriSpeech_6345,1,39.32574027876273,maximum_decision_score
1,2131,6345-64257-0003,6345/64257,LibriSpeech_6345,LibriSpeech_6345,1,39.32659719518986,maximum_decision_score
1,2132,6345-64257-0004,6345/64257,LibriSpeech_6345,LibriSpeech_6345,1,39.326497031039835,maximum_decision_score
3,2133,6345-64257-0005,6345/64257,LibriSpeech_6345,LibriSpeech_6345,1,39.3259351162078,maximum_decision_score
2,2134,6345-64257-0006,6345/64257,LibriSpeech_6345,LibriSpeech_6345,1,39.32620099617892,maximum_decision_score
2,2135,6345-64257-0007,6345/64257,LibriSpeech_6345,LibriSpeech_6345,1,39.32635832388408,maximum_decision_score
2,2136,6345-64257-0008,6345/64257,LibriSpeech_6345,LibriSpeech_6345,1,39.32447757621173,maximum_decision_score
2,2137,6345-64257-0009,6345/64257,LibriSpeech_6345,LibriSpeech_6345,1,39.326459216826244,maximum_decision_score
1,2138,6345-64257-0010,6345/64257,LibriSpeech_6345,LibriSpeech_6345,1,39.324705525732206,maximum_decision_score
5,2139,6345-64257-0011,6345/64257,LibriSpeech_6345,LibriSpeech_6345,1,39.326787857655965,maximum_decision_score
2,2140,6345-64257-0012,6345/64257,LibriSpeech_6345,LibriSpeech_6345,1,39.324409821326554,maximum_decision_score
4,2141,6345-64257-0013,6345/64257,LibriSpeech_6345,LibriSpeech_6345,1,39.32579794318883,maximum_decision_score
2,2142,6345-64257-0014,6345/64257,LibriSpeech_6345,LibriSpeech_6345,1,39.32467130604474,maximum_decision_score
5,2143,6345-64257-0015,6345/64257,LibriSpeech_6345,LibriSpeech_6345,1,39.32614200921928,maximum_decision_score
1,2144,6345-64257-0016,6345/64257,LibriSpeech_6345,LibriSpeech_6345,1,39.32600290437642,maximum_decision_score
4,2145,6345-64257-0017,6345/64257,LibriSpeech_6345,LibriSpeech_6345,1,39.32323658543497,maximum_decision_score
5,2146,6345-64257-0018,6345/64257,LibriSpeech_6345,LibriSpeech_6345,1,39.32631808341766,maximum_decision_score
1,2147,6345-64257-0019,6345/64257,LibriSpeech_6345,LibriSpeech_6345,1,39.326359087035755,maximum_decision_score
2,2148,6345-64257-0020,6345/64257,LibriSpeech_6345,LibriSpeech_6345,1,39.32088258517647,maximum_decision_score
4,2149,6345-93302-0000,6345/93302,LibriSpeech_6345,LibriSpeech_6345,1,39.3272078868954,maximum_decision_score
5,2150,6345-93302-0001,6345/93302,LibriSpeech_6345,LibriSpeech_6345,1,39.326722002816,maximum_decision_score
1,2151,6345-93302-0002,6345/93302,LibriSpeech_6345,LibriSpeech_6345,1,39.32672244774892,maximum_decision_score
3,2152,6345-93302-0003,6345/93302,LibriSpeech_6345,LibriSpeech_6345,1,39.326859553709,maximum_decision_score
3,2153,6345-93302-0004,6345/93302,LibriSpeech_6345,LibriSpeech_6345,1,39.32701090013473,maximum_decision_score
2,2154,6345-93302-0005,6345/93302,LibriSpeech_6345,LibriSpeech_6345,1,39.32691534721517,maximum_decision_score
2,2155,6345-93302-0006,6345/93302,LibriSpeech_6345,LibriSpeech_6345,1,39.3265961038908,maximum_decision_score
3,2156,6345-93302-0007,6345/93302,LibriSpeech_6345,LibriSpeech_6345,1,39.3262287635063,maximum_decision_score
1,2157,6345-93302-0008,6345/93302,LibriSpeech_6345,LibriSpeech_6345,1,39.32481957196289,maximum_decision_score
4,2158,6345-93302-0009,6345/93302,LibriSpeech_6345,LibriSpeech_6345,1,39.326679311512244,maximum_decision_score
4,2159,6345-93302-0010,6345/93302,LibriSpeech_6345,LibriSpeech_6345,1,39.326775024323794,maximum_decision_score
1,2160,6345-93302-0011,6345/93302,LibriSpeech_6345,LibriSpeech_6345,1,39.32657554619029,maximum_decision_score
1,2161,6345-93302-0012,6345/93302,LibriSpeech_6345,LibriSpeech_6345,1,39.326852348530785,maximum_decision_score
3,2162,6345-93302-0013,6345/93302,LibriSpeech_6345,LibriSpeech_6345,1,39.32441525863945,maximum_decision_score
3,2163,6345-93302-0014,6345/93302,LibriSpeech_6345,LibriSpeech_6345,1,39.32603730752232,maximum_decision_score
3,2164,6345-93302-0015,6345/93302,LibriSpeech_6345,LibriSpeech_6345,1,39.324804087120775,maximum_decision_score
4,2165,6345-93302-0016,6345/93302,LibriSpeech_6345,LibriSpeech_6345,1,39.32660283136043,maximum_decision_score
4,2166,6345-93302-0017,6345/93302,LibriSpeech_6345,LibriSpeech_6345,1,39.32688302789357,maximum_decision_score
4,2167,6345-93302-0018,6345/93302,LibriSpeech_6345,LibriSpeech_6345,1,39.32676767102877,maximum_decision_score
5,2168,6345-93302-0019,6345/93302,LibriSpeech_6345,LibriSpeech_6345,1,39.32364576470938,maximum_decision_score
4,2169,6345-93302-0020,6345/93302,LibriSpeech_6345,LibriSpeech_6345,1,39.3258779338508,maximum_decision_score
2,2170,6345-93302-0021,6345/93302,LibriSpeech_6345,LibriSpeech_6345,1,39.32551924204944,maximum_decision_score
5,2171,6345-93302-0022,6345/93302,LibriSpeech_6345,LibriSpeech_6345,1,39.325349418816614,maximum_decision_score
5,2172,6345-93302-0023,6345/93302,LibriSpeech_6345,LibriSpeech_6345,1,39.32644204656299,maximum_decision_score
4,2173,6345-93302-0024,6345/93302,LibriSpeech_6345,LibriSpeech_6345,1,39.32578355802967,maximum_decision_score
3,2174,6345-93302-0025,6345/93302,LibriSpeech_6345,LibriSpeech_6345,1,39.321859696580475,maximum_decision_score
5,2175,6345-93302-0026,6345/93302,LibriSpeech_6345,LibriSpeech_6345,1,39.32637330380749,maximum_decision_score
3,2176,6345-93302-0027,6345/93302,LibriSpeech_6345,LibriSpeech_6345,1,39.32597853184938,maximum_decision_score
5,2177,6345-93302-0028,6345/93302,LibriSpeech_6345,LibriSpeech_6345,1,39.32546906744005,maximum_decision_score
2,2178,6345-93302-0029,6345/93302,LibriSpeech_6345,LibriSpeech_6345,1,39.327451676908616,maximum_decision_score
5,2179,6345-93306-0000,6345/93306,LibriSpeech_6345,LibriSpeech_6345,1,39.327295097137906,maximum_decision_score
5,2180,6345-93306-0001,6345/93306,LibriSpeech_6345,LibriSpeech_6345,1,39.32673371004104,maximum_decision_score
4,2181,6345-93306-0002,6345/93306,LibriSpeech_6345,LibriSpeech_6345,1,39.32708897213921,maximum_decision_score
5,2182,6345-93306-0003,6345/93306,LibriSpeech_6345,LibriSpeech_6345,1,39.32720960964772,maximum_decision_score
2,2183,6345-93306-0004,6345/93306,LibriSpeech_6345,LibriSpeech_6345,1,39.32572399717667,maximum_decision_score
1,2184,6345-93306-0005,6345/93306,LibriSpeech_6345,LibriSpeech_6345,1,39.326837327579575,maximum_decision_score
1,2185,6345-93306-0006,6345/93306,LibriSpeech_6345,LibriSpeech_6345,1,39.326247055970995,maximum_decision_score
3,2186,6345-93306-0007,6345/93306,LibriSpeech_6345,LibriSpeech_6345,1,39.32602890233929,maximum_decision_score
5,2187,6345-93306-0008,6345/93306,LibriSpeech_6345,LibriSpeech_6345,1,39.3277732097009,maximum_decision_score
4,2188,6345-93306-0009,6345/93306,LibriSpeech_6345,LibriSpeech_6345,1,39.327605639807246,maximum_decision_score
3,2189,6345-93306-0010,6345/93306,LibriSpeech_6345,LibriSpeech_6345,1,39.326881240744704,maximum_decision_score
2,2190,6345-93306-0011,6345/93306,LibriSpeech_6345,LibriSpeech_6345,1,39.32542177197084,maximum_decision_score
3,2191,6345-93306-0012,6345/93306,LibriSpeech_6345,LibriSpeech_6345,1,39.327889538554366,maximum_decision_score
2,2192,6345-93306-0013,6345/93306,LibriSpeech_6345,LibriSpeech_6345,1,39.32702583255799,maximum_decision_score
5,2193,6345-93306-0014,6345/93306,LibriSpeech_6345,LibriSpeech_6345,1,39.32640117718785,maximum_decision_score
3,2194,6345-93306-0015,6345/93306,LibriSpeech_6345,LibriSpeech_6345,1,39.32705221318919,maximum_decision_score
2,2195,6345-93306-0016,6345/93306,LibriSpeech_6345,LibriSpeech_6345,1,39.32561966731211,maximum_decision_score
4,2196,6345-93306-0017,6345/93306,LibriSpeech_6345,LibriSpeech_6345,1,39.32773461224791,maximum_decision_score
1,2197,6345-93306-0018,6345/93306,LibriSpeech_6345,LibriSpeech_6345,1,39.32737885000256,maximum_decision_score
4,2198,6345-93306-0019,6345/93306,LibriSpeech_6345,LibriSpeech_6345,1,39.32639988787518,maximum_decision_score
4,2199,6345-93306-0020,6345/93306,LibriSpeech_6345,LibriSpeech_6345,1,39.326568418401884,maximum_decision_score
3,2200,6345-93306-0021,6345/93306,LibriSpeech_6345,LibriSpeech_6345,1,39.32555921478115,maximum_decision_score
3,2201,6345-93306-0022,6345/93306,LibriSpeech_6345,LibriSpeech_6345,1,39.326804614096666,maximum_decision_score
1,2202,6345-93306-0023,6345/93306,LibriSpeech_6345,LibriSpeech_6345,1,39.32696980885463,maximum_decision_score
1,2203,6345-93306-0024,6345/93306,LibriSpeech_6345,LibriSpeech_6345,1,39.32604795167571,maximum_decision_score
3,2204,6345-93306-0025,6345/93306,LibriSpeech_6345,LibriSpeech_6345,1,39.327216122242156,maximum_decision_score
1,2205,652-129742-0000,652/129742,LibriSpeech_652,LibriSpeech_652,1,39.32567832244413,maximum_decision_score
1,2206,652-129742-0001,652/129742,LibriSpeech_652,LibriSpeech_652,1,39.32607515327498,maximum_decision_score
3,2207,652-129742-0002,652/129742,LibriSpeech_652,LibriSpeech_652,1,39.325682437794455,maximum_decision_score
4,2208,652-129742-0003,652/129742,LibriSpeech_652,LibriSpeech_652,1,39.325057735093594,maximum_decision_score
4,2209,652-129742-0004,652/129742,LibriSpeech_652,LibriSpeech_652,1,39.325225507354894,maximum_decision_score
4,2210,652-129742-0005,652/129742,LibriSpeech_652,LibriSpeech_652,1,39.32606268638981,maximum_decision_score
4,2211,652-129742-0006,652/129742,LibriSpeech_652,LibriSpeech_652,1,39.326051877682694,maximum_decision_score
3,2212,652-129742-0007,652/129742,LibriSpeech_652,LibriSpeech_652,1,39.32603299627407,maximum_decision_score
3,2213,652-129742-0008,652/129742,LibriSpeech_652,LibriSpeech_652,1,39.3259136344793,maximum_decision_score
5,2214,652-129742-0009,652/129742,LibriSpeech_652,LibriSpeech_652,1,39.32616904126181,maximum_decision_score
5,2215,652-129742-0010,652/129742,LibriSpeech_652,LibriSpeech_652,1,39.3263968535628,maximum_decision_score
5,2216,652-129742-0011,652/129742,LibriSpeech_652,LibriSpeech_652,1,39.32635786955189,maximum_decision_score
2,2217,652-129742-0012,652/129742,LibriSpeech_652,LibriSpeech_652,1,39.325962882123456,maximum_decision_score
1,2218,652-129742-0013,652/129742,LibriSpeech_652,LibriSpeech_652,1,39.32566767205922,maximum_decision_score
5,2219,652-129742-0014,652/129742,LibriSpeech_652,LibriSpeech_652,1,39.32588261777855,maximum_decision_score
5,2220,652-129742-0015,652/129742,LibriSpeech_652,LibriSpeech_652,1,39.32614047762678,maximum_decision_score
3,2221,652-129742-0016,652/129742,LibriSpeech_652,LibriSpeech_652,1,39.32535488856779,maximum_decision_score
4,2222,652-129742-0017,652/129742,LibriSpeech_652,LibriSpeech_652,1,39.32469869945076,maximum_decision_score
4,2223,652-129742-0018,652/129742,LibriSpeech_652,LibriSpeech_652,1,39.32663677958856,maximum_decision_score
2,2224,652-129742-0019,652/129742,LibriSpeech_652,LibriSpeech_652,1,39.32480321660745,maximum_decision_score
5,2225,652-129742-0020,652/129742,LibriSpeech_652,LibriSpeech_652,1,39.32644763165222,maximum_decision_score
3,2226,652-130726-0000,652/130726,LibriSpeech_652,LibriSpeech_652,1,39.32635876085939,maximum_decision_score
5,2227,652-130726-0001,652/130726,LibriSpeech_652,LibriSpeech_652,1,39.326856592829614,maximum_decision_score
5,2228,652-130726-0002,652/130726,LibriSpeech_652,LibriSpeech_652,1,39.32688493319496,maximum_decision_score
2,2229,652-130726-0003,652/130726,LibriSpeech_652,LibriSpeech_652,1,39.32627180196031,maximum_decision_score
4,2230,652-130726-0004,652/130726,LibriSpeech_652,LibriSpeech_652,1,39.326531574258546,maximum_decision_score
1,2231,652-130726-0005,652/130726,LibriSpeech_652,LibriSpeech_652,1,39.326376439324065,maximum_decision_score
2,2232,652-130726-0006,652/130726,LibriSpeech_652,LibriSpeech_652,1,39.32670958422842,maximum_decision_score
5,2233,652-130726-0007,652/130726,LibriSpeech_652,LibriSpeech_652,1,39.32585153416303,maximum_decision_score
5,2234,652-130726-0008,652/130726,LibriSpeech_652,LibriSpeech_652,1,39.32620988088896,maximum_decision_score
5,2235,652-130726-0009,652/130726,LibriSpeech_652,LibriSpeech_652,1,39.32628584134672,maximum_decision_score
1,2236,652-130726-0010,652/130726,LibriSpeech_652,LibriSpeech_652,1,39.32679233638714,maximum_decision_score
3,2237,652-130726-0011,652/130726,LibriSpeech_652,LibriSpeech_652,1,39.32647934013437,maximum_decision_score
1,2238,652-130726-0012,652/130726,LibriSpeech_652,LibriSpeech_652,1,39.32584036960156,maximum_decision_score
4,2239,652-130726-0013,652/130726,LibriSpeech_652,LibriSpeech_652,1,39.32539416836261,maximum_decision_score
2,2240,652-130726-0014,652/130726,LibriSpeech_652,LibriSpeech_652,1,39.32592697973565,maximum_decision_score
5,2241,652-130726-0015,652/130726,LibriSpeech_652,LibriSpeech_652,1,39.32680378652429,maximum_decision_score
3,2242,652-130726-0016,652/130726,LibriSpeech_652,LibriSpeech_652,1,39.3261279639895,maximum_decision_score
2,2243,652-130726-0017,652/130726,LibriSpeech_652,LibriSpeech_652,1,39.326514051331024,maximum_decision_score
1,2244,652-130726-0018,652/130726,LibriSpeech_652,LibriSpeech_652,1,39.326736244046195,maximum_decision_score
2,2245,652-130726-0019,652/130726,LibriSpeech_652,LibriSpeech_652,1,39.32605234853118,maximum_decision_score
4,2246,652-130726-0020,652/130726,LibriSpeech_652,LibriSpeech_652,1,39.32632688596333,maximum_decision_score
1,2247,652-130726-0021,652/130726,LibriSpeech_652,LibriSpeech_652,1,39.32642980033993,maximum_decision_score
3,2248,652-130726-0022,652/130726,LibriSpeech_652,LibriSpeech_652,1,39.32569695042086,maximum_decision_score
3,2249,652-130726-0023,652/130726,LibriSpeech_652,LibriSpeech_652,1,39.32619640952573,maximum_decision_score
3,2250,652-130726-0024,652/130726,LibriSpeech_652,LibriSpeech_652,1,39.325710516188366,maximum_decision_score
1,2251,652-130726-0025,652/130726,LibriSpeech_652,LibriSpeech_652,1,39.32522006060746,maximum_decision_score
2,2252,652-130726-0026,652/130726,LibriSpeech_652,LibriSpeech_652,1,39.3259987849804,maximum_decision_score
1,2253,652-130726-0027,652/130726,LibriSpeech_652,LibriSpeech_652,1,39.326194788214345,maximum_decision_score
4,2254,652-130726-0028,652/130726,LibriSpeech_652,LibriSpeech_652,1,39.32461025279569,maximum_decision_score
2,2255,652-130726-0029,652/130726,LibriSpeech_652,LibriSpeech_652,1,39.32645719299034,maximum_decision_score
1,2256,652-130726-0030,652/130726,LibriSpeech_652,LibriSpeech_652,1,39.32625509368238,maximum_decision_score
3,2257,652-130726-0031,652/130726,LibriSpeech_652,LibriSpeech_652,1,39.32668772326252,maximum_decision_score
2,2258,652-130726-0032,652/130726,LibriSpeech_652,LibriSpeech_652,1,39.326228170145875,maximum_decision_score
3,2259,652-130726-0033,652/130726,LibriSpeech_652,LibriSpeech_652,1,39.32602669275159,maximum_decision_score
2,2260,652-130726-0034,652/130726,LibriSpeech_652,LibriSpeech_652,1,39.326500835157304,maximum_decision_score
4,2261,652-130726-0035,652/130726,LibriSpeech_652,LibriSpeech_652,1,39.32627847011199,maximum_decision_score
1,2262,652-130737-0000,652/130737,LibriSpeech_652,LibriSpeech_652,1,39.32681407067888,maximum_decision_score
4,2263,652-130737-0001,652/130737,LibriSpeech_652,LibriSpeech_652,1,39.3264549340298,maximum_decision_score
4,2264,652-130737-0002,652/130737,LibriSpeech_652,LibriSpeech_652,1,39.3260203589244,maximum_decision_score
2,2265,652-130737-0003,652/130737,LibriSpeech_652,LibriSpeech_652,1,39.32650373153093,maximum_decision_score
2,2266,652-130737-0004,652/130737,LibriSpeech_652,LibriSpeech_652,1,39.32315650437735,maximum_decision_score
2,2267,652-130737-0005,652/130737,LibriSpeech_652,LibriSpeech_652,1,39.32337583101823,maximum_decision_score
4,2268,652-130737-0006,652/130737,LibriSpeech_652,LibriSpeech_652,1,39.32562073807145,maximum_decision_score
1,2269,652-130737-0007,652/130737,LibriSpeech_652,LibriSpeech_652,1,39.325501677341855,maximum_decision_score
5,2270,652-130737-0008,652/130737,LibriSpeech_652,LibriSpeech_652,1,39.32584304893782,maximum_decision_score
4,2271,652-130737-0009,652/130737,LibriSpeech_652,LibriSpeech_652,1,39.32444017614494,maximum_decision_score
3,2272,652-130737-0010,652/130737,LibriSpeech_652,LibriSpeech_652,1,39.32588943763636,maximum_decision_score
3,2273,652-130737-0011,652/130737,LibriSpeech_652,LibriSpeech_652,1,39.324146148779896,maximum_decision_score
5,2274,652-130737-0012,652/130737,LibriSpeech_652,LibriSpeech_652,1,39.3254418315883,maximum_decision_score
1,2275,652-130737-0013,652/130737,LibriSpeech_652,LibriSpeech_652,1,39.32399914091314,maximum_decision_score
4,2276,777-126732-0000,777/126732,LibriSpeech_777,LibriSpeech_777,1,39.323681450256124,maximum_decision_score
4,2277,777-126732-0001,777/126732,LibriSpeech_777,LibriSpeech_777,1,39.32754456898135,maximum_decision_score
1,2278,777-126732-0002,777/126732,LibriSpeech_777,LibriSpeech_777,1,39.32678353770358,maximum_decision_score
5,2279,777-126732-0003,777/126732,LibriSpeech_777,LibriSpeech_777,1,39.32598619288684,maximum_decision_score
4,2280,777-126732-0004,777/126732,LibriSpeech_777,LibriSpeech_777,1,39.3250364552828,maximum_decision_score
1,2281,777-126732-0005,777/126732,LibriSpeech_777,LibriSpeech_777,1,39.326725094337554,maximum_decision_score
5,2282,777-126732-0006,777/126732,LibriSpeech_777,LibriSpeech_777,1,39.32551988744059,maximum_decision_score
1,2283,777-126732-0007,777/126732,LibriSpeech_777,LibriSpeech_777,1,39.32604865997801,maximum_decision_score
4,2284,777-126732-0008,777/126732,LibriSpeech_777,LibriSpeech_777,1,39.32592072618935,maximum_decision_score
1,2285,777-126732-0009,777/126732,LibriSpeech_777,LibriSpeech_777,1,39.32554326562148,maximum_decision_score
3,2286,777-126732-0010,777/126732,LibriSpeech_777,LibriSpeech_777,1,39.32479239874494,maximum_decision_score
4,2287,777-126732-0011,777/126732,LibriSpeech_777,LibriSpeech_777,1,39.325466668502145,maximum_decision_score
4,2288,777-126732-0012,777/126732,LibriSpeech_777,LibriSpeech_777,1,39.32502194445912,maximum_decision_score
4,2289,777-126732-0013,777/126732,LibriSpeech_777,LibriSpeech_777,1,39.32604010906203,maximum_decision_score
5,2290,777-126732-0014,777/126732,LibriSpeech_777,LibriSpeech_777,1,39.32513940258531,maximum_decision_score
3,2291,777-126732-0015,777/126732,LibriSpeech_777,LibriSpeech_777,1,39.32625455857748,maximum_decision_score
5,2292,777-126732-0016,777/126732,LibriSpeech_777,LibriSpeech_777,1,39.32604236782778,maximum_decision_score
4,2293,777-126732-0017,777/126732,LibriSpeech_777,LibriSpeech_777,1,39.32612648967183,maximum_decision_score
5,2294,777-126732-0018,777/126732,LibriSpeech_777,LibriSpeech_777,1,39.326190930310496,maximum_decision_score
2,2295,777-126732-0019,777/126732,LibriSpeech_777,LibriSpeech_777,1,39.32483658151773,maximum_decision_score
3,2296,777-126732-0020,777/126732,LibriSpeech_777,LibriSpeech_777,1,39.32411499631387,maximum_decision_score
5,2297,777-126732-0021,777/126732,LibriSpeech_777,LibriSpeech_777,1,39.32706017847127,maximum_decision_score
2,2298,777-126732-0022,777/126732,LibriSpeech_777,LibriSpeech_777,1,39.326463889060015,maximum_decision_score
5,2299,777-126732-0023,777/126732,LibriSpeech_777,LibriSpeech_777,1,39.32670210493855,maximum_decision_score
4,2300,777-126732-0024,777/126732,LibriSpeech_777,LibriSpeech_777,1,39.32565082092698,maximum_decision_score
2,2301,777-126732-0025,777/126732,LibriSpeech_777,LibriSpeech_777,1,39.326035898636995,maximum_decision_score
3,2302,777-126732-0026,777/126732,LibriSpeech_777,LibriSpeech_777,1,39.32619898386519,maximum_decision_score
2,2303,777-126732-0027,777/126732,LibriSpeech_777,LibriSpeech_777,1,39.32630758816758,maximum_decision_score
4,2304,777-126732-0028,777/126732,LibriSpeech_777,LibriSpeech_777,1,39.32541874654519,maximum_decision_score
5,2305,777-126732-0029,777/126732,LibriSpeech_777,LibriSpeech_777,1,39.32482361739878,maximum_decision_score
1,2306,777-126732-0030,777/126732,LibriSpeech_777,LibriSpeech_777,1,39.32665486297229,maximum_decision_score
1,2307,777-126732-0031,777/126732,LibriSpeech_777,LibriSpeech_777,1,39.325670238326424,maximum_decision_score
3,2308,777-126732-0032,777/126732,LibriSpeech_777,LibriSpeech_777,1,39.32555310898569,maximum_decision_score
1,2309,777-126732-0033,777/126732,LibriSpeech_777,LibriSpeech_777,1,39.326248226102386,maximum_decision_score
4,2310,777-126732-0034,777/126732,LibriSpeech_777,LibriSpeech_777,1,39.3243460271577,maximum_decision_score
4,2311,777-126732-0035,777/126732,LibriSpeech_777,LibriSpeech_777,1,39.32665567395951,maximum_decision_score
1,2312,777-126732-0036,777/126732,LibriSpeech_777,LibriSpeech_777,1,39.32603441944099,maximum_decision_score
3,2313,777-126732-0037,777/126732,LibriSpeech_777,LibriSpeech_777,1,39.3265468174289,maximum_decision_score
5,2314,777-126732-0038,777/126732,LibriSpeech_777,LibriSpeech_777,1,39.32613624363527,maximum_decision_score
2,2315,777-126732-0039,777/126732,LibriSpeech_777,LibriSpeech_777,1,39.32632886874122,maximum_decision_score
3,2316,777-126732-0040,777/126732,LibriSpeech_777,LibriSpeech_777,1,39.32626370356851,maximum_decision_score
2,2317,777-126732-0041,777/126732,LibriSpeech_777,LibriSpeech_777,1,39.32554091742489,maximum_decision_score
2,2318,777-126732-0042,777/126732,LibriSpeech_777,LibriSpeech_777,1,39.32600566116577,maximum_decision_score
3,2319,777-126732-0043,777/126732,LibriSpeech_777,LibriSpeech_777,1,39.32612500208577,maximum_decision_score
1,2320,777-126732-0044,777/126732,LibriSpeech_777,LibriSpeech_777,1,39.32681250380838,maximum_decision_score
1,2321,777-126732-0045,777/126732,LibriSpeech_777,LibriSpeech_777,1,39.32661924912416,maximum_decision_score
4,2322,777-126732-0046,777/126732,LibriSpeech_777,LibriSpeech_777,1,39.325462177943606,maximum_decision_score
5,2323,777-126732-0047,777/126732,LibriSpeech_777,LibriSpeech_777,1,39.325489386647455,maximum_decision_score
3,2324,777-126732-0048,777/126732,LibriSpeech_777,LibriSpeech_777,1,39.32629765691426,maximum_decision_score
2,2325,777-126732-0049,777/126732,LibriSpeech_777,LibriSpeech_777,1,39.32495408888946,maximum_decision_score
5,2326,777-126732-0050,777/126732,LibriSpeech_777,LibriSpeech_777,1,39.32635943293423,maximum_decision_score
2,2327,777-126732-0051,777/126732,LibriSpeech_777,LibriSpeech_777,1,39.32660108759239,maximum_decision_score
2,2328,777-126732-0052,777/126732,LibriSpeech_777,LibriSpeech_777,1,39.326865528803786,maximum_decision_score
5,2329,777-126732-0053,777/126732,LibriSpeech_777,LibriSpeech_777,1,39.32671108192854,maximum_decision_score
5,2330,777-126732-0054,777/126732,LibriSpeech_777,LibriSpeech_777,1,39.32640359111486,maximum_decision_score
3,2331,777-126732-0055,777/126732,LibriSpeech_777,LibriSpeech_777,1,39.326012102562856,maximum_decision_score
5,2332,777-126732-0056,777/126732,LibriSpeech_777,LibriSpeech_777,1,39.326766527196504,maximum_decision_score
4,2333,777-126732-0057,777/126732,LibriSpeech_777,LibriSpeech_777,1,39.32665632090239,maximum_decision_score
2,2334,777-126732-0058,777/126732,LibriSpeech_777,LibriSpeech_777,1,39.326051185222234,maximum_decision_score
3,2335,777-126732-0059,777/126732,LibriSpeech_777,LibriSpeech_777,1,39.32577848833916,maximum_decision_score
1,2336,777-126732-0060,777/126732,LibriSpeech_777,LibriSpeech_777,1,39.326904325901,maximum_decision_score
3,2337,777-126732-0061,777/126732,LibriSpeech_777,LibriSpeech_777,1,39.32544709379456,maximum_decision_score
2,2338,777-126732-0062,777/126732,LibriSpeech_777,LibriSpeech_777,1,39.32322823680111,maximum_decision_score
3,2339,777-126732-0063,777/126732,LibriSpeech_777,LibriSpeech_777,1,39.325923765620736,maximum_decision_score
2,2340,777-126732-0064,777/126732,LibriSpeech_777,LibriSpeech_777,1,39.32666785086004,maximum_decision_score
1,2341,777-126732-0065,777/126732,LibriSpeech_777,LibriSpeech_777,1,39.3264023255291,maximum_decision_score
4,2342,777-126732-0066,777/126732,LibriSpeech_777,LibriSpeech_777,1,39.325436256440994,maximum_decision_score
3,2343,777-126732-0067,777/126732,LibriSpeech_777,LibriSpeech_777,1,39.326356800505906,maximum_decision_score
5,2344,777-126732-0068,777/126732,LibriSpeech_777,LibriSpeech_777,1,39.325548845430085,maximum_decision_score
1,2345,777-126732-0069,777/126732,LibriSpeech_777,LibriSpeech_777,1,39.32572540920644,maximum_decision_score
4,2346,777-126732-0070,777/126732,LibriSpeech_777,LibriSpeech_777,1,39.32557241548271,maximum_decision_score
3,2347,777-126732-0071,777/126732,LibriSpeech_777,LibriSpeech_777,1,39.32570167935577,maximum_decision_score
2,2348,777-126732-0072,777/126732,LibriSpeech_777,LibriSpeech_777,1,39.32470168252159,maximum_decision_score
1,2349,777-126732-0073,777/126732,LibriSpeech_777,LibriSpeech_777,1,39.32507812100257,maximum_decision_score
1,2350,777-126732-0074,777/126732,LibriSpeech_777,LibriSpeech_777,1,39.32629990933173,maximum_decision_score
5,2351,777-126732-0075,777/126732,LibriSpeech_777,LibriSpeech_777,1,39.32570022263465,maximum_decision_score
1,2352,777-126732-0076,777/126732,LibriSpeech_777,LibriSpeech_777,1,39.325559357480365,maximum_decision_score
2,2353,777-126732-0077,777/126732,LibriSpeech_777,LibriSpeech_777,1,39.32544418082725,maximum_decision_score
1,2354,777-126732-0078,777/126732,LibriSpeech_777,LibriSpeech_777,1,39.32654237813342,maximum_decision_score
5,2355,777-126732-0079,777/126732,LibriSpeech_777,LibriSpeech_777,1,39.32618474714287,maximum_decision_score
2,2356,777-126732-0080,777/126732,LibriSpeech_777,LibriSpeech_777,1,39.32611676853054,maximum_decision_score
3,2357,777-126732-0081,777/126732,LibriSpeech_777,LibriSpeech_777,1,39.32228384426672,maximum_decision_score
2,2358,7850-111771-0000,7850/111771,LibriSpeech_7850,LibriSpeech_7850,1,39.3266563144761,maximum_decision_score
5,2359,7850-111771-0001,7850/111771,LibriSpeech_7850,LibriSpeech_7850,1,39.32606360474556,maximum_decision_score
1,2360,7850-111771-0002,7850/111771,LibriSpeech_7850,LibriSpeech_7850,1,39.32698346966152,maximum_decision_score
4,2361,7850-111771-0003,7850/111771,LibriSpeech_7850,LibriSpeech_7850,1,39.325605547371985,maximum_decision_score
4,2362,7850-111771-0004,7850/111771,LibriSpeech_7850,LibriSpeech_7850,1,39.325307442642185,maximum_decision_score
5,2363,7850-111771-0005,7850/111771,LibriSpeech_7850,LibriSpeech_7850,1,39.3262599495941,maximum_decision_score
3,2364,7850-111771-0006,7850/111771,LibriSpeech_7850,LibriSpeech_7850,1,39.32564130734224,maximum_decision_score
4,2365,7850-111771-0007,7850/111771,LibriSpeech_7850,LibriSpeech_7850,1,39.324925060607704,maximum_decision_score
4,2366,7850-111771-0008,7850/111771,LibriSpeech_7850,LibriSpeech_7850,1,39.32533651728555,maximum_decision_score
4,2367,7850-111771-0009,7850/111771,LibriSpeech_7850,LibriSpeech_7850,1,39.32580074241011,maximum_decision_score
3,2368,7850-281318-0000,7850/281318,LibriSpeech_7850,LibriSpeech_7850,1,39.32583464206753,maximum_decision_score
5,2369,7850-281318-0001,7850/281318,LibriSpeech_7850,LibriSpeech_7850,1,39.32573231482876,maximum_decision_score
1,2370,7850-281318-0002,7850/281318,LibriSpeech_7850,LibriSpeech_7850,1,39.32657871281444,maximum_decision_score
3,2371,7850-281318-0003,7850/281318,LibriSpeech_7850,LibriSpeech_7850,1,39.32436952098711,maximum_decision_score
1,2372,7850-281318-0004,7850/281318,LibriSpeech_7850,LibriSpeech_7850,1,39.32591173500379,maximum_decision_score
1,2373,7850-281318-0005,7850/281318,LibriSpeech_7850,LibriSpeech_7850,1,39.326933292108805,maximum_decision_score
2,2374,7850-281318-0006,7850/281318,LibriSpeech_7850,LibriSpeech_7850,1,39.327351157482155,maximum_decision_score
2,2375,7850-281318-0007,7850/281318,LibriSpeech_7850,LibriSpeech_7850,1,39.32652129726132,maximum_decision_score
5,2376,7850-281318-0008,7850/281318,LibriSpeech_7850,LibriSpeech_7850,1,39.32621730897016,maximum_decision_score
5,2377,7850-281318-0009,7850/281318,LibriSpeech_7850,LibriSpeech_7850,1,39.32690038083564,maximum_decision_score
2,2378,7850-281318-0010,7850/281318,LibriSpeech_7850,LibriSpeech_7850,1,39.326700961990305,maximum_decision_score
3,2379,7850-281318-0011,7850/281318,LibriSpeech_7850,LibriSpeech_7850,1,39.32696167804421,maximum_decision_score
3,2380,7850-281318-0012,7850/281318,LibriSpeech_7850,LibriSpeech_7850,1,39.325828834623834,maximum_decision_score
2,2381,7850-281318-0013,7850/281318,LibriSpeech_7850,LibriSpeech_7850,1,39.326144277416105,maximum_decision_score
1,2382,7850-281318-0014,7850/281318,LibriSpeech_7850,LibriSpeech_7850,1,39.32717807536099,maximum_decision_score
5,2383,7850-281318-0015,7850/281318,LibriSpeech_7850,LibriSpeech_7850,1,39.3255195307097,maximum_decision_score
3,2384,7850-281318-0016,7850/281318,LibriSpeech_7850,LibriSpeech_7850,1,39.32654757646456,maximum_decision_score
2,2385,7850-281318-0017,7850/281318,LibriSpeech_7850,LibriSpeech_7850,1,39.32622181802771,maximum_decision_score
5,2386,7850-281318-0018,7850/281318,LibriSpeech_7850,LibriSpeech_7850,1,39.32551565133406,maximum_decision_score
4,2387,7850-281318-0019,7850/281318,LibriSpeech_7850,LibriSpeech_7850,1,39.32642040745309,maximum_decision_score
1,2388,7850-281318-0020,7850/281318,LibriSpeech_7850,LibriSpeech_7850,1,39.325026036560885,maximum_decision_score
5,2389,7850-281318-0021,7850/281318,LibriSpeech_7850,LibriSpeech_7850,1,39.32678749106711,maximum_decision_score
1,2390,7850-281318-0022,7850/281318,LibriSpeech_7850,LibriSpeech_7850,1,39.32623749782145,maximum_decision_score
1,2391,7850-281318-0023,7850/281318,LibriSpeech_7850,LibriSpeech_7850,1,39.32697253320871,maximum_decision_score
2,2392,7850-286674-0000,7850/286674,LibriSpeech_7850,LibriSpeech_7850,1,39.32686271486324,maximum_decision_score
2,2393,7850-286674-0001,7850/286674,LibriSpeech_7850,LibriSpeech_7850,1,39.323358597757995,maximum_decision_score
3,2394,7850-286674-0002,7850/286674,LibriSpeech_7850,LibriSpeech_7850,1,39.32673137042934,maximum_decision_score
2,2395,7850-286674-0003,7850/286674,LibriSpeech_7850,LibriSpeech_7850,1,39.32629325309827,maximum_decision_score
4,2396,7850-286674-0004,7850/286674,LibriSpeech_7850,LibriSpeech_7850,1,39.32692383566505,maximum_decision_score
1,2397,7850-286674-0005,7850/286674,LibriSpeech_7850,LibriSpeech_7850,1,39.3271429566507,maximum_decision_score
5,2398,7850-286674-0006,7850/286674,LibriSpeech_7850,LibriSpeech_7850,1,39.324071176117535,maximum_decision_score
5,2399,7850-286674-0007,7850/286674,LibriSpeech_7850,LibriSpeech_7850,1,39.32511741022518,maximum_decision_score
3,2400,7850-286674-0008,7850/286674,LibriSpeech_7850,LibriSpeech_7850,1,39.32533304013244,maximum_decision_score
3,2401,7850-286674-0009,7850/286674,LibriSpeech_7850,LibriSpeech_7850,1,39.32676781708472,maximum_decision_score
5,2402,7850-286674-0010,7850/286674,LibriSpeech_7850,LibriSpeech_7850,1,39.3256029287794,maximum_decision_score
2,2403,7850-286674-0011,7850/286674,LibriSpeech_7850,LibriSpeech_7850,1,39.32654826306133,maximum_decision_score
5,2404,7850-286674-0012,7850/286674,LibriSpeech_7850,LibriSpeech_7850,1,39.324114525689765,maximum_decision_score
5,2405,7850-286674-0013,7850/286674,LibriSpeech_7850,LibriSpeech_7850,1,39.323675988369914,maximum_decision_score
5,2406,7850-286674-0014,7850/286674,LibriSpeech_7850,LibriSpeech_7850,1,39.325878612523944,maximum_decision_score
2,2407,7850-286674-0015,7850/286674,LibriSpeech_7850,LibriSpeech_7850,1,39.326607326578966,maximum_decision_score
4,2408,7850-286674-0016,7850/286674,LibriSpeech_7850,LibriSpeech_7850,1,39.326104266830434,maximum_decision_score
1,2409,7850-286674-0017,7850/286674,LibriSpeech_7850,LibriSpeech_7850,1,39.323393971032914,maximum_decision_score
3,2410,7850-73752-0000,7850/73752,LibriSpeech_7850,LibriSpeech_7850,1,39.32577303594709,maximum_decision_score
3,2411,7850-73752-0001,7850/73752,LibriSpeech_7850,LibriSpeech_7850,1,39.32642481506344,maximum_decision_score
1,2412,7850-73752-0002,7850/73752,LibriSpeech_7850,LibriSpeech_7850,1,39.3264707115153,maximum_decision_score
4,2413,7850-73752-0003,7850/73752,LibriSpeech_7850,LibriSpeech_7850,1,39.326296705549446,maximum_decision_score
4,2414,7850-73752-0004,7850/73752,LibriSpeech_7850,LibriSpeech_7850,1,39.32554661346043,maximum_decision_score
1,2415,7850-73752-0005,7850/73752,LibriSpeech_7850,LibriSpeech_7850,1,39.326008644801774,maximum_decision_score
1,2416,7850-73752-0006,7850/73752,LibriSpeech_7850,LibriSpeech_7850,1,39.32578837556945,maximum_decision_score
4,2417,7850-73752-0007,7850/73752,LibriSpeech_7850,LibriSpeech_7850,1,39.32643860193948,maximum_decision_score
1,2418,7850-73752-0008,7850/73752,LibriSpeech_7850,LibriSpeech_7850,1,39.32623561492465,maximum_decision_score
1,2419,7850-73752-0009,7850/73752,LibriSpeech_7850,LibriSpeech_7850,1,39.32640086508928,maximum_decision_score
4,2420,7850-73752-0010,7850/73752,LibriSpeech_7850,LibriSpeech_7850,1,39.32603666777919,maximum_decision_score
2,2421,7850-73752-0011,7850/73752,LibriSpeech_7850,LibriSpeech_7850,1,39.32532313492208,maximum_decision_score
2,2422,7850-73752-0012,7850/73752,LibriSpeech_7850,LibriSpeech_7850,1,39.32466778301482,maximum_decision_score
3,2423,7850-73752-0013,7850/73752,LibriSpeech_7850,LibriSpeech_7850,1,39.32590583131744,maximum_decision_score
3,2424,7850-73752-0014,7850/73752,LibriSpeech_7850,LibriSpeech_7850,1,39.325479424003895,maximum_decision_score
4,2425,7850-73752-0015,7850/73752,LibriSpeech_7850,LibriSpeech_7850,1,39.32577009858738,maximum_decision_score
2,2426,7850-73752-0016,7850/73752,LibriSpeech_7850,LibriSpeech_7850,1,39.325211804102885,maximum_decision_score
3,2427,7850-73752-0017,7850/73752,LibriSpeech_7850,LibriSpeech_7850,1,39.324866599585135,maximum_decision_score
4,2428,7850-73752-0018,7850/73752,LibriSpeech_7850,LibriSpeech_7850,1,39.32618928573818,maximum_decision_score
2,2429,7850-73752-0019,7850/73752,LibriSpeech_7850,LibriSpeech_7850,1,39.3239742020957,maximum_decision_score
5,2430,7976-105575-0000,7976/105575,LibriSpeech_7976,LibriSpeech_7976,1,39.326500266959165,maximum_decision_score
5,2431,7976-105575-0001,7976/105575,LibriSpeech_7976,LibriSpeech_7976,1,39.32570478282863,maximum_decision_score
2,2432,7976-105575-0002,7976/105575,LibriSpeech_7976,LibriSpeech_7976,1,39.326276514927514,maximum_decision_score
1,2433,7976-105575-0003,7976/105575,LibriSpeech_7976,LibriSpeech_7976,1,39.326211444178654,maximum_decision_score
5,2434,7976-105575-0004,7976/105575,LibriSpeech_7976,LibriSpeech_7976,1,39.32408002926866,maximum_decision_score
2,2435,7976-105575-0005,7976/105575,LibriSpeech_7976,LibriSpeech_7976,1,39.326489987015336,maximum_decision_score
3,2436,7976-105575-0006,7976/105575,LibriSpeech_7976,LibriSpeech_7976,1,39.32698178869947,maximum_decision_score
1,2437,7976-105575-0007,7976/105575,LibriSpeech_7976,LibriSpeech_7976,1,39.32657387131504,maximum_decision_score
4,2438,7976-105575-0008,7976/105575,LibriSpeech_7976,LibriSpeech_7976,1,39.32685324941103,maximum_decision_score
2,2439,7976-105575-0009,7976/105575,LibriSpeech_7976,LibriSpeech_7976,1,39.32501201206107,maximum_decision_score
1,2440,7976-105575-0010,7976/105575,LibriSpeech_7976,LibriSpeech_7976,1,39.32658050204609,maximum_decision_score
2,2441,7976-105575-0011,7976/105575,LibriSpeech_7976,LibriSpeech_7976,1,39.325660421317,maximum_decision_score
4,2442,7976-105575-0012,7976/105575,LibriSpeech_7976,LibriSpeech_7976,1,39.32576520247973,maximum_decision_score
4,2443,7976-105575-0013,7976/105575,LibriSpeech_7976,LibriSpeech_7976,1,39.32600501141986,maximum_decision_score
2,2444,7976-105575-0014,7976/105575,LibriSpeech_7976,LibriSpeech_7976,1,39.32613986184772,maximum_decision_score
3,2445,7976-105575-0015,7976/105575,LibriSpeech_7976,LibriSpeech_7976,1,39.32629579526653,maximum_decision_score
1,2446,7976-105575-0016,7976/105575,LibriSpeech_7976,LibriSpeech_7976,1,39.32701663882766,maximum_decision_score
1,2447,7976-105575-0017,7976/105575,LibriSpeech_7976,LibriSpeech_7976,1,39.326469763847186,maximum_decision_score
4,2448,7976-105575-0018,7976/105575,LibriSpeech_7976,LibriSpeech_7976,1,39.32652719811463,maximum_decision_score
2,2449,7976-105575-0019,7976/105575,LibriSpeech_7976,LibriSpeech_7976,1,39.32613002774019,maximum_decision_score
4,2450,7976-105575-0020,7976/105575,LibriSpeech_7976,LibriSpeech_7976,1,39.32582698233342,maximum_decision_score
4,2451,7976-105575-0021,7976/105575,LibriSpeech_7976,LibriSpeech_7976,1,39.3268027920214,maximum_decision_score
4,2452,7976-105575-0022,7976/105575,LibriSpeech_7976,LibriSpeech_7976,1,39.325558646966655,maximum_decision_score
5,2453,7976-105575-0023,7976/105575,LibriSpeech_7976,LibriSpeech_7976,1,39.32454925642267,maximum_decision_score
1,2454,7976-105575-0024,7976/105575,LibriSpeech_7976,LibriSpeech_7976,1,39.32659014209483,maximum_decision_score
1,2455,7976-105575-0025,7976/105575,LibriSpeech_7976,LibriSpeech_7976,1,39.32644501539331,maximum_decision_score
2,2456,7976-105575-0026,7976/105575,LibriSpeech_7976,LibriSpeech_7976,1,39.32540706623545,maximum_decision_score
3,2457,7976-105575-0027,7976/105575,LibriSpeech_7976,LibriSpeech_7976,1,39.325932541332314,maximum_decision_score
5,2458,7976-105575-0028,7976/105575,LibriSpeech_7976,LibriSpeech_7976,1,39.32693341804941,maximum_decision_score
2,2459,7976-105575-0029,7976/105575,LibriSpeech_7976,LibriSpeech_7976,1,39.32611511610047,maximum_decision_score
2,2460,7976-110124-0000,7976/110124,LibriSpeech_7976,LibriSpeech_7976,1,39.325724153979955,maximum_decision_score
1,2461,7976-110124-0001,7976/110124,LibriSpeech_7976,LibriSpeech_7976,1,39.32614197755063,maximum_decision_score
4,2462,7976-110124-0002,7976/110124,LibriSpeech_7976,LibriSpeech_7976,1,39.32614488745853,maximum_decision_score
5,2463,7976-110124-0003,7976/110124,LibriSpeech_7976,LibriSpeech_7976,1,39.326868382618066,maximum_decision_score
3,2464,7976-110124-0004,7976/110124,LibriSpeech_7976,LibriSpeech_7976,1,39.32436357265029,maximum_decision_score
2,2465,7976-110124-0005,7976/110124,LibriSpeech_7976,LibriSpeech_7976,1,39.324455503042444,maximum_decision_score
2,2466,7976-110124-0006,7976/110124,LibriSpeech_7976,LibriSpeech_7976,1,39.32625500377978,maximum_decision_score
1,2467,7976-110124-0007,7976/110124,LibriSpeech_7976,LibriSpeech_7976,1,39.323464400491055,maximum_decision_score
5,2468,7976-110124-0008,7976/110124,LibriSpeech_7976,LibriSpeech_7976,1,39.326078578248236,maximum_decision_score
5,2469,7976-110124-0009,7976/110124,LibriSpeech_7976,LibriSpeech_7976,1,39.32561053135495,maximum_decision_score
1,2470,7976-110124-0010,7976/110124,LibriSpeech_7976,LibriSpeech_7976,1,39.32633484392016,maximum_decision_score
2,2471,7976-110124-0011,7976/110124,LibriSpeech_7976,LibriSpeech_7976,1,39.3256879357926,maximum_decision_score
5,2472,7976-110124-0012,7976/110124,LibriSpeech_7976,LibriSpeech_7976,1,39.32662745623293,maximum_decision_score
5,2473,7976-110124-0013,7976/110124,LibriSpeech_7976,LibriSpeech_7976,1,39.326261634292955,maximum_decision_score
1,2474,7976-110124-0014,7976/110124,LibriSpeech_7976,LibriSpeech_7976,1,39.3261971758283,maximum_decision_score
4,2475,7976-110124-0015,7976/110124,LibriSpeech_7976,LibriSpeech_7976,1,39.326598612466704,maximum_decision_score
3,2476,7976-110124-0016,7976/110124,LibriSpeech_7976,LibriSpeech_7976,1,39.32625487696887,maximum_decision_score
5,2477,7976-110124-0017,7976/110124,LibriSpeech_7976,LibriSpeech_7976,1,39.32559485778294,maximum_decision_score
3,2478,7976-110124-0018,7976/110124,LibriSpeech_7976,LibriSpeech_7976,1,39.32616499051319,maximum_decision_score
3,2479,7976-110124-0019,7976/110124,LibriSpeech_7976,LibriSpeech_7976,1,39.3259532846457,maximum_decision_score
3,2480,7976-110124-0020,7976/110124,LibriSpeech_7976,LibriSpeech_7976,1,39.32603948005271,maximum_decision_score
3,2481,7976-110124-0021,7976/110124,LibriSpeech_7976,LibriSpeech_7976,1,39.32578323962691,maximum_decision_score
3,2482,7976-110124-0022,7976/110124,LibriSpeech_7976,LibriSpeech_7976,1,39.32587993731095,maximum_decision_score
3,2483,7976-110124-0023,7976/110124,LibriSpeech_7976,LibriSpeech_7976,1,39.32604849166283,maximum_decision_score
1,2484,7976-110124-0024,7976/110124,LibriSpeech_7976,LibriSpeech_7976,1,39.32709335180672,maximum_decision_score
3,2485,7976-110124-0025,7976/110124,LibriSpeech_7976,LibriSpeech_7976,1,39.32529518188536,maximum_decision_score
4,2486,7976-110523-0000,7976/110523,LibriSpeech_7976,LibriSpeech_7976,1,39.32626844049302,maximum_decision_score
5,2487,7976-110523-0001,7976/110523,LibriSpeech_7976,LibriSpeech_7976,1,39.32392708498632,maximum_decision_score
4,2488,7976-110523-0002,7976/110523,LibriSpeech_7976,LibriSpeech_7976,1,39.32520084231332,maximum_decision_score
4,2489,7976-110523-0003,7976/110523,LibriSpeech_7976,LibriSpeech_7976,1,39.32606583773049,maximum_decision_score
4,2490,7976-110523-0004,7976/110523,LibriSpeech_7976,LibriSpeech_7976,1,39.32593781552096,maximum_decision_score
4,2491,7976-110523-0005,7976/110523,LibriSpeech_7976,LibriSpeech_7976,1,39.32625688593987,maximum_decision_score
1,2492,7976-110523-0006,7976/110523,LibriSpeech_7976,LibriSpeech_7976,1,39.326663693755314,maximum_decision_score
1,2493,7976-110523-0007,7976/110523,LibriSpeech_7976,LibriSpeech_7976,1,39.32499503191328,maximum_decision_score
2,2494,7976-110523-0008,7976/110523,LibriSpeech_7976,LibriSpeech_7976,1,39.32569834541763,maximum_decision_score
1,2495,7976-110523-0009,7976/110523,LibriSpeech_7976,LibriSpeech_7976,1,39.32623827148377,maximum_decision_score
3,2496,7976-110523-0010,7976/110523,LibriSpeech_7976,LibriSpeech_7976,1,39.32656266849632,maximum_decision_score
3,2497,7976-110523-0011,7976/110523,LibriSpeech_7976,LibriSpeech_7976,1,39.32656973860964,maximum_decision_score
5,2498,7976-110523-0012,7976/110523,LibriSpeech_7976,LibriSpeech_7976,1,39.32539483231019,maximum_decision_score
3,2499,7976-110523-0013,7976/110523,LibriSpeech_7976,LibriSpeech_7976,1,39.32581656604849,maximum_decision_score
4,2500,7976-110523-0014,7976/110523,LibriSpeech_7976,LibriSpeech_7976,1,39.32529221936528,maximum_decision_score
2,2501,7976-110523-0015,7976/110523,LibriSpeech_7976,LibriSpeech_7976,1,39.32541053331802,maximum_decision_score
4,2502,7976-110523-0016,7976/110523,LibriSpeech_7976,LibriSpeech_7976,1,39.32545881171261,maximum_decision_score
5,2503,7976-110523-0017,7976/110523,LibriSpeech_7976,LibriSpeech_7976,1,39.32523616525012,maximum_decision_score
3,2504,7976-110523-0018,7976/110523,LibriSpeech_7976,LibriSpeech_7976,1,39.324597298050634,maximum_decision_score
2,2505,7976-110523-0019,7976/110523,LibriSpeech_7976,LibriSpeech_7976,1,39.32578276682828,maximum_decision_score
2,2506,7976-110523-0020,7976/110523,LibriSpeech_7976,LibriSpeech_7976,1,39.3255846246971,maximum_decision_score
5,2507,7976-110523-0021,7976/110523,LibriSpeech_7976,LibriSpeech_7976,1,39.3261729484854,maximum_decision_score
5,2508,8297-275154-0000,8297/275154,LibriSpeech_8297,LibriSpeech_8297,1,39.325586520264594,maximum_decision_score
4,2509,8297-275154-0001,8297/275154,LibriSpeech_8297,LibriSpeech_8297,1,39.325619770092764,maximum_decision_score
2,2510,8297-275154-0002,8297/275154,LibriSpeech_8297,LibriSpeech_8297,1,39.325816231814045,maximum_decision_score
5,2511,8297-275154-0003,8297/275154,LibriSpeech_8297,LibriSpeech_8297,1,39.326117351156064,maximum_decision_score
5,2512,8297-275154-0004,8297/275154,LibriSpeech_8297,LibriSpeech_8297,1,39.325977475530735,maximum_decision_score
4,2513,8297-275154-0005,8297/275154,LibriSpeech_8297,LibriSpeech_8297,1,39.3271887307458,maximum_decision_score
2,2514,8297-275154-0006,8297/275154,LibriSpeech_8297,LibriSpeech_8297,1,39.32606288900798,maximum_decision_score
3,2515,8297-275154-0007,8297/275154,LibriSpeech_8297,LibriSpeech_8297,1,39.3254221249593,maximum_decision_score
3,2516,8297-275154-0008,8297/275154,LibriSpeech_8297,LibriSpeech_8297,1,39.32673236449236,maximum_decision_score
4,2517,8297-275154-0009,8297/275154,LibriSpeech_8297,LibriSpeech_8297,1,39.32370604185468,maximum_decision_score
1,2518,8297-275154-0010,8297/275154,LibriSpeech_8297,LibriSpeech_8297,1,39.326080620572824,maximum_decision_score
3,2519,8297-275154-0011,8297/275154,LibriSpeech_8297,LibriSpeech_8297,1,39.32651809276456,maximum_decision_score
3,2520,8297-275154-0012,8297/275154,LibriSpeech_8297,LibriSpeech_8297,1,39.32497753583902,maximum_decision_score
5,2521,8297-275154-0013,8297/275154,LibriSpeech_8297,LibriSpeech_8297,1,39.32538443854139,maximum_decision_score
5,2522,8297-275154-0014,8297/275154,LibriSpeech_8297,LibriSpeech_8297,1,39.32616786106463,maximum_decision_score
4,2523,8297-275154-0015,8297/275154,LibriSpeech_8297,LibriSpeech_8297,1,39.324531416225064,maximum_decision_score
4,2524,8297-275154-0016,8297/275154,LibriSpeech_8297,LibriSpeech_8297,1,39.325825752056176,maximum_decision_score
4,2525,8297-275154-0017,8297/275154,LibriSpeech_8297,LibriSpeech_8297,1,39.325775070940935,maximum_decision_score
3,2526,8297-275154-0018,8297/275154,LibriSpeech_8297,LibriSpeech_8297,1,39.32552427452544,maximum_decision_score
5,2527,8297-275154-0019,8297/275154,LibriSpeech_8297,LibriSpeech_8297,1,39.32580573874699,maximum_decision_score
5,2528,8297-275154-0020,8297/275154,LibriSpeech_8297,LibriSpeech_8297,1,39.3267721790381,maximum_decision_score
1,2529,8297-275154-0021,8297/275154,LibriSpeech_8297,LibriSpeech_8297,1,39.32665290218831,maximum_decision_score
3,2530,8297-275154-0022,8297/275154,LibriSpeech_8297,LibriSpeech_8297,1,39.32208719591733,maximum_decision_score
3,2531,8297-275154-0023,8297/275154,LibriSpeech_8297,LibriSpeech_8297,1,39.32616344572249,maximum_decision_score
4,2532,8297-275154-0024,8297/275154,LibriSpeech_8297,LibriSpeech_8297,1,39.32469626939688,maximum_decision_score
2,2533,8297-275154-0025,8297/275154,LibriSpeech_8297,LibriSpeech_8297,1,39.32648798958525,maximum_decision_score
1,2534,8297-275154-0026,8297/275154,LibriSpeech_8297,LibriSpeech_8297,1,39.32574566779189,maximum_decision_score
4,2535,8297-275154-0027,8297/275154,LibriSpeech_8297,LibriSpeech_8297,1,39.32633591835117,maximum_decision_score
1,2536,8297-275155-0000,8297/275155,LibriSpeech_8297,LibriSpeech_8297,1,39.32616468210203,maximum_decision_score
4,2537,8297-275155-0001,8297/275155,LibriSpeech_8297,LibriSpeech_8297,1,39.32536216006542,maximum_decision_score
3,2538,8297-275155-0002,8297/275155,LibriSpeech_8297,LibriSpeech_8297,1,39.32510395624811,maximum_decision_score
3,2539,8297-275155-0003,8297/275155,LibriSpeech_8297,LibriSpeech_8297,1,39.32685746943861,maximum_decision_score
1,2540,8297-275155-0004,8297/275155,LibriSpeech_8297,LibriSpeech_8297,1,39.32627203004793,maximum_decision_score
2,2541,8297-275155-0005,8297/275155,LibriSpeech_8297,LibriSpeech_8297,1,39.326331002632934,maximum_decision_score
3,2542,8297-275155-0006,8297/275155,LibriSpeech_8297,LibriSpeech_8297,1,39.32583679062724,maximum_decision_score
1,2543,8297-275155-0007,8297/275155,LibriSpeech_8297,LibriSpeech_8297,1,39.326290789908796,maximum_decision_score
2,2544,8297-275155-0008,8297/275155,LibriSpeech_8297,LibriSpeech_8297,1,39.32575221304808,maximum_decision_score
1,2545,8297-275155-0009,8297/275155,LibriSpeech_8297,LibriSpeech_8297,1,39.324719973678796,maximum_decision_score
5,2546,8297-275155-0010,8297/275155,LibriSpeech_8297,LibriSpeech_8297,1,39.32640733921965,maximum_decision_score
5,2547,8297-275155-0011,8297/275155,LibriSpeech_8297,LibriSpeech_8297,1,39.32590155031189,maximum_decision_score
1,2548,8297-275155-0012,8297/275155,LibriSpeech_8297,LibriSpeech_8297,1,39.32537748722001,maximum_decision_score
2,2549,8297-275155-0013,8297/275155,LibriSpeech_8297,LibriSpeech_8297,1,39.32528260415091,maximum_decision_score
5,2550,8297-275155-0014,8297/275155,LibriSpeech_8297,LibriSpeech_8297,1,39.325845031028216,maximum_decision_score
4,2551,8297-275155-0015,8297/275155,LibriSpeech_8297,LibriSpeech_8297,1,39.32633630970303,maximum_decision_score
5,2552,8297-275155-0016,8297/275155,LibriSpeech_8297,LibriSpeech_8297,1,39.32551492561628,maximum_decision_score
5,2553,8297-275155-0017,8297/275155,LibriSpeech_8297,LibriSpeech_8297,1,39.325842663713395,maximum_decision_score
2,2554,8297-275155-0018,8297/275155,LibriSpeech_8297,LibriSpeech_8297,1,39.326588343618184,maximum_decision_score
1,2555,8297-275155-0019,8297/275155,LibriSpeech_8297,LibriSpeech_8297,1,39.32738853785347,maximum_decision_score
1,2556,8297-275155-0020,8297/275155,LibriSpeech_8297,LibriSpeech_8297,1,39.32706470076757,maximum_decision_score
2,2557,8297-275155-0021,8297/275155,LibriSpeech_8297,LibriSpeech_8297,1,39.32236194755773,maximum_decision_score
2,2558,8297-275155-0022,8297/275155,LibriSpeech_8297,LibriSpeech_8297,1,39.326579002931844,maximum_decision_score
2,2559,8297-275155-0023,8297/275155,LibriSpeech_8297,LibriSpeech_8297,1,39.32598013069381,maximum_decision_score
2,2560,8297-275155-0024,8297/275155,LibriSpeech_8297,LibriSpeech_8297,1,39.325773032402424,maximum_decision_score
4,2561,8297-275155-0025,8297/275155,LibriSpeech_8297,LibriSpeech_8297,1,39.32495974711597,maximum_decision_score
1,2562,8297-275155-0026,8297/275155,LibriSpeech_8297,LibriSpeech_8297,1,39.32536404122523,maximum_decision_score
2,2563,8297-275155-0027,8297/275155,LibriSpeech_8297,LibriSpeech_8297,1,39.32657813025664,maximum_decision_score
2,2564,8297-275155-0028,8297/275155,LibriSpeech_8297,LibriSpeech_8297,1,39.32429424352351,maximum_decision_score
5,2565,8297-275155-0029,8297/275155,LibriSpeech_8297,LibriSpeech_8297,1,39.3264040786836,maximum_decision_score
1,2566,8297-275155-0030,8297/275155,LibriSpeech_8297,LibriSpeech_8297,1,39.3261923748653,maximum_decision_score
3,2567,8297-275155-0031,8297/275155,LibriSpeech_8297,LibriSpeech_8297,1,39.326631831234266,maximum_decision_score
4,2568,8297-275155-0032,8297/275155,LibriSpeech_8297,LibriSpeech_8297,1,39.326436488184335,maximum_decision_score
3,2569,8297-275156-0000,8297/275156,LibriSpeech_8297,LibriSpeech_8297,1,39.324636592871755,maximum_decision_score
3,2570,8297-275156-0001,8297/275156,LibriSpeech_8297,LibriSpeech_8297,1,39.32690482200831,maximum_decision_score
3,2571,8297-275156-0002,8297/275156,LibriSpeech_8297,LibriSpeech_8297,1,39.32577847800354,maximum_decision_score
4,2572,8297-275156-0003,8297/275156,LibriSpeech_8297,LibriSpeech_8297,1,39.326793951102964,maximum_decision_score
1,2573,8297-275156-0004,8297/275156,LibriSpeech_8297,LibriSpeech_8297,1,39.32616061118122,maximum_decision_score
2,2574,8297-275156-0005,8297/275156,LibriSpeech_8297,LibriSpeech_8297,1,39.32587234569424,maximum_decision_score
4,2575,8297-275156-0006,8297/275156,LibriSpeech_8297,LibriSpeech_8297,1,39.327242226404344,maximum_decision_score
5,2576,8297-275156-0007,8297/275156,LibriSpeech_8297,LibriSpeech_8297,1,39.3267568896839,maximum_decision_score
4,2577,8297-275156-0008,8297/275156,LibriSpeech_8297,LibriSpeech_8297,1,39.32649777930803,maximum_decision_score
2,2578,8297-275156-0009,8297/275156,LibriSpeech_8297,LibriSpeech_8297,1,39.32699110130984,maximum_decision_score
5,2579,8297-275156-0010,8297/275156,LibriSpeech_8297,LibriSpeech_8297,1,39.32565349822826,maximum_decision_score
1,2580,8297-275156-0011,8297/275156,LibriSpeech_8297,LibriSpeech_8297,1,39.32683380013543,maximum_decision_score
3,2581,8297-275156-0012,8297/275156,LibriSpeech_8297,LibriSpeech_8297,1,39.32625894713724,maximum_decision_score
1,2582,8297-275156-0013,8297/275156,LibriSpeech_8297,LibriSpeech_8297,1,39.32637584881982,maximum_decision_score
3,2583,84-121123-0000,84/121123,LibriSpeech_84,LibriSpeech_84,1,39.3221147850787,maximum_decision_score
5,2584,84-121123-0001,84/121123,LibriSpeech_84,LibriSpeech_84,1,39.326755743350134,maximum_decision_score
1,2585,84-121123-0002,84/121123,LibriSpeech_84,LibriSpeech_84,1,39.325672917813634,maximum_decision_score
2,2586,84-121123-0003,84/121123,LibriSpeech_84,LibriSpeech_84,1,39.326302415154245,maximum_decision_score
5,2587,84-121123-0004,84/121123,LibriSpeech_84,LibriSpeech_84,1,39.326579853298306,maximum_decision_score
2,2588,84-121123-0005,84/121123,LibriSpeech_84,LibriSpeech_84,1,39.32598243471117,maximum_decision_score
5,2589,84-121123-0006,84/121123,LibriSpeech_84,LibriSpeech_84,1,39.32608522801961,maximum_decision_score
1,2590,84-121123-0007,84/121123,LibriSpeech_84,LibriSpeech_84,1,39.323644255087395,maximum_decision_score
5,2591,84-121123-0008,84/121123,LibriSpeech_84,LibriSpeech_84,1,39.32420900128543,maximum_decision_score
3,2592,84-121123-0009,84/121123,LibriSpeech_84,LibriSpeech_84,1,39.325825132558904,maximum_decision_score
4,2593,84-121123-0010,84/121123,LibriSpeech_84,LibriSpeech_84,1,39.325903899605116,maximum_decision_score
4,2594,84-121123-0011,84/121123,LibriSpeech_84,LibriSpeech_84,1,39.3260804370151,maximum_decision_score
3,2595,84-121123-0012,84/121123,LibriSpeech_84,LibriSpeech_84,1,39.326275849275376,maximum_decision_score
5,2596,84-121123-0013,84/121123,LibriSpeech_84,LibriSpeech_84,1,39.32321009229993,maximum_decision_score
1,2597,84-121123-0014,84/121123,LibriSpeech_84,LibriSpeech_84,1,39.317809179105886,maximum_decision_score
4,2598,84-121123-0015,84/121123,LibriSpeech_84,LibriSpeech_84,1,39.32502670014568,maximum_decision_score
2,2599,84-121123-0016,84/121123,LibriSpeech_84,LibriSpeech_84,1,39.32466401211515,maximum_decision_score
2,2600,84-121123-0017,84/121123,LibriSpeech_84,LibriSpeech_84,1,39.32473090591422,maximum_decision_score
3,2601,84-121123-0018,84/121123,LibriSpeech_84,LibriSpeech_84,1,39.32704129501882,maximum_decision_score
4,2602,84-121123-0019,84/121123,LibriSpeech_84,LibriSpeech_84,1,39.32646436783838,maximum_decision_score
5,2603,84-121123-0020,84/121123,LibriSpeech_84,LibriSpeech_84,1,39.32651430114659,maximum_decision_score
5,2604,84-121123-0021,84/121123,LibriSpeech_84,LibriSpeech_84,1,39.32616122284996,maximum_decision_score
3,2605,84-121123-0022,84/121123,LibriSpeech_84,LibriSpeech_84,1,39.325705686545014,maximum_decision_score
5,2606,84-121123-0023,84/121123,LibriSpeech_84,LibriSpeech_84,1,39.326452507802955,maximum_decision_score
3,2607,84-121123-0024,84/121123,LibriSpeech_84,LibriSpeech_84,1,39.326244164135964,maximum_decision_score
4,2608,84-121123-0025,84/121123,LibriSpeech_84,LibriSpeech_84,1,39.32587865871106,maximum_decision_score
4,2609,84-121123-0026,84/121123,LibriSpeech_84,LibriSpeech_84,1,39.326117366194644,maximum_decision_score
3,2610,84-121123-0027,84/121123,LibriSpeech_84,LibriSpeech_84,1,39.32660269078527,maximum_decision_score
4,2611,84-121123-0028,84/121123,LibriSpeech_84,LibriSpeech_84,1,39.32549753214067,maximum_decision_score
4,2612,84-121550-0000,84/121550,LibriSpeech_84,LibriSpeech_84,1,39.32627314729505,maximum_decision_score
3,2613,84-121550-0001,84/121550,LibriSpeech_84,LibriSpeech_84,1,39.32676153498369,maximum_decision_score
2,2614,84-121550-0002,84/121550,LibriSpeech_84,LibriSpeech_84,1,39.32667918395323,maximum_decision_score
2,2615,84-121550-0003,84/121550,LibriSpeech_84,LibriSpeech_84,1,39.326872452657234,maximum_decision_score
1,2616,84-121550-0004,84/121550,LibriSpeech_84,LibriSpeech_84,1,39.32621174087315,maximum_decision_score
2,2617,84-121550-0005,84/121550,LibriSpeech_84,LibriSpeech_84,1,39.32609615039855,maximum_decision_score
3,2618,84-121550-0006,84/121550,LibriSpeech_84,LibriSpeech_84,1,39.3259599404699,maximum_decision_score
3,2619,84-121550-0007,84/121550,LibriSpeech_84,LibriSpeech_84,1,39.32673128890522,maximum_decision_score
5,2620,84-121550-0008,84/121550,LibriSpeech_84,LibriSpeech_84,1,39.326426270959665,maximum_decision_score
3,2621,84-121550-0009,84/121550,LibriSpeech_84,LibriSpeech_84,1,39.32641168982841,maximum_decision_score
5,2622,84-121550-0010,84/121550,LibriSpeech_84,LibriSpeech_84,1,39.32620796036964,maximum_decision_score
1,2623,84-121550-0011,84/121550,LibriSpeech_84,LibriSpeech_84,1,39.32482334928737,maximum_decision_score
2,2624,84-121550-0012,84/121550,LibriSpeech_84,LibriSpeech_84,1,39.32678210178183,maximum_decision_score
5,2625,84-121550-0013,84/121550,LibriSpeech_84,LibriSpeech_84,1,39.32618085303679,maximum_decision_score
4,2626,84-121550-0014,84/121550,LibriSpeech_84,LibriSpeech_84,1,39.326353863545556,maximum_decision_score
1,2627,84-121550-0015,84/121550,LibriSpeech_84,LibriSpeech_84,1,39.325269940963494,maximum_decision_score
2,2628,84-121550-0016,84/121550,LibriSpeech_84,LibriSpeech_84,1,39.32614297386962,maximum_decision_score
1,2629,84-121550-0017,84/121550,LibriSpeech_84,LibriSpeech_84,1,39.32571452853662,maximum_decision_score
2,2630,84-121550-0018,84/121550,LibriSpeech_84,LibriSpeech_84,1,39.32640294663124,maximum_decision_score
4,2631,84-121550-0019,84/121550,LibriSpeech_84,LibriSpeech_84,1,39.32627787297172,maximum_decision_score
5,2632,84-121550-0020,84/121550,LibriSpeech_84,LibriSpeech_84,1,39.32687900319246,maximum_decision_score
1,2633,84-121550-0021,84/121550,LibriSpeech_84,LibriSpeech_84,1,39.32641796366243,maximum_decision_score
1,2634,84-121550-0022,84/121550,LibriSpeech_84,LibriSpeech_84,1,39.32517297766695,maximum_decision_score
2,2635,84-121550-0023,84/121550,LibriSpeech_84,LibriSpeech_84,1,39.325451457597325,maximum_decision_score
1,2636,84-121550-0024,84/121550,LibriSpeech_84,LibriSpeech_84,1,39.326332457921126,maximum_decision_score
4,2637,84-121550-0025,84/121550,LibriSpeech_84,LibriSpeech_84,1,39.32648752365092,maximum_decision_score
4,2638,84-121550-0026,84/121550,LibriSpeech_84,LibriSpeech_84,1,39.3264092889227,maximum_decision_score
1,2639,84-121550-0027,84/121550,LibriSpeech_84,LibriSpeech_84,1,39.32481180333011,maximum_decision_score
2,2640,84-121550-0028,84/121550,LibriSpeech_84,LibriSpeech_84,1,39.32574790451011,maximum_decision_score
3,2641,84-121550-0029,84/121550,LibriSpeech_84,LibriSpeech_84,1,39.3254649736405,maximum_decision_score
1,2642,84-121550-0030,84/121550,LibriSpeech_84,LibriSpeech_84,1,39.32553807113379,maximum_decision_score
4,2643,84-121550-0031,84/121550,LibriSpeech_84,LibriSpeech_84,1,39.326116864114866,maximum_decision_score
3,2644,84-121550-0032,84/121550,LibriSpeech_84,LibriSpeech_84,1,39.32535425351277,maximum_decision_score
1,2645,84-121550-0033,84/121550,LibriSpeech_84,LibriSpeech_84,1,39.325884042169925,maximum_decision_score
2,2646,84-121550-0034,84/121550,LibriSpeech_84,LibriSpeech_84,1,39.32667926118191,maximum_decision_score
5,2647,84-121550-0035,84/121550,LibriSpeech_84,LibriSpeech_84,1,39.325548578660005,maximum_decision_score
3,2648,8842-302196-0000,8842/302196,LibriSpeech_8842,LibriSpeech_8842,1,39.32592429136437,maximum_decision_score
1,2649,8842-302196-0001,8842/302196,LibriSpeech_8842,LibriSpeech_8842,1,39.32585028716529,maximum_decision_score
4,2650,8842-302196-0002,8842/302196,LibriSpeech_8842,LibriSpeech_8842,1,39.325238758083835,maximum_decision_score
1,2651,8842-302196-0003,8842/302196,LibriSpeech_8842,LibriSpeech_8842,1,39.32591572216031,maximum_decision_score
3,2652,8842-302196-0004,8842/302196,LibriSpeech_8842,LibriSpeech_8842,1,39.326222371583974,maximum_decision_score
5,2653,8842-302196-0005,8842/302196,LibriSpeech_8842,LibriSpeech_8842,1,39.32642663703813,maximum_decision_score
1,2654,8842-302196-0006,8842/302196,LibriSpeech_8842,LibriSpeech_8842,1,39.325868117165285,maximum_decision_score
4,2655,8842-302196-0007,8842/302196,LibriSpeech_8842,LibriSpeech_8842,1,39.326207845107405,maximum_decision_score
5,2656,8842-302196-0008,8842/302196,LibriSpeech_8842,LibriSpeech_8842,1,39.32563403390408,maximum_decision_score
5,2657,8842-302196-0009,8842/302196,LibriSpeech_8842,LibriSpeech_8842,1,39.32544632210221,maximum_decision_score
4,2658,8842-302196-0010,8842/302196,LibriSpeech_8842,LibriSpeech_8842,1,39.325627349380355,maximum_decision_score
4,2659,8842-302196-0011,8842/302196,LibriSpeech_8842,LibriSpeech_8842,1,39.323138313006865,maximum_decision_score
1,2660,8842-302196-0012,8842/302196,LibriSpeech_8842,LibriSpeech_8842,1,39.32701627939161,maximum_decision_score
5,2661,8842-302201-0000,8842/302201,LibriSpeech_8842,LibriSpeech_8842,1,39.326485233148986,maximum_decision_score
4,2662,8842-302201-0001,8842/302201,LibriSpeech_8842,LibriSpeech_8842,1,39.32660333654552,maximum_decision_score
5,2663,8842-302201-0002,8842/302201,LibriSpeech_8842,LibriSpeech_8842,1,39.32698083970656,maximum_decision_score
3,2664,8842-302201-0003,8842/302201,LibriSpeech_8842,LibriSpeech_8842,1,39.326799125788746,maximum_decision_score
2,2665,8842-302201-0004,8842/302201,LibriSpeech_8842,LibriSpeech_8842,1,39.32637977386777,maximum_decision_score
3,2666,8842-302201-0005,8842/302201,LibriSpeech_8842,LibriSpeech_8842,1,39.32656842840567,maximum_decision_score
5,2667,8842-302201-0006,8842/302201,LibriSpeech_8842,LibriSpeech_8842,1,39.32579480202252,maximum_decision_score
3,2668,8842-302201-0007,8842/302201,LibriSpeech_8842,LibriSpeech_8842,1,39.32578978930539,maximum_decision_score
1,2669,8842-302201-0008,8842/302201,LibriSpeech_8842,LibriSpeech_8842,1,39.32454715742691,maximum_decision_score
4,2670,8842-302201-0009,8842/302201,LibriSpeech_8842,LibriSpeech_8842,1,39.325819314560704,maximum_decision_score
3,2671,8842-302201-0010,8842/302201,LibriSpeech_8842,LibriSpeech_8842,1,39.323961103970376,maximum_decision_score
2,2672,8842-302201-0011,8842/302201,LibriSpeech_8842,LibriSpeech_8842,1,39.32737760518658,maximum_decision_score
2,2673,8842-302201-0012,8842/302201,LibriSpeech_8842,LibriSpeech_8842,1,39.32641653499142,maximum_decision_score
1,2674,8842-302201-0013,8842/302201,LibriSpeech_8842,LibriSpeech_8842,1,39.32587241799841,maximum_decision_score
5,2675,8842-302201-0014,8842/302201,LibriSpeech_8842,LibriSpeech_8842,1,39.32696961513819,maximum_decision_score
2,2676,8842-302201-0015,8842/302201,LibriSpeech_8842,LibriSpeech_8842,1,39.326319839770974,maximum_decision_score
2,2677,8842-302203-0000,8842/302203,LibriSpeech_8842,LibriSpeech_8842,1,39.32629443448142,maximum_decision_score
5,2678,8842-302203-0001,8842/302203,LibriSpeech_8842,LibriSpeech_8842,1,39.32619189300319,maximum_decision_score
2,2679,8842-302203-0002,8842/302203,LibriSpeech_8842,LibriSpeech_8842,1,39.32598284039646,maximum_decision_score
4,2680,8842-302203-0003,8842/302203,LibriSpeech_8842,LibriSpeech_8842,1,39.32473414946785,maximum_decision_score
4,2681,8842-302203-0004,8842/302203,LibriSpeech_8842,LibriSpeech_8842,1,39.32523735864923,maximum_decision_score
3,2682,8842-302203-0005,8842/302203,LibriSpeech_8842,LibriSpeech_8842,1,39.32609146697144,maximum_decision_score
2,2683,8842-302203-0006,8842/302203,LibriSpeech_8842,LibriSpeech_8842,1,39.325948337002366,maximum_decision_score
4,2684,8842-302203-0007,8842/302203,LibriSpeech_8842,LibriSpeech_8842,1,39.32615989981839,maximum_decision_score
4,2685,8842-302203-0008,8842/302203,LibriSpeech_8842,LibriSpeech_8842,1,39.325677144845166,maximum_decision_score
2,2686,8842-302203-0009,8842/302203,LibriSpeech_8842,LibriSpeech_8842,1,39.32582148574663,maximum_decision_score
1,2687,8842-302203-0010,8842/302203,LibriSpeech_8842,LibriSpeech_8842,1,39.325918876857905,maximum_decision_score
1,2688,8842-302203-0011,8842/302203,LibriSpeech_8842,LibriSpeech_8842,1,39.32568819179759,maximum_decision_score
1,2689,8842-304647-0000,8842/304647,LibriSpeech_8842,LibriSpeech_8842,1,39.3262643348488,maximum_decision_score
3,2690,8842-304647-0001,8842/304647,LibriSpeech_8842,LibriSpeech_8842,1,39.324334862766364,maximum_decision_score
2,2691,8842-304647-0002,8842/304647,LibriSpeech_8842,LibriSpeech_8842,1,39.324701249991534,maximum_decision_score
3,2692,8842-304647-0003,8842/304647,LibriSpeech_8842,LibriSpeech_8842,1,39.32555289307609,maximum_decision_score
1,2693,8842-304647-0004,8842/304647,LibriSpeech_8842,LibriSpeech_8842,1,39.326752906943135,maximum_decision_score
3,2694,8842-304647-0005,8842/304647,LibriSpeech_8842,LibriSpeech_8842,1,39.3214972630335,maximum_decision_score
5,2695,8842-304647-0006,8842/304647,LibriSpeech_8842,LibriSpeech_8842,1,39.326154554624075,maximum_decision_score
3,2696,8842-304647-0007,8842/304647,LibriSpeech_8842,LibriSpeech_8842,1,39.32339840407446,maximum_decision_score
5,2697,8842-304647-0008,8842/304647,LibriSpeech_8842,LibriSpeech_8842,1,39.32579848689478,maximum_decision_score
5,2698,8842-304647-0009,8842/304647,LibriSpeech_8842,LibriSpeech_8842,1,39.325773657375656,maximum_decision_score
2,2699,8842-304647-0010,8842/304647,LibriSpeech_8842,LibriSpeech_8842,1,39.32464136361074,maximum_decision_score
2,2700,8842-304647-0011,8842/304647,LibriSpeech_8842,LibriSpeech_8842,1,39.32494588294066,maximum_decision_score
1,2701,8842-304647-0012,8842/304647,LibriSpeech_8842,LibriSpeech_8842,1,39.32402943975463,maximum_decision_score
4,2702,8842-304647-0013,8842/304647,LibriSpeech_8842,LibriSpeech_8842,1,39.32623817490224,maximum_decision_score
