fold,sample_index,clip_id,source_group,true_label,predicted_label,correct,prediction_score,score_type
4,0,1272-128104-0000,1272/128104,LibriSpeech_1272,LibriSpeech_1272,1,39.32592771572226,maximum_decision_score
1,1,1272-128104-0001,1272/128104,LibriSpeech_1272,LibriSpeech_1272,1,39.32662858939199,maximum_decision_score
4,2,1272-128104-0002,1272/128104,LibriSpeech_1272,LibriSpeech_1272,1,39.325180630807196,maximum_decision_score
2,3,1272-128104-0003,1272/128104,LibriSpeech_1272,LibriSpeech_1272,1,39.325375039562125,maximum_decision_score
5,4,1272-128104-0004,1272/128104,LibriSpeech_1272,LibriSpeech_1272,1,39.32573969932308,maximum_decision_score
5,5,1272-128104-0005,1272/128104,LibriSpeech_1272,LibriSpeech_1272,1,39.325547655662255,maximum_decision_score
4,6,1272-128104-0006,1272/128104,LibriSpeech_1272,LibriSpeech_1272,1,39.32591925514385,maximum_decision_score
4,7,1272-128104-0007,1272/128104,LibriSpeech_1272,LibriSpeech_1272,1,39.32572975778586,maximum_decision_score
3,8,1272-128104-0008,1272/128104,LibriSpeech_1272,LibriSpeech_1272,1,39.32664139752078,maximum_decision_score
1,9,1272-128104-0009,1272/128104,LibriSpeech_1272,LibriSpeech_1272,1,39.325525554740246,maximum_decision_score
5,10,1272-128104-0010,1272/128104,LibriSpeech_1272,LibriSpeech_1272,1,39.326591963364336,maximum_decision_score
2,11,1272-128104-0011,1272/128104,LibriSpeech_1272,LibriSpeech_1272,1,39.32484501195832,maximum_decision_score
1,12,1272-128104-0012,1272/128104,LibriSpeech_1272,LibriSpeech_1272,1,39.32667466138652,maximum_decision_score
4,13,1272-128104-0013,1272/128104,LibriSpeech_1272,LibriSpeech_1272,1,39.32608600916104,maximum_decision_score
3,14,1272-128104-0014,1272/128104,LibriSpeech_1272,LibriSpeech_1272,1,39.325965737440846,maximum_decision_score
5,15,1272-135031-0000,1272/135031,LibriSpeech_1272,LibriSpeech_1272,1,39.326316473622406,maximum_decision_score
4,16,1272-135031-0001,1272/135031,LibriSpeech_1272,LibriSpeech_1272,1,39.32674756576192,maximum_decision_score
3,17,1272-135031-0002,1272/135031,LibriSpeech_1272,LibriSpeech_1272,1,39.326860980468226,maximum_decision_score
4,18,1272-135031-0003,1272/135031,LibriSpeech_1272,LibriSpeech_1272,1,39.32715946868593,maximum_decision_score
2,19,1272-135031-0004,1272/135031,LibriSpeech_1272,LibriSpeech_1272,1,39.3273875462842,maximum_decision_score
3,20,1272-135031-0005,1272/135031,LibriSpeech_1272,LibriSpeech_1272,1,39.32752109650967,maximum_decision_score
5,21,1272-135031-0006,1272/135031,LibriSpeech_1272,LibriSpeech_1272,1,39.32730117179079,maximum_decision_score
1,22,1272-135031-0007,1272/135031,LibriSpeech_1272,LibriSpeech_1272,1,39.32727601240454,maximum_decision_score
2,23,1272-135031-0008,1272/135031,LibriSpeech_1272,LibriSpeech_1272,1,39.32741800379347,maximum_decision_score
3,24,1272-135031-0009,1272/135031,LibriSpeech_1272,LibriSpeech_1272,1,39.32678294882696,maximum_decision_score
1,25,1272-135031-0010,1272/135031,LibriSpeech_1272,LibriSpeech_1272,1,39.32703691312574,maximum_decision_score
4,26,1272-135031-0011,1272/135031,LibriSpeech_1272,LibriSpeech_5694,0,39.32593240376507,maximum_decision_score
5,27,1272-135031-0012,1272/135031,LibriSpeech_1272,LibriSpeech_1272,1,39.32765596184508,maximum_decision_score
2,28,1272-135031-0013,1272/135031,LibriSpeech_1272,LibriSpeech_1272,1,39.326525949605106,maximum_decision_score
2,29,1272-135031-0014,1272/135031,LibriSpeech_1272,LibriSpeech_3170,0,39.32490645341456,maximum_decision_score
4,30,1272-135031-0015,1272/135031,LibriSpeech_1272,LibriSpeech_1272,1,39.32628949424802,maximum_decision_score
2,31,1272-135031-0016,1272/135031,LibriSpeech_1272,LibriSpeech_1272,1,39.32615711622195,maximum_decision_score
5,32,1272-135031-0017,1272/135031,LibriSpeech_1272,LibriSpeech_1272,1,39.327131369614335,maximum_decision_score
3,33,1272-135031-0018,1272/135031,LibriSpeech_1272,LibriSpeech_1272,1,39.327643744635004,maximum_decision_score
3,34,1272-135031-0019,1272/135031,LibriSpeech_1272,LibriSpeech_1272,1,39.327459507938755,maximum_decision_score
3,35,1272-135031-0020,1272/135031,LibriSpeech_1272,LibriSpeech_1272,1,39.32727373901563,maximum_decision_score
1,36,1272-135031-0021,1272/135031,LibriSpeech_1272,LibriSpeech_1272,1,39.32683141131805,maximum_decision_score
1,37,1272-135031-0022,1272/135031,LibriSpeech_1272,LibriSpeech_1272,1,39.32654962205489,maximum_decision_score
5,38,1272-135031-0023,1272/135031,LibriSpeech_1272,LibriSpeech_1272,1,39.32723506799459,maximum_decision_score
1,39,1272-135031-0024,1272/135031,LibriSpeech_1272,LibriSpeech_1272,1,39.326520975714196,maximum_decision_score
3,40,1272-141231-0000,1272/141231,LibriSpeech_1272,LibriSpeech_1272,1,39.32647391254375,maximum_decision_score
4,41,1272-141231-0001,1272/141231,LibriSpeech_1272,LibriSpeech_1272,1,39.32614819064689,maximum_decision_score
5,42,1272-141231-0002,1272/141231,LibriSpeech_1272,LibriSpeech_1272,1,39.325781972874836,maximum_decision_score
4,43,1272-141231-0003,1272/141231,LibriSpeech_1272,LibriSpeech_1272,1,39.32624378716381,maximum_decision_score
5,44,1272-141231-0004,1272/141231,LibriSpeech_1272,LibriSpeech_1272,1,39.326997628683294,maximum_decision_score
1,45,1272-141231-0005,1272/141231,LibriSpeech_1272,LibriSpeech_1272,1,39.32643379242023,maximum_decision_score
5,46,1272-141231-0006,1272/141231,LibriSpeech_1272,LibriSpeech_1272,1,39.32536656377389,maximum_decision_score
5,47,1272-141231-0007,1272/141231,LibriSpeech_1272,LibriSpeech_1272,1,39.326668717549,maximum_decision_score
5,48,1272-141231-0008,1272/141231,LibriSpeech_1272,LibriSpeech_1272,1,39.32700438490786,maximum_decision_score
3,49,1272-141231-0009,1272/141231,LibriSpeech_1272,LibriSpeech_1272,1,39.32683995522461,maximum_decision_score
1,50,1272-141231-0010,1272/141231,LibriSpeech_1272,LibriSpeech_1272,1,39.32651773567969,maximum_decision_score
1,51,1272-141231-0011,1272/141231,LibriSpeech_1272,LibriSpeech_1272,1,39.3265211601018,maximum_decision_score
3,52,1272-141231-0012,1272/141231,LibriSpeech_1272,LibriSpeech_1272,1,39.32651990663636,maximum_decision_score
2,53,1272-141231-0013,1272/141231,LibriSpeech_1272,LibriSpeech_1272,1,39.32741029722565,maximum_decision_score
4,54,1272-141231-0014,1272/141231,LibriSpeech_1272,LibriSpeech_1272,1,39.325424824718425,maximum_decision_score
4,55,1272-141231-0015,1272/141231,LibriSpeech_1272,LibriSpeech_1272,1,39.326828407895206,maximum_decision_score
1,56,1272-141231-0016,1272/141231,LibriSpeech_1272,LibriSpeech_1272,1,39.323965840070606,maximum_decision_score
2,57,1272-141231-0017,1272/141231,LibriSpeech_1272,LibriSpeech_1272,1,39.32567531880587,maximum_decision_score
3,58,1272-141231-0018,1272/141231,LibriSpeech_1272,LibriSpeech_1272,1,39.326569132291986,maximum_decision_score
3,59,1272-141231-0019,1272/141231,LibriSpeech_1272,LibriSpeech_1272,1,39.3262781719326,maximum_decision_score
2,60,1272-141231-0020,1272/141231,LibriSpeech_1272,LibriSpeech_1272,1,39.3265795345766,maximum_decision_score
4,61,1272-141231-0021,1272/141231,LibriSpeech_1272,LibriSpeech_1272,1,39.32671126875007,maximum_decision_score
1,62,1272-141231-0022,1272/141231,LibriSpeech_1272,LibriSpeech_1272,1,39.32651751455808,maximum_decision_score
2,63,1272-141231-0023,1272/141231,LibriSpeech_1272,LibriSpeech_1272,1,39.32635914655773,maximum_decision_score
1,64,1272-141231-0024,1272/141231,LibriSpeech_1272,LibriSpeech_1272,1,39.32570379471594,maximum_decision_score
2,65,1272-141231-0025,1272/141231,LibriSpeech_1272,LibriSpeech_1272,1,39.32640747604889,maximum_decision_score
5,66,1272-141231-0026,1272/141231,LibriSpeech_1272,LibriSpeech_1272,1,39.32602829085834,maximum_decision_score
2,67,1272-141231-0027,1272/141231,LibriSpeech_1272,LibriSpeech_1272,1,39.32737323797788,maximum_decision_score
2,68,1272-141231-0028,1272/141231,LibriSpeech_1272,LibriSpeech_1272,1,39.32702283906794,maximum_decision_score
3,69,1272-141231-0029,1272/141231,LibriSpeech_1272,LibriSpeech_1272,1,39.32679611377577,maximum_decision_score
3,70,1272-141231-0030,1272/141231,LibriSpeech_1272,LibriSpeech_1272,1,39.32693321254211,maximum_decision_score
1,71,1272-141231-0031,1272/141231,LibriSpeech_1272,LibriSpeech_1272,1,39.32683948593795,maximum_decision_score
2,72,1272-141231-0032,1272/141231,LibriSpeech_1272,LibriSpeech_1272,1,39.32700073422436,maximum_decision_score
1,73,1462-170138-0000,1462/170138,LibriSpeech_1462,LibriSpeech_1462,1,39.32585246871977,maximum_decision_score
1,74,1462-170138-0001,1462/170138,LibriSpeech_1462,LibriSpeech_1462,1,39.326424340142644,maximum_decision_score
5,75,1462-170138-0002,1462/170138,LibriSpeech_1462,LibriSpeech_1462,1,39.32499220791021,maximum_decision_score
1,76,1462-170138-0003,1462/170138,LibriSpeech_1462,LibriSpeech_1462,1,39.32623544774197,maximum_decision_score
2,77,1462-170138-0004,1462/170138,LibriSpeech_1462,LibriSpeech_1462,1,39.32756096249964,maximum_decision_score
1,78,1462-170138-0005,1462/170138,LibriSpeech_1462,LibriSpeech_1462,1,39.324957781628015,maximum_decision_score
3,79,1462-170138-0006,1462/170138,LibriSpeech_1462,LibriSpeech_1462,1,39.326792835066534,maximum_decision_score
1,80,1462-170138-0007,1462/170138,LibriSpeech_1462,LibriSpeech_1462,1,39.32742074910289,maximum_decision_score
4,81,1462-170138-0008,1462/170138,LibriSpeech_1462,LibriSpeech_1462,1,39.327207682066984,maximum_decision_score
4,82,1462-170138-0009,1462/170138,LibriSpeech_1462,LibriSpeech_1462,1,39.326871303821754,maximum_decision_score
3,83,1462-170138-0010,1462/170138,LibriSpeech_1462,LibriSpeech_1462,1,39.32647663935381,maximum_decision_score
4,84,1462-170138-0011,1462/170138,LibriSpeech_1462,LibriSpeech_1462,1,39.325647741758694,maximum_decision_score
2,85,1462-170138-0012,1462/170138,LibriSpeech_1462,LibriSpeech_1462,1,39.32731380288747,maximum_decision_score
3,86,1462-170138-0013,1462/170138,LibriSpeech_1462,LibriSpeech_1462,1,39.32698070418545,maximum_decision_score
1,87,1462-170138-0014,1462/170138,LibriSpeech_1462,LibriSpeech_1462,1,39.32719267064973,maximum_decision_score
2,88,1462-170138-0015,1462/170138,LibriSpeech_1462,LibriSpeech_1462,1,39.32733093319113,maximum_decision_score
3,89,1462-170138-0016,1462/170138,LibriSpeech_1462,LibriSpeech_1462,1,39.32716622846894,maximum_decision_score
5,90,1462-170138-0017,1462/170138,LibriSpeech_1462,LibriSpeech_1462,1,39.326100783653395,maximum_decision_score
2,91,1462-170138-0018,1462/170138,LibriSpeech_1462,LibriSpeech_1462,1,39.326915832306526,maximum_decision_score
2,92,1462-170138-0019,1462/170138,LibriSpeech_1462,LibriSpeech_1462,1,39.32676431656711,maximum_decision_score
3,93,1462-170138-0020,1462/170138,LibriSpeech_1462,LibriSpeech_1462,1,39.32592124643667,maximum_decision_score
4,94,1462-170138-0021,1462/170138,LibriSpeech_1462,LibriSpeech_1462,1,39.325898659253184,maximum_decision_score
2,95,1462-170138-0022,1462/170138,LibriSpeech_1462,LibriSpeech_1462,1,39.32641024029471,maximum_decision_score
5,96,1462-170138-0023,1462/170138,LibriSpeech_1462,LibriSpeech_1462,1,39.32612051244458,maximum_decision_score
3,97,1462-170138-0024,1462/170138,LibriSpeech_1462,LibriSpeech_1462,1,39.32616584115613,maximum_decision_score
5,98,1462-170138-0025,1462/170138,LibriSpeech_1462,LibriSpeech_1462,1,39.32316769099128,maximum_decision_score
5,99,1462-170138-0026,1462/170138,LibriSpeech_1462,LibriSpeech_1462,1,39.325395494138675,maximum_decision_score
4,100,1462-170138-0027,1462/170138,LibriSpeech_1462,LibriSpeech_1462,1,39.32684179697064,maximum_decision_score
3,101,1462-170142-0000,1462/170142,LibriSpeech_1462,LibriSpeech_1462,1,39.32748083603272,maximum_decision_score
4,102,1462-170142-0001,1462/170142,LibriSpeech_1462,LibriSpeech_1462,1,39.32740618263753,maximum_decision_score
2,103,1462-170142-0002,1462/170142,LibriSpeech_1462,LibriSpeech_1462,1,39.32719371273584,maximum_decision_score
4,104,1462-170142-0003,1462/170142,LibriSpeech_1462,LibriSpeech_1462,1,39.32670195767615,maximum_decision_score
1,105,1462-170142-0004,1462/170142,LibriSpeech_1462,LibriSpeech_1462,1,39.32565189946465,maximum_decision_score
1,106,1462-170142-0005,1462/170142,LibriSpeech_1462,LibriSpeech_1462,1,39.32695351891914,maximum_decision_score
5,107,1462-170142-0006,1462/170142,LibriSpeech_1462,LibriSpeech_1462,1,39.32722907772672,maximum_decision_score
4,108,1462-170142-0007,1462/170142,LibriSpeech_1462,LibriSpeech_1462,1,39.327432641085444,maximum_decision_score
2,109,1462-170142-0008,1462/170142,LibriSpeech_1462,LibriSpeech_1462,1,39.32712438740116,maximum_decision_score
1,110,1462-170142-0009,1462/170142,LibriSpeech_1462,LibriSpeech_1462,1,39.3272382300527,maximum_decision_score
5,111,1462-170142-0010,1462/170142,LibriSpeech_1462,LibriSpeech_1462,1,39.32628658937682,maximum_decision_score
3,112,1462-170142-0011,1462/170142,LibriSpeech_1462,LibriSpeech_1462,1,39.327036820086434,maximum_decision_score
2,113,1462-170142-0012,1462/170142,LibriSpeech_1462,LibriSpeech_1462,1,39.32684911184402,maximum_decision_score
2,114,1462-170142-0013,1462/170142,LibriSpeech_1462,LibriSpeech_1462,1,39.326880826204196,maximum_decision_score
4,115,1462-170142-0014,1462/170142,LibriSpeech_1462,LibriSpeech_1462,1,39.326230497655125,maximum_decision_score
5,116,1462-170142-0015,1462/170142,LibriSpeech_1462,LibriSpeech_1462,1,39.32675872361072,maximum_decision_score
3,117,1462-170142-0016,1462/170142,LibriSpeech_1462,LibriSpeech_1462,1,39.32644091665386,maximum_decision_score
5,118,1462-170142-0017,1462/170142,LibriSpeech_1462,LibriSpeech_1462,1,39.327818013092944,maximum_decision_score
2,119,1462-170142-0018,1462/170142,LibriSpeech_1462,LibriSpeech_1462,1,39.327377829138264,maximum_decision_score
4,120,1462-170142-0019,1462/170142,LibriSpeech_1462,LibriSpeech_1462,1,39.32679412768813,maximum_decision_score
3,121,1462-170142-0020,1462/170142,LibriSpeech_1462,LibriSpeech_1462,1,39.327665175235154,maximum_decision_score
4,122,1462-170142-0021,1462/170142,LibriSpeech_1462,LibriSpeech_1462,1,39.327361266110834,maximum_decision_score
5,123,1462-170142-0022,1462/170142,LibriSpeech_1462,LibriSpeech_1462,1,39.32807396659831,maximum_decision_score
1,124,1462-170142-0023,1462/170142,LibriSpeech_1462,LibriSpeech_1462,1,39.32788262389623,maximum_decision_score
3,125,1462-170142-0024,1462/170142,LibriSpeech_1462,LibriSpeech_1462,1,39.32674501804411,maximum_decision_score
5,126,1462-170142-0025,1462/170142,LibriSpeech_1462,LibriSpeech_1462,1,39.32748807864836,maximum_decision_score
3,127,1462-170142-0026,1462/170142,LibriSpeech_1462,LibriSpeech_1462,1,39.32686725513562,maximum_decision_score
4,128,1462-170142-0027,1462/170142,LibriSpeech_1462,LibriSpeech_1462,1,39.32793872175675,maximum_decision_score
1,129,1462-170142-0028,1462/170142,LibriSpeech_1462,LibriSpeech_1462,1,39.32576318592584,maximum_decision_score
1,130,1462-170142-0029,1462/170142,LibriSpeech_1462,LibriSpeech_1462,1,39.326826489414735,maximum_decision_score
4,131,1462-170142-0030,1462/170142,LibriSpeech_1462,LibriSpeech_1462,1,39.32782362874785,maximum_decision_score
2,132,1462-170142-0031,1462/170142,LibriSpeech_1462,LibriSpeech_1462,1,39.32677514475051,maximum_decision_score
1,133,1462-170142-0032,1462/170142,LibriSpeech_1462,LibriSpeech_1462,1,39.326623278166124,maximum_decision_score
4,134,1462-170142-0033,1462/170142,LibriSpeech_1462,LibriSpeech_1462,1,39.32721149059639,maximum_decision_score
3,135,1462-170142-0034,1462/170142,LibriSpeech_1462,LibriSpeech_1462,1,39.32747455112016,maximum_decision_score
3,136,1462-170142-0035,1462/170142,LibriSpeech_1462,LibriSpeech_1462,1,39.326826231491296,maximum_decision_score
4,137,1462-170142-0036,1462/170142,LibriSpeech_1462,LibriSpeech_1462,1,39.32666007400779,maximum_decision_score
3,138,1462-170142-0037,1462/170142,LibriSpeech_1462,LibriSpeech_1462,1,39.325412377124806,maximum_decision_score
2,139,1462-170142-0038,1462/170142,LibriSpeech_1462,LibriSpeech_1462,1,39.326919984050875,maximum_decision_score
2,140,1462-170142-0039,1462/170142,LibriSpeech_1462,LibriSpeech_1462,1,39.326510314139576,maximum_decision_score
3,141,1462-170142-0040,1462/170142,LibriSpeech_1462,LibriSpeech_1462,1,39.32578527080452,maximum_decision_score
2,142,1462-170142-0041,1462/170142,LibriSpeech_1462,LibriSpeech_1462,1,39.32511523148601,maximum_decision_score
2,143,1462-170142-0042,1462/170142,LibriSpeech_1462,LibriSpeech_1462,1,39.325282121177274,maximum_decision_score
5,144,1462-170145-0000,1462/170145,LibriSpeech_1462,LibriSpeech_1462,1,39.32563674196868,maximum_decision_score
5,145,1462-170145-0001,1462/170145,LibriSpeech_1462,LibriSpeech_1462,1,39.32656785788385,maximum_decision_score
2,146,1462-170145-0002,1462/170145,LibriSpeech_1462,LibriSpeech_1462,1,39.32743623880318,maximum_decision_score
5,147,1462-170145-0003,1462/170145,LibriSpeech_1462,LibriSpeech_1462,1,39.3264927613562,maximum_decision_score
2,148,1462-170145-0004,1462/170145,LibriSpeech_1462,LibriSpeech_1462,1,39.326706969811816,maximum_decision_score
5,149,1462-170145-0005,1462/170145,LibriSpeech_1462,LibriSpeech_1462,1,39.325630546179326,maximum_decision_score
1,150,1462-170145-0006,1462/170145,LibriSpeech_1462,LibriSpeech_1462,1,39.326337790455966,maximum_decision_score
4,151,1462-170145-0007,1462/170145,LibriSpeech_1462,LibriSpeech_1462,1,39.326372868569635,maximum_decision_score
3,152,1462-170145-0008,1462/170145,LibriSpeech_1462,LibriSpeech_1462,1,39.3269916589541,maximum_decision_score
1,153,1462-170145-0009,1462/170145,LibriSpeech_1462,LibriSpeech_1462,1,39.32496372260244,maximum_decision_score
4,154,1462-170145-0010,1462/170145,LibriSpeech_1462,LibriSpeech_1462,1,39.32738834056251,maximum_decision_score
5,155,1462-170145-0011,1462/170145,LibriSpeech_1462,LibriSpeech_1462,1,39.325571120786904,maximum_decision_score
5,156,1462-170145-0012,1462/170145,LibriSpeech_1462,LibriSpeech_1462,1,39.32728645133376,maximum_decision_score
3,157,1462-170145-0013,1462/170145,LibriSpeech_1462,LibriSpeech_1462,1,39.32642984126045,maximum_decision_score
1,158,1462-170145-0014,1462/170145,LibriSpeech_1462,LibriSpeech_1462,1,39.327523037998525,maximum_decision_score
5,159,1462-170145-0015,1462/170145,LibriSpeech_1462,LibriSpeech_1462,1,39.326864094929384,maximum_decision_score
1,160,1462-170145-0016,1462/170145,LibriSpeech_1462,LibriSpeech_1462,1,39.32614038938774,maximum_decision_score
3,161,1462-170145-0017,1462/170145,LibriSpeech_1462,LibriSpeech_1462,1,39.32812804097683,maximum_decision_score
4,162,1462-170145-0018,1462/170145,LibriSpeech_1462,LibriSpeech_1462,1,39.3282430257475,maximum_decision_score
2,163,1462-170145-0019,1462/170145,LibriSpeech_1462,LibriSpeech_1462,1,39.327071409517,maximum_decision_score
4,164,1462-170145-0020,1462/170145,LibriSpeech_1462,LibriSpeech_1462,1,39.327544668584395,maximum_decision_score
5,165,1462-170145-0021,1462/170145,LibriSpeech_1462,LibriSpeech_1462,1,39.32696848778371,maximum_decision_score
1,166,1462-170145-0022,1462/170145,LibriSpeech_1462,LibriSpeech_1462,1,39.326059371900435,maximum_decision_score
5,167,1673-143396-0000,1673/143396,LibriSpeech_1673,LibriSpeech_1673,1,39.324920079325466,maximum_decision_score
4,168,1673-143396-0001,1673/143396,LibriSpeech_1673,LibriSpeech_1673,1,39.32534422198341,maximum_decision_score
3,169,1673-143396-0002,1673/143396,LibriSpeech_1673,LibriSpeech_1673,1,39.32572709495972,maximum_decision_score
4,170,1673-143396-0003,1673/143396,LibriSpeech_1673,LibriSpeech_1673,1,39.325506045166335,maximum_decision_score
4,171,1673-143396-0004,1673/143396,LibriSpeech_1673,LibriSpeech_1673,1,39.325960527371414,maximum_decision_score
1,172,1673-143396-0005,1673/143396,LibriSpeech_1673,LibriSpeech_1673,1,39.325960749975145,maximum_decision_score
5,173,1673-143396-0006,1673/143396,LibriSpeech_1673,LibriSpeech_1673,1,39.326733805791456,maximum_decision_score
3,174,1673-143396-0007,1673/143396,LibriSpeech_1673,LibriSpeech_1673,1,39.32597614896654,maximum_decision_score
2,175,1673-143396-0008,1673/143396,LibriSpeech_1673,LibriSpeech_1673,1,39.32679423111982,maximum_decision_score
2,176,1673-143396-0009,1673/143396,LibriSpeech_1673,LibriSpeech_1673,1,39.32685341147677,maximum_decision_score
1,177,1673-143396-0010,1673/143396,LibriSpeech_1673,LibriSpeech_1673,1,39.32612774138366,maximum_decision_score
5,178,1673-143396-0011,1673/143396,LibriSpeech_1673,LibriSpeech_1673,1,39.32621751254945,maximum_decision_score
3,179,1673-143396-0012,1673/143396,LibriSpeech_1673,LibriSpeech_1673,1,39.3264739238577,maximum_decision_score
1,180,1673-143396-0013,1673/143396,LibriSpeech_1673,LibriSpeech_1673,1,39.326596887826476,maximum_decision_score
5,181,1673-143396-0014,1673/143396,LibriSpeech_1673,LibriSpeech_1673,1,39.32634966675519,maximum_decision_score
1,182,1673-143396-0015,1673/143396,LibriSpeech_1673,LibriSpeech_1673,1,39.32670896479174,maximum_decision_score
2,183,1673-143396-0016,1673/143396,LibriSpeech_1673,LibriSpeech_1673,1,39.32677097360266,maximum_decision_score
1,184,1673-143396-0017,1673/143396,LibriSpeech_1673,LibriSpeech_1673,1,39.32621877906799,maximum_decision_score
3,185,1673-143396-0018,1673/143396,LibriSpeech_1673,LibriSpeech_1673,1,39.326112540923376,maximum_decision_score
3,186,1673-143396-0019,1673/143396,LibriSpeech_1673,LibriSpeech_1673,1,39.32596817761072,maximum_decision_score
3,187,1673-143396-0020,1673/143396,LibriSpeech_1673,LibriSpeech_1673,1,39.32584786104033,maximum_decision_score
5,188,1673-143397-0000,1673/143397,LibriSpeech_1673,LibriSpeech_1673,1,39.32545306915662,maximum_decision_score
2,189,1673-143397-0001,1673/143397,LibriSpeech_1673,LibriSpeech_1673,1,39.32641278759787,maximum_decision_score
1,190,1673-143397-0002,1673/143397,LibriSpeech_1673,LibriSpeech_1673,1,39.32616392724606,maximum_decision_score
4,191,1673-143397-0003,1673/143397,LibriSpeech_1673,LibriSpeech_1673,1,39.32607002540978,maximum_decision_score
2,192,1673-143397-0004,1673/143397,LibriSpeech_1673,LibriSpeech_1673,1,39.32548249269719,maximum_decision_score
2,193,1673-143397-0005,1673/143397,LibriSpeech_1673,LibriSpeech_1673,1,39.32645322128001,maximum_decision_score
5,194,1673-143397-0006,1673/143397,LibriSpeech_1673,LibriSpeech_1673,1,39.325957425922795,maximum_decision_score
4,195,1673-143397-0007,1673/143397,LibriSpeech_1673,LibriSpeech_2277,0,39.323487546998976,maximum_decision_score
2,196,1673-143397-0008,1673/143397,LibriSpeech_1673,LibriSpeech_1673,1,39.32519670327588,maximum_decision_score
3,197,1673-143397-0009,1673/143397,LibriSpeech_1673,LibriSpeech_2277,0,39.32496671697885,maximum_decision_score
4,198,1673-143397-0010,1673/143397,LibriSpeech_1673,LibriSpeech_1673,1,39.32634119177417,maximum_decision_score
1,199,1673-143397-0011,1673/143397,LibriSpeech_1673,LibriSpeech_1673,1,39.32662180806308,maximum_decision_score
5,200,1673-143397-0012,1673/143397,LibriSpeech_1673,LibriSpeech_1673,1,39.32530507920843,maximum_decision_score
4,201,1673-143397-0013,1673/143397,LibriSpeech_1673,LibriSpeech_1673,1,39.32586771071006,maximum_decision_score
2,202,1673-143397-0014,1673/143397,LibriSpeech_1673,LibriSpeech_1673,1,39.32560995941854,maximum_decision_score
3,203,1673-143397-0015,1673/143397,LibriSpeech_1673,LibriSpeech_1673,1,39.32528434096689,maximum_decision_score
1,204,1673-143397-0016,1673/143397,LibriSpeech_1673,LibriSpeech_1673,1,39.325947683545564,maximum_decision_score
4,205,1673-143397-0017,1673/143397,LibriSpeech_1673,LibriSpeech_1673,1,39.32528640955811,maximum_decision_score
5,206,1673-143397-0018,1673/143397,LibriSpeech_1673,LibriSpeech_1673,1,39.32487315708924,maximum_decision_score
3,207,1673-143397-0019,1673/143397,LibriSpeech_1673,LibriSpeech_1673,1,39.32614902883262,maximum_decision_score
4,208,1673-143397-0020,1673/143397,LibriSpeech_1673,LibriSpeech_1673,1,39.32633185141939,maximum_decision_score
3,209,174-168635-0000,174/168635,LibriSpeech_174,LibriSpeech_174,1,39.32516118913868,maximum_decision_score
5,210,174-168635-0001,174/168635,LibriSpeech_174,LibriSpeech_174,1,39.3258426970038,maximum_decision_score
2,211,174-168635-0002,174/168635,LibriSpeech_174,LibriSpeech_174,1,39.32665473632993,maximum_decision_score
3,212,174-168635-0003,174/168635,LibriSpeech_174,LibriSpeech_174,1,39.32677568330368,maximum_decision_score
2,213,174-168635-0004,174/168635,LibriSpeech_174,LibriSpeech_174,1,39.326619617789014,maximum_decision_score
4,214,174-168635-0005,174/168635,LibriSpeech_174,LibriSpeech_174,1,39.326500484550465,maximum_decision_score
5,215,174-168635-0006,174/168635,LibriSpeech_174,LibriSpeech_174,1,39.326548329203746,maximum_decision_score
3,216,174-168635-0007,174/168635,LibriSpeech_174,LibriSpeech_174,1,39.32649845788179,maximum_decision_score
2,217,174-168635-0008,174/168635,LibriSpeech_174,LibriSpeech_174,1,39.326704355368044,maximum_decision_score
5,218,174-168635-0009,174/168635,LibriSpeech_174,LibriSpeech_174,1,39.327367991193725,maximum_decision_score
3,219,174-168635-0010,174/168635,LibriSpeech_174,LibriSpeech_174,1,39.3265727891436,maximum_decision_score
1,220,174-168635-0011,174/168635,LibriSpeech_174,LibriSpeech_174,1,39.32589758024979,maximum_decision_score
5,221,174-168635-0012,174/168635,LibriSpeech_174,LibriSpeech_174,1,39.32673740404969,maximum_decision_score
2,222,174-168635-0013,174/168635,LibriSpeech_174,LibriSpeech_174,1,39.32647123522568,maximum_decision_score
4,223,174-168635-0014,174/168635,LibriSpeech_174,LibriSpeech_174,1,39.32724075958427,maximum_decision_score
5,224,174-168635-0015,174/168635,LibriSpeech_174,LibriSpeech_174,1,39.326320149987744,maximum_decision_score
5,225,174-168635-0016,174/168635,LibriSpeech_174,LibriSpeech_174,1,39.32689598588469,maximum_decision_score
4,226,174-168635-0017,174/168635,LibriSpeech_174,LibriSpeech_174,1,39.32620719506263,maximum_decision_score
4,227,174-168635-0018,174/168635,LibriSpeech_174,LibriSpeech_174,1,39.32698994803557,maximum_decision_score
1,228,174-168635-0019,174/168635,LibriSpeech_174,LibriSpeech_174,1,39.326738576329,maximum_decision_score
1,229,174-168635-0020,174/168635,LibriSpeech_174,LibriSpeech_174,1,39.32556502357142,maximum_decision_score
3,230,174-168635-0021,174/168635,LibriSpeech_174,LibriSpeech_174,1,39.3270359421145,maximum_decision_score
5,231,174-168635-0022,174/168635,LibriSpeech_174,LibriSpeech_174,1,39.32677172129809,maximum_decision_score
1,232,174-50561-0000,174/50561,LibriSpeech_174,LibriSpeech_174,1,39.32676221725084,maximum_decision_score
5,233,174-50561-0001,174/50561,LibriSpeech_174,LibriSpeech_174,1,39.32657914850174,maximum_decision_score
1,234,174-50561-0002,174/50561,LibriSpeech_174,LibriSpeech_174,1,39.326056534024865,maximum_decision_score
4,235,174-50561-0003,174/50561,LibriSpeech_174,LibriSpeech_174,1,39.32589396766098,maximum_decision_score
1,236,174-50561-0004,174/50561,LibriSpeech_174,LibriSpeech_174,1,39.32657424433552,maximum_decision_score
2,237,174-50561-0005,174/50561,LibriSpeech_174,LibriSpeech_174,1,39.32659011571634,maximum_decision_score
4,238,174-50561-0006,174/50561,LibriSpeech_174,LibriSpeech_174,1,39.326114713514414,maximum_decision_score
2,239,174-50561-0007,174/50561,LibriSpeech_174,LibriSpeech_174,1,39.32587799779725,maximum_decision_score
4,240,174-50561-0008,174/50561,LibriSpeech_174,LibriSpeech_174,1,39.32671973685735,maximum_decision_score
5,241,174-50561-0009,174/50561,LibriSpeech_174,LibriSpeech_174,1,39.32720279277705,maximum_decision_score
1,242,174-50561-0010,174/50561,LibriSpeech_174,LibriSpeech_174,1,39.32695260101014,maximum_decision_score
3,243,174-50561-0011,174/50561,LibriSpeech_174,LibriSpeech_174,1,39.325901089581436,maximum_decision_score
3,244,174-50561-0012,174/50561,LibriSpeech_174,LibriSpeech_174,1,39.32604853352534,maximum_decision_score
4,245,174-50561-0013,174/50561,LibriSpeech_174,LibriSpeech_174,1,39.32658341924532,maximum_decision_score
1,246,174-50561-0014,174/50561,LibriSpeech_174,LibriSpeech_174,1,39.32648847688109,maximum_decision_score
3,247,174-50561-0015,174/50561,LibriSpeech_174,LibriSpeech_174,1,39.32666457577004,maximum_decision_score
1,248,174-50561-0016,174/50561,LibriSpeech_174,LibriSpeech_174,1,39.32686354119429,maximum_decision_score
5,249,174-50561-0017,174/50561,LibriSpeech_174,LibriSpeech_174,1,39.3261995796766,maximum_decision_score
4,250,174-50561-0018,174/50561,LibriSpeech_174,LibriSpeech_3853,0,39.32354516630839,maximum_decision_score
4,251,174-50561-0019,174/50561,LibriSpeech_174,LibriSpeech_174,1,39.32387884086434,maximum_decision_score
2,252,174-84280-0000,174/84280,LibriSpeech_174,LibriSpeech_174,1,39.32679152674664,maximum_decision_score
2,253,174-84280-0001,174/84280,LibriSpeech_174,LibriSpeech_174,1,39.32664519690134,maximum_decision_score
2,254,174-84280-0002,174/84280,LibriSpeech_174,LibriSpeech_174,1,39.32627823715094,maximum_decision_score
1,255,174-84280-0003,174/84280,LibriSpeech_174,LibriSpeech_174,1,39.32652161744336,maximum_decision_score
4,256,174-84280-0004,174/84280,LibriSpeech_174,LibriSpeech_174,1,39.326151928205356,maximum_decision_score
5,257,174-84280-0005,174/84280,LibriSpeech_174,LibriSpeech_174,1,39.327101990101866,maximum_decision_score
5,258,174-84280-0006,174/84280,LibriSpeech_174,LibriSpeech_174,1,39.32696889297086,maximum_decision_score
3,259,174-84280-0007,174/84280,LibriSpeech_174,LibriSpeech_174,1,39.32675547364647,maximum_decision_score
1,260,174-84280-0008,174/84280,LibriSpeech_174,LibriSpeech_174,1,39.32535268129762,maximum_decision_score
2,261,174-84280-0009,174/84280,LibriSpeech_174,LibriSpeech_174,1,39.32649195796714,maximum_decision_score
3,262,174-84280-0010,174/84280,LibriSpeech_174,LibriSpeech_174,1,39.326196951418616,maximum_decision_score
2,263,174-84280-0011,174/84280,LibriSpeech_174,LibriSpeech_174,1,39.32644188226972,maximum_decision_score
1,264,174-84280-0012,174/84280,LibriSpeech_174,LibriSpeech_174,1,39.32689624535593,maximum_decision_score
2,265,174-84280-0013,174/84280,LibriSpeech_174,LibriSpeech_174,1,39.32663677920397,maximum_decision_score
4,266,174-84280-0014,174/84280,LibriSpeech_174,LibriSpeech_174,1,39.32233821061105,maximum_decision_score
3,267,174-84280-0015,174/84280,LibriSpeech_174,LibriSpeech_174,1,39.32661280127672,maximum_decision_score
5,268,1919-142785-0000,1919/142785,LibriSpeech_1919,LibriSpeech_1919,1,39.32660079779273,maximum_decision_score
4,269,1919-142785-0001,1919/142785,LibriSpeech_1919,LibriSpeech_1919,1,39.326291500461984,maximum_decision_score
3,270,1919-142785-0002,1919/142785,LibriSpeech_1919,LibriSpeech_1919,1,39.32601599330325,maximum_decision_score
2,271,1919-142785-0003,1919/142785,LibriSpeech_1919,LibriSpeech_1919,1,39.32665858178837,maximum_decision_score
3,272,1919-142785-0004,1919/142785,LibriSpeech_1919,LibriSpeech_1919,1,39.3269627861349,maximum_decision_score
4,273,1919-142785-0005,1919/142785,LibriSpeech_1919,LibriSpeech_1919,1,39.32647782531411,maximum_decision_score
4,274,1919-142785-0006,1919/142785,LibriSpeech_1919,LibriSpeech_1919,1,39.326840876634684,maximum_decision_score
5,275,1919-142785-0007,1919/142785,LibriSpeech_1919,LibriSpeech_1919,1,39.32603029395891,maximum_decision_score
3,276,1919-142785-0008,1919/142785,LibriSpeech_1919,LibriSpeech_1919,1,39.32612295623442,maximum_decision_score
2,277,1919-142785-0009,1919/142785,LibriSpeech_1919,LibriSpeech_1919,1,39.32611403058195,maximum_decision_score
5,278,1919-142785-0010,1919/142785,LibriSpeech_1919,LibriSpeech_1919,1,39.32680147414994,maximum_decision_score
1,279,1919-142785-0011,1919/142785,LibriSpeech_1919,LibriSpeech_1919,1,39.32639500066823,maximum_decision_score
2,280,1919-142785-0012,1919/142785,LibriSpeech_1919,LibriSpeech_1919,1,39.32681037108947,maximum_decision_score
3,281,1919-142785-0013,1919/142785,LibriSpeech_1919,LibriSpeech_1919,1,39.32696935891963,maximum_decision_score
2,282,1919-142785-0014,1919/142785,LibriSpeech_1919,LibriSpeech_1919,1,39.326832730612516,maximum_decision_score
5,283,1919-142785-0015,1919/142785,LibriSpeech_1919,LibriSpeech_1919,1,39.326731224797044,maximum_decision_score
3,284,1919-142785-0016,1919/142785,LibriSpeech_1919,LibriSpeech_1919,1,39.32664948318855,maximum_decision_score
2,285,1919-142785-0017,1919/142785,LibriSpeech_1919,LibriSpeech_1919,1,39.32631427402576,maximum_decision_score
1,286,1919-142785-0018,1919/142785,LibriSpeech_1919,LibriSpeech_1919,1,39.32649500542766,maximum_decision_score
4,287,1919-142785-0019,1919/142785,LibriSpeech_1919,LibriSpeech_1919,1,39.32588011201813,maximum_decision_score
3,288,1919-142785-0020,1919/142785,LibriSpeech_1919,LibriSpeech_1919,1,39.32594794506583,maximum_decision_score
2,289,1919-142785-0021,1919/142785,LibriSpeech_1919,LibriSpeech_1919,1,39.32738399776802,maximum_decision_score
3,290,1919-142785-0022,1919/142785,LibriSpeech_1919,LibriSpeech_1919,1,39.326132155343075,maximum_decision_score
5,291,1919-142785-0023,1919/142785,LibriSpeech_1919,LibriSpeech_1919,1,39.3254528045973,maximum_decision_score
5,292,1919-142785-0024,1919/142785,LibriSpeech_1919,LibriSpeech_1919,1,39.32579856661553,maximum_decision_score
2,293,1919-142785-0025,1919/142785,LibriSpeech_1919,LibriSpeech_1919,1,39.32555482711098,maximum_decision_score
5,294,1919-142785-0026,1919/142785,LibriSpeech_1919,LibriSpeech_1919,1,39.32616728705848,maximum_decision_score
3,295,1919-142785-0027,1919/142785,LibriSpeech_1919,LibriSpeech_1919,1,39.326126742252235,maximum_decision_score
1,296,1919-142785-0028,1919/142785,LibriSpeech_1919,LibriSpeech_1919,1,39.325045923851235,maximum_decision_score
1,297,1919-142785-0029,1919/142785,LibriSpeech_1919,LibriSpeech_1919,1,39.32507034796862,maximum_decision_score
3,298,1919-142785-0030,1919/142785,LibriSpeech_1919,LibriSpeech_1919,1,39.32667545077805,maximum_decision_score
4,299,1919-142785-0031,1919/142785,LibriSpeech_1919,LibriSpeech_1919,1,39.326677049214474,maximum_decision_score
1,300,1919-142785-0032,1919/142785,LibriSpeech_1919,LibriSpeech_1919,1,39.325002088186615,maximum_decision_score
1,301,1919-142785-0033,1919/142785,LibriSpeech_1919,LibriSpeech_1919,1,39.3251060679591,maximum_decision_score
3,302,1919-142785-0034,1919/142785,LibriSpeech_1919,LibriSpeech_6313,0,39.32534599898561,maximum_decision_score
3,303,1919-142785-0035,1919/142785,LibriSpeech_1919,LibriSpeech_1919,1,39.325407603956045,maximum_decision_score
3,304,1919-142785-0036,1919/142785,LibriSpeech_1919,LibriSpeech_1919,1,39.32644204898434,maximum_decision_score
4,305,1919-142785-0037,1919/142785,LibriSpeech_1919,LibriSpeech_1919,1,39.32650205129326,maximum_decision_score
1,306,1919-142785-0038,1919/142785,LibriSpeech_1919,LibriSpeech_1919,1,39.32693844041782,maximum_decision_score
2,307,1919-142785-0039,1919/142785,LibriSpeech_1919,LibriSpeech_1919,1,39.32717844177996,maximum_decision_score
5,308,1919-142785-0040,1919/142785,LibriSpeech_1919,LibriSpeech_1919,1,39.3252519539451,maximum_decision_score
2,309,1919-142785-0041,1919/142785,LibriSpeech_1919,LibriSpeech_1919,1,39.32627837702716,maximum_decision_score
4,310,1919-142785-0042,1919/142785,LibriSpeech_1919,LibriSpeech_1919,1,39.325522036229536,maximum_decision_score
5,311,1919-142785-0043,1919/142785,LibriSpeech_1919,LibriSpeech_1919,1,39.32634171335821,maximum_decision_score
1,312,1919-142785-0044,1919/142785,LibriSpeech_1919,LibriSpeech_1919,1,39.326421247196656,maximum_decision_score
5,313,1919-142785-0045,1919/142785,LibriSpeech_1919,LibriSpeech_1919,1,39.32573708497597,maximum_decision_score
4,314,1919-142785-0046,1919/142785,LibriSpeech_1919,LibriSpeech_1919,1,39.325736138235555,maximum_decision_score
2,315,1919-142785-0047,1919/142785,LibriSpeech_1919,LibriSpeech_1919,1,39.3259302582088,maximum_decision_score
4,316,1919-142785-0048,1919/142785,LibriSpeech_1919,LibriSpeech_1919,1,39.32583779627321,maximum_decision_score
2,317,1919-142785-0049,1919/142785,LibriSpeech_1919,LibriSpeech_1919,1,39.32560310491352,maximum_decision_score
4,318,1919-142785-0050,1919/142785,LibriSpeech_1919,LibriSpeech_1919,1,39.32646521019456,maximum_decision_score
5,319,1919-142785-0051,1919/142785,LibriSpeech_1919,LibriSpeech_1919,1,39.32636879110299,maximum_decision_score
2,320,1919-142785-0052,1919/142785,LibriSpeech_1919,LibriSpeech_1919,1,39.32697631465697,maximum_decision_score
2,321,1919-142785-0053,1919/142785,LibriSpeech_1919,LibriSpeech_1919,1,39.326334747815956,maximum_decision_score
1,322,1919-142785-0054,1919/142785,LibriSpeech_1919,LibriSpeech_1919,1,39.326807634256696,maximum_decision_score
4,323,1919-142785-0055,1919/142785,LibriSpeech_1919,LibriSpeech_1919,1,39.32658053621183,maximum_decision_score
1,324,1919-142785-0056,1919/142785,LibriSpeech_1919,LibriSpeech_1919,1,39.326525985034266,maximum_decision_score
5,325,1919-142785-0057,1919/142785,LibriSpeech_1919,LibriSpeech_1919,1,39.3268042519374,maximum_decision_score
1,326,1919-142785-0058,1919/142785,LibriSpeech_1919,LibriSpeech_1919,1,39.32522112940427,maximum_decision_score
1,327,1919-142785-0059,1919/142785,LibriSpeech_1919,LibriSpeech_1919,1,39.326134938324415,maximum_decision_score
4,328,1919-142785-0060,1919/142785,LibriSpeech_1919,LibriSpeech_1919,1,39.32702701614419,maximum_decision_score
1,329,1919-142785-0061,1919/142785,LibriSpeech_1919,LibriSpeech_1919,1,39.3253275405597,maximum_decision_score
3,330,1919-142785-0062,1919/142785,LibriSpeech_1919,LibriSpeech_1919,1,39.325060334606604,maximum_decision_score
5,331,1919-142785-0063,1919/142785,LibriSpeech_1919,LibriSpeech_1919,1,39.32656356961448,maximum_decision_score
2,332,1988-147956-0000,1988/147956,LibriSpeech_1988,LibriSpeech_1988,1,39.32638580106801,maximum_decision_score
3,333,1988-147956-0001,1988/147956,LibriSpeech_1988,LibriSpeech_1988,1,39.32658802486207,maximum_decision_score
1,334,1988-147956-0002,1988/147956,LibriSpeech_1988,LibriSpeech_1988,1,39.326821806493825,maximum_decision_score
5,335,1988-147956-0003,1988/147956,LibriSpeech_1988,LibriSpeech_1988,1,39.32443211233133,maximum_decision_score
3,336,1988-147956-0004,1988/147956,LibriSpeech_1988,LibriSpeech_1988,1,39.326943084699984,maximum_decision_score
1,337,1988-147956-0005,1988/147956,LibriSpeech_1988,LibriSpeech_3853,0,39.32499510260031,maximum_decision_score
4,338,1988-147956-0006,1988/147956,LibriSpeech_1988,LibriSpeech_1988,1,39.32597743256558,maximum_decision_score
1,339,1988-147956-0007,1988/147956,LibriSpeech_1988,LibriSpeech_1988,1,39.32705631615762,maximum_decision_score
5,340,1988-147956-0008,1988/147956,LibriSpeech_1988,LibriSpeech_1988,1,39.32666181190418,maximum_decision_score
3,341,1988-147956-0009,1988/147956,LibriSpeech_1988,LibriSpeech_1988,1,39.32619756006929,maximum_decision_score
2,342,1988-147956-0010,1988/147956,LibriSpeech_1988,LibriSpeech_1988,1,39.32752426111072,maximum_decision_score
2,343,1988-147956-0011,1988/147956,LibriSpeech_1988,LibriSpeech_1988,1,39.327720708153414,maximum_decision_score
4,344,1988-147956-0012,1988/147956,LibriSpeech_1988,LibriSpeech_1988,1,39.32660436370949,maximum_decision_score
4,345,1988-147956-0013,1988/147956,LibriSpeech_1988,LibriSpeech_1988,1,39.32522592255102,maximum_decision_score
4,346,1988-147956-0014,1988/147956,LibriSpeech_1988,LibriSpeech_1988,1,39.325407496488154,maximum_decision_score
4,347,1988-147956-0015,1988/147956,LibriSpeech_1988,LibriSpeech_1988,1,39.32653175012188,maximum_decision_score
3,348,1988-147956-0016,1988/147956,LibriSpeech_1988,LibriSpeech_1988,1,39.3274083153556,maximum_decision_score
1,349,1988-147956-0017,1988/147956,LibriSpeech_1988,LibriSpeech_1988,1,39.3270424639321,maximum_decision_score
4,350,1988-147956-0018,1988/147956,LibriSpeech_1988,LibriSpeech_1988,1,39.32691174107824,maximum_decision_score
2,351,1988-147956-0019,1988/147956,LibriSpeech_1988,LibriSpeech_1988,1,39.32737863543662,maximum_decision_score
3,352,1988-147956-0020,1988/147956,LibriSpeech_1988,LibriSpeech_1988,1,39.32673910243617,maximum_decision_score
1,353,1988-147956-0021,1988/147956,LibriSpeech_1988,LibriSpeech_1988,1,39.32636130725641,maximum_decision_score
1,354,1988-147956-0022,1988/147956,LibriSpeech_1988,LibriSpeech_1988,1,39.326887021909315,maximum_decision_score
3,355,1988-147956-0023,1988/147956,LibriSpeech_1988,LibriSpeech_1988,1,39.32683687839178,maximum_decision_score
2,356,1988-147956-0024,1988/147956,LibriSpeech_1988,LibriSpeech_1988,1,39.326822901367855,maximum_decision_score
1,357,1988-147956-0025,1988/147956,LibriSpeech_1988,LibriSpeech_1988,1,39.327576282860974,maximum_decision_score
5,358,1988-147956-0026,1988/147956,LibriSpeech_1988,LibriSpeech_1988,1,39.32721261123297,maximum_decision_score
5,359,1988-147956-0027,1988/147956,LibriSpeech_1988,LibriSpeech_1988,1,39.326842318718214,maximum_decision_score
2,360,1988-147956-0028,1988/147956,LibriSpeech_1988,LibriSpeech_1988,1,39.327154927680915,maximum_decision_score
3,361,1988-147956-0029,1988/147956,LibriSpeech_1988,LibriSpeech_1988,1,39.3271530702736,maximum_decision_score
5,362,1988-148538-0000,1988/148538,LibriSpeech_1988,LibriSpeech_1988,1,39.32578164630123,maximum_decision_score
1,363,1988-148538-0001,1988/148538,LibriSpeech_1988,LibriSpeech_1988,1,39.32603806766072,maximum_decision_score
3,364,1988-148538-0002,1988/148538,LibriSpeech_1988,LibriSpeech_1988,1,39.325731245872234,maximum_decision_score
3,365,1988-148538-0003,1988/148538,LibriSpeech_1988,LibriSpeech_1988,1,39.32606713692787,maximum_decision_score
3,366,1988-148538-0004,1988/148538,LibriSpeech_1988,LibriSpeech_1988,1,39.32582936152784,maximum_decision_score
1,367,1988-148538-0005,1988/148538,LibriSpeech_1988,LibriSpeech_1988,1,39.32627324189093,maximum_decision_score
5,368,1988-148538-0006,1988/148538,LibriSpeech_1988,LibriSpeech_1988,1,39.32507661424357,maximum_decision_score
5,369,1988-148538-0007,1988/148538,LibriSpeech_1988,LibriSpeech_1988,1,39.32531286032329,maximum_decision_score
2,370,1988-148538-0008,1988/148538,LibriSpeech_1988,LibriSpeech_1988,1,39.326037946236994,maximum_decision_score
2,371,1988-148538-0009,1988/148538,LibriSpeech_1988,LibriSpeech_1988,1,39.32602544838336,maximum_decision_score
5,372,1988-148538-0010,1988/148538,LibriSpeech_1988,LibriSpeech_1988,1,39.32644533940911,maximum_decision_score
1,373,1988-148538-0011,1988/148538,LibriSpeech_1988,LibriSpeech_1988,1,39.325781764831916,maximum_decision_score
4,374,1988-148538-0012,1988/148538,LibriSpeech_1988,LibriSpeech_1988,1,39.326085613643535,maximum_decision_score
3,375,1988-148538-0013,1988/148538,LibriSpeech_1988,LibriSpeech_1988,1,39.326545438184255,maximum_decision_score
1,376,1988-148538-0014,1988/148538,LibriSpeech_1988,LibriSpeech_1988,1,39.32628537600383,maximum_decision_score
2,377,1988-148538-0015,1988/148538,LibriSpeech_1988,LibriSpeech_1988,1,39.3257162333435,maximum_decision_score
2,378,1988-24833-0000,1988/24833,LibriSpeech_1988,LibriSpeech_1988,1,39.3259663703689,maximum_decision_score
4,379,1988-24833-0001,1988/24833,LibriSpeech_1988,LibriSpeech_1988,1,39.3272912489728,maximum_decision_score
3,380,1988-24833-0002,1988/24833,LibriSpeech_1988,LibriSpeech_1988,1,39.3261584242877,maximum_decision_score
2,381,1988-24833-0003,1988/24833,LibriSpeech_1988,LibriSpeech_1988,1,39.326700039650724,maximum_decision_score
2,382,1988-24833-0004,1988/24833,LibriSpeech_1988,LibriSpeech_1988,1,39.32514736593145,maximum_decision_score
5,383,1988-24833-0005,1988/24833,LibriSpeech_1988,LibriSpeech_1988,1,39.32607566586257,maximum_decision_score
1,384,1988-24833-0006,1988/24833,LibriSpeech_1988,LibriSpeech_1988,1,39.32677922452174,maximum_decision_score
4,385,1988-24833-0007,1988/24833,LibriSpeech_1988,LibriSpeech_1988,1,39.32671351974768,maximum_decision_score
2,386,1988-24833-0008,1988/24833,LibriSpeech_1988,LibriSpeech_1988,1,39.32499202655348,maximum_decision_score
4,387,1988-24833-0009,1988/24833,LibriSpeech_1988,LibriSpeech_1988,1,39.32702511053586,maximum_decision_score
2,388,1988-24833-0010,1988/24833,LibriSpeech_1988,LibriSpeech_1988,1,39.32475723354864,maximum_decision_score
5,389,1988-24833-0011,1988/24833,LibriSpeech_1988,LibriSpeech_1988,1,39.32729067298282,maximum_decision_score
5,390,1988-24833-0012,1988/24833,LibriSpeech_1988,LibriSpeech_1988,1,39.32719149108561,maximum_decision_score
3,391,1988-24833-0013,1988/24833,LibriSpeech_1988,LibriSpeech_1988,1,39.32733084021786,maximum_decision_score
2,392,1988-24833-0014,1988/24833,LibriSpeech_1988,LibriSpeech_1988,1,39.327102855230585,maximum_decision_score
4,393,1988-24833-0015,1988/24833,LibriSpeech_1988,LibriSpeech_1988,1,39.327607571289356,maximum_decision_score
4,394,1988-24833-0016,1988/24833,LibriSpeech_1988,LibriSpeech_1988,1,39.3260147546629,maximum_decision_score
5,395,1988-24833-0017,1988/24833,LibriSpeech_1988,LibriSpeech_1988,1,39.32752084370884,maximum_decision_score
5,396,1988-24833-0018,1988/24833,LibriSpeech_1988,LibriSpeech_1988,1,39.32697517316531,maximum_decision_score
1,397,1988-24833-0019,1988/24833,LibriSpeech_1988,LibriSpeech_1988,1,39.327708839912795,maximum_decision_score
3,398,1988-24833-0020,1988/24833,LibriSpeech_1988,LibriSpeech_1988,1,39.32767660480807,maximum_decision_score
4,399,1988-24833-0021,1988/24833,LibriSpeech_1988,LibriSpeech_1988,1,39.32763295532954,maximum_decision_score
5,400,1988-24833-0022,1988/24833,LibriSpeech_1988,LibriSpeech_1988,1,39.32619196511597,maximum_decision_score
4,401,1988-24833-0023,1988/24833,LibriSpeech_1988,LibriSpeech_1988,1,39.32650624284574,maximum_decision_score
5,402,1988-24833-0024,1988/24833,LibriSpeech_1988,LibriSpeech_1988,1,39.3276412634093,maximum_decision_score
4,403,1988-24833-0025,1988/24833,LibriSpeech_1988,LibriSpeech_1988,1,39.32755490766336,maximum_decision_score
1,404,1988-24833-0026,1988/24833,LibriSpeech_1988,LibriSpeech_1988,1,39.32648705382105,maximum_decision_score
1,405,1988-24833-0027,1988/24833,LibriSpeech_1988,LibriSpeech_1988,1,39.3271456319973,maximum_decision_score
3,406,1988-24833-0028,1988/24833,LibriSpeech_1988,LibriSpeech_1988,1,39.32719146144693,maximum_decision_score
1,407,1993-147149-0000,1993/147149,LibriSpeech_1993,LibriSpeech_1993,1,39.32727851702418,maximum_decision_score
3,408,1993-147149-0001,1993/147149,LibriSpeech_1993,LibriSpeech_1993,1,39.32605814251231,maximum_decision_score
4,409,1993-147149-0002,1993/147149,LibriSpeech_1993,LibriSpeech_1993,1,39.32644212722472,maximum_decision_score
3,410,1993-147149-0003,1993/147149,LibriSpeech_1993,LibriSpeech_1993,1,39.32567111550423,maximum_decision_score
1,411,1993-147149-0004,1993/147149,LibriSpeech_1993,LibriSpeech_1993,1,39.32639482933638,maximum_decision_score
2,412,1993-147149-0005,1993/147149,LibriSpeech_1993,LibriSpeech_1993,1,39.32650419875076,maximum_decision_score
5,413,1993-147149-0006,1993/147149,LibriSpeech_1993,LibriSpeech_1993,1,39.32555582337348,maximum_decision_score
4,414,1993-147149-0007,1993/147149,LibriSpeech_1993,LibriSpeech_1993,1,39.32553058070186,maximum_decision_score
4,415,1993-147149-0008,1993/147149,LibriSpeech_1993,LibriSpeech_1993,1,39.327182854041396,maximum_decision_score
5,416,1993-147149-0009,1993/147149,LibriSpeech_1993,LibriSpeech_1993,1,39.326646348523,maximum_decision_score
5,417,1993-147149-0010,1993/147149,LibriSpeech_1993,LibriSpeech_1993,1,39.32544305183118,maximum_decision_score
5,418,1993-147149-0011,1993/147149,LibriSpeech_1993,LibriSpeech_1993,1,39.326964885190066,maximum_decision_score
2,419,1993-147149-0012,1993/147149,LibriSpeech_1993,LibriSpeech_1993,1,39.32660393759919,maximum_decision_score
5,420,1993-147149-0013,1993/147149,LibriSpeech_1993,LibriSpeech_1993,1,39.32605175285327,maximum_decision_score
3,421,1993-147149-0014,1993/147149,LibriSpeech_1993,LibriSpeech_1993,1,39.326718804177794,maximum_decision_score
2,422,1993-147149-0015,1993/147149,LibriSpeech_1993,LibriSpeech_1993,1,39.326792944943094,maximum_decision_score
4,423,1993-147149-0016,1993/147149,LibriSpeech_1993,LibriSpeech_1993,1,39.32686853543693,maximum_decision_score
2,424,1993-147149-0017,1993/147149,LibriSpeech_1993,LibriSpeech_1993,1,39.326633882475,maximum_decision_score
1,425,1993-147149-0018,1993/147149,LibriSpeech_1993,LibriSpeech_1993,1,39.325905232701004,maximum_decision_score
1,426,1993-147149-0019,1993/147149,LibriSpeech_1993,LibriSpeech_1993,1,39.32601128715305,maximum_decision_score
2,427,1993-147149-0020,1993/147149,LibriSpeech_1993,LibriSpeech_1993,1,39.3261794716255,maximum_decision_score
3,428,1993-147149-0021,1993/147149,LibriSpeech_1993,LibriSpeech_1993,1,39.325819631640435,maximum_decision_score
1,429,1993-147149-0022,1993/147149,LibriSpeech_1993,LibriSpeech_1993,1,39.325504663055106,maximum_decision_score
4,430,1993-147149-0023,1993/147149,LibriSpeech_1993,LibriSpeech_1993,1,39.32612258827709,maximum_decision_score
2,431,1993-147149-0024,1993/147149,LibriSpeech_1993,LibriSpeech_1993,1,39.32596030149799,maximum_decision_score
3,432,1993-147149-0025,1993/147149,LibriSpeech_1993,LibriSpeech_1993,1,39.32597809919166,maximum_decision_score
3,433,1993-147149-0026,1993/147149,LibriSpeech_1993,LibriSpeech_1462,0,38.32567054975656,maximum_decision_score
5,434,1993-147149-0027,1993/147149,LibriSpeech_1993,LibriSpeech_1993,1,39.325884948821646,maximum_decision_score
3,435,1993-147149-0028,1993/147149,LibriSpeech_1993,LibriSpeech_1993,1,39.32657180806207,maximum_decision_score
4,436,1993-147149-0029,1993/147149,LibriSpeech_1993,LibriSpeech_1993,1,39.324484540595854,maximum_decision_score
1,437,1993-147149-0030,1993/147149,LibriSpeech_1993,LibriSpeech_1993,1,39.32654214176496,maximum_decision_score
5,438,1993-147964-0000,1993/147964,LibriSpeech_1993,LibriSpeech_1993,1,39.32665055774343,maximum_decision_score
4,439,1993-147964-0001,1993/147964,LibriSpeech_1993,LibriSpeech_1993,1,39.32638168963164,maximum_decision_score
1,440,1993-147964-0002,1993/147964,LibriSpeech_1993,LibriSpeech_1993,1,39.32663707494654,maximum_decision_score
2,441,1993-147964-0003,1993/147964,LibriSpeech_1993,LibriSpeech_1993,1,39.32710721402423,maximum_decision_score
5,442,1993-147964-0004,1993/147964,LibriSpeech_1993,LibriSpeech_1993,1,39.32625453787353,maximum_decision_score
1,443,1993-147964-0005,1993/147964,LibriSpeech_1993,LibriSpeech_1993,1,39.32645023452751,maximum_decision_score
2,444,1993-147964-0006,1993/147964,LibriSpeech_1993,LibriSpeech_1993,1,39.327077236277454,maximum_decision_score
3,445,1993-147964-0007,1993/147964,LibriSpeech_1993,LibriSpeech_1993,1,39.325105809120785,maximum_decision_score
5,446,1993-147964-0008,1993/147964,LibriSpeech_1993,LibriSpeech_1993,1,39.326421459648465,maximum_decision_score
4,447,1993-147964-0009,1993/147964,LibriSpeech_1993,LibriSpeech_1993,1,39.32515047164591,maximum_decision_score
2,448,1993-147964-0010,1993/147964,LibriSpeech_1993,LibriSpeech_1993,1,39.3256543805409,maximum_decision_score
4,449,1993-147965-0000,1993/147965,LibriSpeech_1993,LibriSpeech_1993,1,39.32654082443979,maximum_decision_score
1,450,1993-147965-0001,1993/147965,LibriSpeech_1993,LibriSpeech_1993,1,39.32385206359878,maximum_decision_score
4,451,1993-147965-0002,1993/147965,LibriSpeech_1993,LibriSpeech_1993,1,39.32661965758914,maximum_decision_score
2,452,1993-147965-0003,1993/147965,LibriSpeech_1993,LibriSpeech_1993,1,39.32620566747778,maximum_decision_score
4,453,1993-147965-0004,1993/147965,LibriSpeech_1993,LibriSpeech_1993,1,39.32612682432658,maximum_decision_score
5,454,1993-147965-0005,1993/147965,LibriSpeech_1993,LibriSpeech_1993,1,39.325641656288205,maximum_decision_score
1,455,1993-147965-0006,1993/147965,LibriSpeech_1993,LibriSpeech_1993,1,39.32610418588431,maximum_decision_score
4,456,1993-147965-0007,1993/147965,LibriSpeech_1993,LibriSpeech_1993,1,39.3263553932384,maximum_decision_score
5,457,1993-147965-0008,1993/147965,LibriSpeech_1993,LibriSpeech_1993,1,39.32580920238331,maximum_decision_score
3,458,1993-147966-0000,1993/147966,LibriSpeech_1993,LibriSpeech_1993,1,39.326437631661975,maximum_decision_score
3,459,1993-147966-0001,1993/147966,LibriSpeech_1993,LibriSpeech_1993,1,39.32612156786285,maximum_decision_score
1,460,1993-147966-0002,1993/147966,LibriSpeech_1993,LibriSpeech_1993,1,39.327158249332136,maximum_decision_score
2,461,1993-147966-0003,1993/147966,LibriSpeech_1993,LibriSpeech_84,0,39.32637825912496,maximum_decision_score
3,462,1993-147966-0004,1993/147966,LibriSpeech_1993,LibriSpeech_1993,1,39.32677209682002,maximum_decision_score
2,463,1993-147966-0005,1993/147966,LibriSpeech_1993,LibriSpeech_1993,1,39.32669517434316,maximum_decision_score
3,464,1993-147966-0006,1993/147966,LibriSpeech_1993,LibriSpeech_1993,1,39.326960471131116,maximum_decision_score
2,465,2035-147960-0000,2035/147960,LibriSpeech_2035,LibriSpeech_2035,1,39.32650005936581,maximum_decision_score
5,466,2035-147960-0001,2035/147960,LibriSpeech_2035,LibriSpeech_2035,1,39.327249004821255,maximum_decision_score
4,467,2035-147960-0002,2035/147960,LibriSpeech_2035,LibriSpeech_2035,1,39.32675384731139,maximum_decision_score
4,468,2035-147960-0003,2035/147960,LibriSpeech_2035,LibriSpeech_2035,1,39.32665313096094,maximum_decision_score
1,469,2035-147960-0004,2035/147960,LibriSpeech_2035,LibriSpeech_2035,1,39.32709718976878,maximum_decision_score
4,470,2035-147960-0005,2035/147960,LibriSpeech_2035,LibriSpeech_2035,1,39.32741830867361,maximum_decision_score
3,471,2035-147960-0006,2035/147960,LibriSpeech_2035,LibriSpeech_2035,1,39.32306672982234,maximum_decision_score
4,472,2035-147960-0007,2035/147960,LibriSpeech_2035,LibriSpeech_2035,1,39.327118468539325,maximum_decision_score
5,473,2035-147960-0008,2035/147960,LibriSpeech_2035,LibriSpeech_2035,1,39.32613668880499,maximum_decision_score
4,474,2035-147960-0009,2035/147960,LibriSpeech_2035,LibriSpeech_2035,1,39.325120222709444,maximum_decision_score
3,475,2035-147960-0010,2035/147960,LibriSpeech_2035,LibriSpeech_2035,1,39.32640521553732,maximum_decision_score
5,476,2035-147960-0011,2035/147960,LibriSpeech_2035,LibriSpeech_2035,1,39.32620745361008,maximum_decision_score
3,477,2035-147960-0012,2035/147960,LibriSpeech_2035,LibriSpeech_2035,1,39.327492243966674,maximum_decision_score
2,478,2035-147960-0013,2035/147960,LibriSpeech_2035,LibriSpeech_2035,1,39.326057782994,maximum_decision_score
2,479,2035-147960-0014,2035/147960,LibriSpeech_2035,LibriSpeech_2035,1,39.32659187287221,maximum_decision_score
4,480,2035-147960-0015,2035/147960,LibriSpeech_2035,LibriSpeech_2035,1,39.325884673058255,maximum_decision_score
5,481,2035-147960-0016,2035/147960,LibriSpeech_2035,LibriSpeech_2035,1,39.325778737024116,maximum_decision_score
1,482,2035-147961-0000,2035/147961,LibriSpeech_2035,LibriSpeech_2035,1,39.32629207407135,maximum_decision_score
5,483,2035-147961-0001,2035/147961,LibriSpeech_2035,LibriSpeech_2035,1,39.326918814129414,maximum_decision_score
5,484,2035-147961-0002,2035/147961,LibriSpeech_2035,LibriSpeech_2035,1,39.32645593406528,maximum_decision_score
1,485,2035-147961-0003,2035/147961,LibriSpeech_2035,LibriSpeech_2035,1,39.32656816731703,maximum_decision_score
1,486,2035-147961-0004,2035/147961,LibriSpeech_2035,LibriSpeech_2035,1,39.327253276207045,maximum_decision_score
3,487,2035-147961-0005,2035/147961,LibriSpeech_2035,LibriSpeech_2035,1,39.32714808624829,maximum_decision_score
3,488,2035-147961-0006,2035/147961,LibriSpeech_2035,LibriSpeech_2035,1,39.326791881870165,maximum_decision_score
4,489,2035-147961-0007,2035/147961,LibriSpeech_2035,LibriSpeech_2035,1,39.32588925153272,maximum_decision_score
2,490,2035-147961-0008,2035/147961,LibriSpeech_2035,LibriSpeech_2035,1,39.32659856089326,maximum_decision_score
3,491,2035-147961-0009,2035/147961,LibriSpeech_2035,LibriSpeech_2035,1,39.3273571740178,maximum_decision_score
3,492,2035-147961-0010,2035/147961,LibriSpeech_2035,LibriSpeech_2035,1,39.32577607206847,maximum_decision_score
4,493,2035-147961-0011,2035/147961,LibriSpeech_2035,LibriSpeech_2035,1,39.32671107186087,maximum_decision_score
1,494,2035-147961-0012,2035/147961,LibriSpeech_2035,LibriSpeech_2035,1,39.32453391761038,maximum_decision_score
3,495,2035-147961-0013,2035/147961,LibriSpeech_2035,LibriSpeech_2035,1,39.327396831775765,maximum_decision_score
1,496,2035-147961-0014,2035/147961,LibriSpeech_2035,LibriSpeech_2035,1,39.32719495023638,maximum_decision_score
2,497,2035-147961-0015,2035/147961,LibriSpeech_2035,LibriSpeech_2035,1,39.32792926385525,maximum_decision_score
3,498,2035-147961-0016,2035/147961,LibriSpeech_2035,LibriSpeech_2035,1,39.32699499166362,maximum_decision_score
3,499,2035-147961-0017,2035/147961,LibriSpeech_2035,LibriSpeech_2035,1,39.324425023086704,maximum_decision_score
2,500,2035-147961-0018,2035/147961,LibriSpeech_2035,LibriSpeech_2035,1,39.327488618414705,maximum_decision_score
5,501,2035-147961-0019,2035/147961,LibriSpeech_2035,LibriSpeech_2035,1,39.32629279358724,maximum_decision_score
2,502,2035-147961-0020,2035/147961,LibriSpeech_2035,LibriSpeech_2035,1,39.32683570150205,maximum_decision_score
4,503,2035-147961-0021,2035/147961,LibriSpeech_2035,LibriSpeech_2035,1,39.326501116584566,maximum_decision_score
5,504,2035-147961-0022,2035/147961,LibriSpeech_2035,LibriSpeech_2035,1,39.32689059031412,maximum_decision_score
1,505,2035-147961-0023,2035/147961,LibriSpeech_2035,LibriSpeech_2035,1,39.32579241662867,maximum_decision_score
1,506,2035-147961-0024,2035/147961,LibriSpeech_2035,LibriSpeech_2035,1,39.32689244776865,maximum_decision_score
2,507,2035-147961-0025,2035/147961,LibriSpeech_2035,LibriSpeech_2035,1,39.324978983945144,maximum_decision_score
5,508,2035-147961-0026,2035/147961,LibriSpeech_2035,LibriSpeech_2035,1,39.32683578148848,maximum_decision_score
2,509,2035-147961-0027,2035/147961,LibriSpeech_2035,LibriSpeech_2035,1,39.32480958439422,maximum_decision_score
3,510,2035-147961-0028,2035/147961,LibriSpeech_2035,LibriSpeech_2035,1,39.32399978940327,maximum_decision_score
1,511,2035-147961-0029,2035/147961,LibriSpeech_2035,LibriSpeech_2035,1,39.32713227856162,maximum_decision_score
5,512,2035-147961-0030,2035/147961,LibriSpeech_2035,LibriSpeech_2035,1,39.326650726307754,maximum_decision_score
4,513,2035-147961-0031,2035/147961,LibriSpeech_2035,LibriSpeech_2035,1,39.326873203128194,maximum_decision_score
4,514,2035-147961-0032,2035/147961,LibriSpeech_2035,LibriSpeech_2035,1,39.32713037606279,maximum_decision_score
3,515,2035-147961-0033,2035/147961,LibriSpeech_2035,LibriSpeech_2035,1,39.325017966645575,maximum_decision_score
3,516,2035-147961-0034,2035/147961,LibriSpeech_2035,LibriSpeech_2035,1,39.32457491038995,maximum_decision_score
4,517,2035-147961-0035,2035/147961,LibriSpeech_2035,LibriSpeech_2035,1,39.32661416351634,maximum_decision_score
1,518,2035-147961-0036,2035/147961,LibriSpeech_2035,LibriSpeech_2035,1,39.326963232064344,maximum_decision_score
3,519,2035-147961-0037,2035/147961,LibriSpeech_2035,LibriSpeech_2035,1,39.3270021714888,maximum_decision_score
4,520,2035-147961-0038,2035/147961,LibriSpeech_2035,LibriSpeech_2035,1,39.32660516904975,maximum_decision_score
3,521,2035-147961-0039,2035/147961,LibriSpeech_2035,LibriSpeech_2035,1,39.32582969949318,maximum_decision_score
5,522,2035-147961-0040,2035/147961,LibriSpeech_2035,LibriSpeech_2035,1,39.32677070969177,maximum_decision_score
1,523,2035-152373-0000,2035/152373,LibriSpeech_2035,LibriSpeech_2035,1,39.32654566454779,maximum_decision_score
3,524,2035-152373-0001,2035/152373,LibriSpeech_2035,LibriSpeech_2035,1,39.32573469026772,maximum_decision_score
2,525,2035-152373-0002,2035/152373,LibriSpeech_2035,LibriSpeech_2035,1,39.32587426939454,maximum_decision_score
5,526,2035-152373-0003,2035/152373,LibriSpeech_2035,LibriSpeech_2035,1,39.32527435544338,maximum_decision_score
2,527,2035-152373-0004,2035/152373,LibriSpeech_2035,LibriSpeech_2035,1,39.32550525640065,maximum_decision_score
1,528,2035-152373-0005,2035/152373,LibriSpeech_2035,LibriSpeech_2035,1,39.32603020316116,maximum_decision_score
2,529,2035-152373-0006,2035/152373,LibriSpeech_2035,LibriSpeech_2035,1,39.32590036583411,maximum_decision_score
5,530,2035-152373-0007,2035/152373,LibriSpeech_2035,LibriSpeech_2035,1,39.326776360825924,maximum_decision_score
1,531,2035-152373-0008,2035/152373,LibriSpeech_2035,LibriSpeech_2035,1,39.32713075681859,maximum_decision_score
1,532,2035-152373-0009,2035/152373,LibriSpeech_2035,LibriSpeech_2035,1,39.326047128859045,maximum_decision_score
5,533,2035-152373-0010,2035/152373,LibriSpeech_2035,LibriSpeech_2035,1,39.32638883126935,maximum_decision_score
2,534,2035-152373-0011,2035/152373,LibriSpeech_2035,LibriSpeech_2035,1,39.32624937341911,maximum_decision_score
4,535,2035-152373-0012,2035/152373,LibriSpeech_2035,LibriSpeech_2035,1,39.325852611735066,maximum_decision_score
1,536,2035-152373-0013,2035/152373,LibriSpeech_2035,LibriSpeech_2035,1,39.326689354340594,maximum_decision_score
5,537,2035-152373-0014,2035/152373,LibriSpeech_2035,LibriSpeech_2035,1,39.326015265549394,maximum_decision_score
4,538,2035-152373-0015,2035/152373,LibriSpeech_2035,LibriSpeech_2035,1,39.32441334059396,maximum_decision_score
2,539,2035-152373-0016,2035/152373,LibriSpeech_2035,LibriSpeech_2035,1,39.325482304157354,maximum_decision_score
2,540,2035-152373-0017,2035/152373,LibriSpeech_2035,LibriSpeech_2035,1,39.324879883431905,maximum_decision_score
4,541,2035-152373-0018,2035/152373,LibriSpeech_2035,LibriSpeech_2035,1,39.32637489936877,maximum_decision_score
4,542,2078-142845-0000,2078/142845,LibriSpeech_2078,LibriSpeech_2078,1,39.326174557186185,maximum_decision_score
3,543,2078-142845-0001,2078/142845,LibriSpeech_2078,LibriSpeech_2078,1,39.326689897878126,maximum_decision_score
5,544,2078-142845-0002,2078/142845,LibriSpeech_2078,LibriSpeech_2078,1,39.32668983202088,maximum_decision_score
1,545,2078-142845-0003,2078/142845,LibriSpeech_2078,LibriSpeech_2078,1,39.32574961057025,maximum_decision_score
4,546,2078-142845-0004,2078/142845,LibriSpeech_2078,LibriSpeech_2078,1,39.3257611904668,maximum_decision_score
2,547,2078-142845-0005,2078/142845,LibriSpeech_2078,LibriSpeech_2078,1,39.326054674198915,maximum_decision_score
4,548,2078-142845-0006,2078/142845,LibriSpeech_2078,LibriSpeech_2078,1,39.32624732571543,maximum_decision_score
3,549,2078-142845-0007,2078/142845,LibriSpeech_2078,LibriSpeech_2078,1,39.3266224127034,maximum_decision_score
5,550,2078-142845-0008,2078/142845,LibriSpeech_2078,LibriSpeech_2078,1,39.3261054046794,maximum_decision_score
1,551,2078-142845-0009,2078/142845,LibriSpeech_2078,LibriSpeech_2078,1,39.32731629212244,maximum_decision_score
3,552,2078-142845-0010,2078/142845,LibriSpeech_2078,LibriSpeech_2078,1,39.32657383163635,maximum_decision_score
4,553,2078-142845-0011,2078/142845,LibriSpeech_2078,LibriSpeech_2078,1,39.32644980052512,maximum_decision_score
3,554,2078-142845-0012,2078/142845,LibriSpeech_2078,LibriSpeech_2078,1,39.32651802788206,maximum_decision_score
1,555,2078-142845-0013,2078/142845,LibriSpeech_2078,LibriSpeech_2078,1,39.326069096835624,maximum_decision_score
3,556,2078-142845-0014,2078/142845,LibriSpeech_2078,LibriSpeech_2078,1,39.32698966570438,maximum_decision_score
1,557,2078-142845-0015,2078/142845,LibriSpeech_2078,LibriSpeech_2078,1,39.32572300123043,maximum_decision_score
1,558,2078-142845-0016,2078/142845,LibriSpeech_2078,LibriSpeech_2078,1,39.3267533192209,maximum_decision_score
1,559,2078-142845-0017,2078/142845,LibriSpeech_2078,LibriSpeech_2078,1,39.32655244074453,maximum_decision_score
5,560,2078-142845-0018,2078/142845,LibriSpeech_2078,LibriSpeech_2078,1,39.3271236572927,maximum_decision_score
5,561,2078-142845-0019,2078/142845,LibriSpeech_2078,LibriSpeech_2078,1,39.32557954401438,maximum_decision_score
4,562,2078-142845-0020,2078/142845,LibriSpeech_2078,LibriSpeech_2078,1,39.326946899137134,maximum_decision_score
5,563,2078-142845-0021,2078/142845,LibriSpeech_2078,LibriSpeech_2078,1,39.32700441471955,maximum_decision_score
4,564,2078-142845-0022,2078/142845,LibriSpeech_2078,LibriSpeech_2078,1,39.325362111208904,maximum_decision_score
4,565,2078-142845-0023,2078/142845,LibriSpeech_2078,LibriSpeech_6313,0,39.32627978495407,maximum_decision_score
3,566,2078-142845-0024,2078/142845,LibriSpeech_2078,LibriSpeech_2078,1,39.325126049568915,maximum_decision_score
5,567,2078-142845-0025,2078/142845,LibriSpeech_2078,LibriSpeech_2078,1,39.32485148032159,maximum_decision_score
5,568,2078-142845-0026,2078/142845,LibriSpeech_2078,LibriSpeech_2078,1,39.32565263016619,maximum_decision_score
3,569,2078-142845-0027,2078/142845,LibriSpeech_2078,LibriSpeech_2078,1,39.32700405564752,maximum_decision_score
5,570,2078-142845-0028,2078/142845,LibriSpeech_2078,LibriSpeech_2078,1,39.326437507507066,maximum_decision_score
1,571,2078-142845-0029,2078/142845,LibriSpeech_2078,LibriSpeech_2078,1,39.32675629054823,maximum_decision_score
4,572,2078-142845-0030,2078/142845,LibriSpeech_2078,LibriSpeech_2078,1,39.32562787628604,maximum_decision_score
4,573,2078-142845-0031,2078/142845,LibriSpeech_2078,LibriSpeech_2078,1,39.32565379759195,maximum_decision_score
2,574,2078-142845-0032,2078/142845,LibriSpeech_2078,LibriSpeech_2078,1,39.32531020297934,maximum_decision_score
4,575,2078-142845-0033,2078/142845,LibriSpeech_2078,LibriSpeech_2078,1,39.32638959706117,maximum_decision_score
3,576,2078-142845-0034,2078/142845,LibriSpeech_2078,LibriSpeech_2078,1,39.326739339635836,maximum_decision_score
2,577,2078-142845-0035,2078/142845,LibriSpeech_2078,LibriSpeech_2078,1,39.3269491159279,maximum_decision_score
1,578,2078-142845-0036,2078/142845,LibriSpeech_2078,LibriSpeech_2078,1,39.325959411471864,maximum_decision_score
2,579,2078-142845-0037,2078/142845,LibriSpeech_2078,LibriSpeech_2078,1,39.326028816491466,maximum_decision_score
3,580,2078-142845-0038,2078/142845,LibriSpeech_2078,LibriSpeech_2078,1,39.32621370247632,maximum_decision_score
1,581,2078-142845-0039,2078/142845,LibriSpeech_2078,LibriSpeech_2078,1,39.325855605301086,maximum_decision_score
2,582,2078-142845-0040,2078/142845,LibriSpeech_2078,LibriSpeech_2078,1,39.32564472698151,maximum_decision_score
3,583,2078-142845-0041,2078/142845,LibriSpeech_2078,LibriSpeech_2078,1,39.32685073345197,maximum_decision_score
1,584,2078-142845-0042,2078/142845,LibriSpeech_2078,LibriSpeech_2078,1,39.32581016167783,maximum_decision_score
2,585,2078-142845-0043,2078/142845,LibriSpeech_2078,LibriSpeech_2078,1,39.32618901694131,maximum_decision_score
2,586,2078-142845-0044,2078/142845,LibriSpeech_2078,LibriSpeech_2078,1,39.32716678772026,maximum_decision_score
2,587,2078-142845-0045,2078/142845,LibriSpeech_2078,LibriSpeech_2078,1,39.325579066374225,maximum_decision_score
5,588,2078-142845-0046,2078/142845,LibriSpeech_2078,LibriSpeech_2078,1,39.32659984731019,maximum_decision_score
2,589,2078-142845-0047,2078/142845,LibriSpeech_2078,LibriSpeech_2078,1,39.32535507043342,maximum_decision_score
5,590,2078-142845-0048,2078/142845,LibriSpeech_2078,LibriSpeech_2078,1,39.32484775648258,maximum_decision_score
4,591,2078-142845-0049,2078/142845,LibriSpeech_2078,LibriSpeech_2078,1,39.32600519310468,maximum_decision_score
2,592,2078-142845-0050,2078/142845,LibriSpeech_2078,LibriSpeech_2078,1,39.32689988122883,maximum_decision_score
5,593,2078-142845-0051,2078/142845,LibriSpeech_2078,LibriSpeech_2078,1,39.32523052479444,maximum_decision_score
4,594,2086-149214-0000,2086/149214,LibriSpeech_2086,LibriSpeech_2086,1,39.32595778599424,maximum_decision_score
5,595,2086-149214-0001,2086/149214,LibriSpeech_2086,LibriSpeech_2086,1,39.326247249342956,maximum_decision_score
5,596,2086-149214-0002,2086/149214,LibriSpeech_2086,LibriSpeech_2086,1,39.32634673665358,maximum_decision_score
3,597,2086-149214-0003,2086/149214,LibriSpeech_2086,LibriSpeech_2086,1,39.32518297821808,maximum_decision_score
2,598,2086-149214-0004,2086/149214,LibriSpeech_2086,LibriSpeech_2086,1,39.326127625018486,maximum_decision_score
2,599,2086-149220-0000,2086/149220,LibriSpeech_2086,LibriSpeech_2086,1,39.32684506424092,maximum_decision_score
4,600,2086-149220-0001,2086/149220,LibriSpeech_2086,LibriSpeech_2086,1,39.32670778364697,maximum_decision_score
5,601,2086-149220-0002,2086/149220,LibriSpeech_2086,LibriSpeech_2086,1,39.32713438432949,maximum_decision_score
3,602,2086-149220-0003,2086/149220,LibriSpeech_2086,LibriSpeech_2086,1,39.326167056423664,maximum_decision_score
4,603,2086-149220-0004,2086/149220,LibriSpeech_2086,LibriSpeech_2086,1,39.32703393337663,maximum_decision_score
4,604,2086-149220-0005,2086/149220,LibriSpeech_2086,LibriSpeech_2086,1,39.3260938322027,maximum_decision_score
1,605,2086-149220-0006,2086/149220,LibriSpeech_2086,LibriSpeech_2086,1,39.32675550487631,maximum_decision_score
4,606,2086-149220-0007,2086/149220,LibriSpeech_2086,LibriSpeech_2086,1,39.32617743060288,maximum_decision_score
5,607,2086-149220-0008,2086/149220,LibriSpeech_2086,LibriSpeech_2086,1,39.32661484167476,maximum_decision_score
5,608,2086-149220-0009,2086/149220,LibriSpeech_2086,LibriSpeech_2086,1,39.32712250140603,maximum_decision_score
4,609,2086-149220-0010,2086/149220,LibriSpeech_2086,LibriSpeech_2086,1,39.32658831115405,maximum_decision_score
4,610,2086-149220-0011,2086/149220,LibriSpeech_2086,LibriSpeech_2086,1,39.326852654666396,maximum_decision_score
2,611,2086-149220-0012,2086/149220,LibriSpeech_2086,LibriSpeech_2086,1,39.32630605812339,maximum_decision_score
3,612,2086-149220-0013,2086/149220,LibriSpeech_2086,LibriSpeech_2086,1,39.325810509857384,maximum_decision_score
5,613,2086-149220-0014,2086/149220,LibriSpeech_2086,LibriSpeech_2086,1,39.3261254980646,maximum_decision_score
1,614,2086-149220-0015,2086/149220,LibriSpeech_2086,LibriSpeech_2086,1,39.32607582447871,maximum_decision_score
1,615,2086-149220-0016,2086/149220,LibriSpeech_2086,LibriSpeech_2086,1,39.326199471493375,maximum_decision_score
3,616,2086-149220-0017,2086/149220,LibriSpeech_2086,LibriSpeech_2086,1,39.32652002668456,maximum_decision_score
5,617,2086-149220-0018,2086/149220,LibriSpeech_2086,LibriSpeech_2086,1,39.32702307056774,maximum_decision_score
1,618,2086-149220-0019,2086/149220,LibriSpeech_2086,LibriSpeech_2086,1,39.32691625080333,maximum_decision_score
5,619,2086-149220-0020,2086/149220,LibriSpeech_2086,LibriSpeech_2086,1,39.32599889547384,maximum_decision_score
1,620,2086-149220-0021,2086/149220,LibriSpeech_2086,LibriSpeech_2086,1,39.32425599119923,maximum_decision_score
3,621,2086-149220-0022,2086/149220,LibriSpeech_2086,LibriSpeech_2086,1,39.32528508888432,maximum_decision_score
1,622,2086-149220-0023,2086/149220,LibriSpeech_2086,LibriSpeech_2086,1,39.32629262364432,maximum_decision_score
2,623,2086-149220-0024,2086/149220,LibriSpeech_2086,LibriSpeech_2086,1,39.32584482738287,maximum_decision_score
2,624,2086-149220-0025,2086/149220,LibriSpeech_2086,LibriSpeech_2086,1,39.32694060807562,maximum_decision_score
3,625,2086-149220-0026,2086/149220,LibriSpeech_2086,LibriSpeech_2086,1,39.32600471741734,maximum_decision_score
3,626,2086-149220-0027,2086/149220,LibriSpeech_2086,LibriSpeech_2086,1,39.325275695632925,maximum_decision_score
4,627,2086-149220-0028,2086/149220,LibriSpeech_2086,LibriSpeech_2086,1,39.326451958646,maximum_decision_score
3,628,2086-149220-0029,2086/149220,LibriSpeech_2086,LibriSpeech_2086,1,39.326966182778115,maximum_decision_score
2,629,2086-149220-0030,2086/149220,LibriSpeech_2086,LibriSpeech_2086,1,39.326193516341775,maximum_decision_score
2,630,2086-149220-0031,2086/149220,LibriSpeech_2086,LibriSpeech_2086,1,39.326667497202905,maximum_decision_score
1,631,2086-149220-0032,2086/149220,LibriSpeech_2086,LibriSpeech_2086,1,39.324733807134585,maximum_decision_score
4,632,2086-149220-0033,2086/149220,LibriSpeech_2086,LibriSpeech_2086,1,39.32716687908346,maximum_decision_score
3,633,2086-149220-0034,2086/149220,LibriSpeech_2086,LibriSpeech_2086,1,39.325514012610626,maximum_decision_score
5,634,2086-149220-0035,2086/149220,LibriSpeech_2086,LibriSpeech_2086,1,39.32635989682498,maximum_decision_score
2,635,2086-149220-0036,2086/149220,LibriSpeech_2086,LibriSpeech_2086,1,39.325822553501155,maximum_decision_score
2,636,2086-149220-0037,2086/149220,LibriSpeech_2086,LibriSpeech_2086,1,39.32628894882226,maximum_decision_score
1,637,2086-149220-0038,2086/149220,LibriSpeech_2086,LibriSpeech_2086,1,39.32519028564196,maximum_decision_score
1,638,2086-149220-0039,2086/149220,LibriSpeech_2086,LibriSpeech_2086,1,39.32301633489839,maximum_decision_score
3,639,2086-149220-0040,2086/149220,LibriSpeech_2086,LibriSpeech_2086,1,39.323206490966896,maximum_decision_score
4,640,2086-149220-0041,2086/149220,LibriSpeech_2086,LibriSpeech_2086,1,39.32681296717621,maximum_decision_score
1,641,2086-149220-0042,2086/149220,LibriSpeech_2086,LibriSpeech_2086,1,39.3247048832144,maximum_decision_score
5,642,2086-149220-0043,2086/149220,LibriSpeech_2086,LibriSpeech_2086,1,39.32509992513835,maximum_decision_score
3,643,2086-149220-0044,2086/149220,LibriSpeech_2086,LibriSpeech_2086,1,39.325734021291446,maximum_decision_score
5,644,2086-149220-0045,2086/149220,LibriSpeech_2086,LibriSpeech_2086,1,39.326704539695406,maximum_decision_score
1,645,2086-149220-0046,2086/149220,LibriSpeech_2086,LibriSpeech_2086,1,39.325023302689665,maximum_decision_score
2,646,2086-149220-0047,2086/149220,LibriSpeech_2086,LibriSpeech_2086,1,39.32718807509164,maximum_decision_score
2,647,2086-149220-0048,2086/149220,LibriSpeech_2086,LibriSpeech_2086,1,39.32665999513404,maximum_decision_score
4,648,2086-149220-0049,2086/149220,LibriSpeech_2086,LibriSpeech_2086,1,39.326345022026906,maximum_decision_score
2,649,2277-149874-0000,2277/149874,LibriSpeech_2277,LibriSpeech_2277,1,39.32560569150958,maximum_decision_score
1,650,2277-149874-0001,2277/149874,LibriSpeech_2277,LibriSpeech_2277,1,39.3268698669731,maximum_decision_score
1,651,2277-149874-0002,2277/149874,LibriSpeech_2277,LibriSpeech_2277,1,39.32613515354214,maximum_decision_score
3,652,2277-149874-0003,2277/149874,LibriSpeech_2277,LibriSpeech_2277,1,39.325563225764704,maximum_decision_score
5,653,2277-149874-0004,2277/149874,LibriSpeech_2277,LibriSpeech_2277,1,39.325687682802524,maximum_decision_score
2,654,2277-149874-0005,2277/149874,LibriSpeech_2277,LibriSpeech_2277,1,39.32426113736024,maximum_decision_score
5,655,2277-149874-0006,2277/149874,LibriSpeech_2277,LibriSpeech_2277,1,39.32630112981644,maximum_decision_score
2,656,2277-149874-0007,2277/149874,LibriSpeech_2277,LibriSpeech_2277,1,39.32538803887464,maximum_decision_score
2,657,2277-149874-0008,2277/149874,LibriSpeech_2277,LibriSpeech_2277,1,39.32583470263576,maximum_decision_score
4,658,2277-149874-0009,2277/149874,LibriSpeech_2277,LibriSpeech_2277,1,39.32673708107546,maximum_decision_score
3,659,2277-149874-0010,2277/149874,LibriSpeech_2277,LibriSpeech_2277,1,39.325378577089865,maximum_decision_score
5,660,2277-149874-0011,2277/149874,LibriSpeech_2277,LibriSpeech_2277,1,39.32538237407597,maximum_decision_score
4,661,2277-149874-0012,2277/149874,LibriSpeech_2277,LibriSpeech_2277,1,39.32610955123408,maximum_decision_score
4,662,2277-149874-0013,2277/149874,LibriSpeech_2277,LibriSpeech_2277,1,39.32687584209435,maximum_decision_score
3,663,2277-149874-0014,2277/149874,LibriSpeech_2277,LibriSpeech_2277,1,39.325871585528276,maximum_decision_score
4,664,2277-149874-0015,2277/149874,LibriSpeech_2277,LibriSpeech_2277,1,39.326361221983134,maximum_decision_score
4,665,2277-149874-0016,2277/149874,LibriSpeech_2277,LibriSpeech_2277,1,39.32637588911737,maximum_decision_score
5,666,2277-149874-0017,2277/149874,LibriSpeech_2277,LibriSpeech_2277,1,39.326688024410736,maximum_decision_score
1,667,2277-149874-0018,2277/149874,LibriSpeech_2277,LibriSpeech_2277,1,39.32694869219012,maximum_decision_score
3,668,2277-149874-0019,2277/149874,LibriSpeech_2277,LibriSpeech_2277,1,39.32600033769066,maximum_decision_score
4,669,2277-149874-0020,2277/149874,LibriSpeech_2277,LibriSpeech_2277,1,39.32575349693164,maximum_decision_score
2,670,2277-149874-0021,2277/149874,LibriSpeech_2277,LibriSpeech_2277,1,39.32673469848342,maximum_decision_score
5,671,2277-149896-0000,2277/149896,LibriSpeech_2277,LibriSpeech_2277,1,39.32656510334044,maximum_decision_score
1,672,2277-149896-0001,2277/149896,LibriSpeech_2277,LibriSpeech_2277,1,39.32432983419185,maximum_decision_score
3,673,2277-149896-0002,2277/149896,LibriSpeech_2277,LibriSpeech_2277,1,39.32686350735807,maximum_decision_score
1,674,2277-149896-0003,2277/149896,LibriSpeech_2277,LibriSpeech_2277,1,39.32698016726852,maximum_decision_score
4,675,2277-149896-0004,2277/149896,LibriSpeech_2277,LibriSpeech_5338,0,39.32639607875105,maximum_decision_score
4,676,2277-149896-0005,2277/149896,LibriSpeech_2277,LibriSpeech_2277,1,39.3261746719406,maximum_decision_score
1,677,2277-149896-0006,2277/149896,LibriSpeech_2277,LibriSpeech_2277,1,39.32620112710945,maximum_decision_score
2,678,2277-149896-0007,2277/149896,LibriSpeech_2277,LibriSpeech_2277,1,39.326226365687205,maximum_decision_score
1,679,2277-149896-0008,2277/149896,LibriSpeech_2277,LibriSpeech_2277,1,39.32610909779793,maximum_decision_score
1,680,2277-149896-0009,2277/149896,LibriSpeech_2277,LibriSpeech_2277,1,39.32643116219906,maximum_decision_score
4,681,2277-149896-0010,2277/149896,LibriSpeech_2277,LibriSpeech_2277,1,39.32656219277193,maximum_decision_score
2,682,2277-149896-0011,2277/149896,LibriSpeech_2277,LibriSpeech_2277,1,39.32713819009475,maximum_decision_score
2,683,2277-149896-0012,2277/149896,LibriSpeech_2277,LibriSpeech_2277,1,39.32511753871655,maximum_decision_score
3,684,2277-149896-0013,2277/149896,LibriSpeech_2277,LibriSpeech_2277,1,39.32611113388503,maximum_decision_score
3,685,2277-149896-0014,2277/149896,LibriSpeech_2277,LibriSpeech_2277,1,39.32645574643565,maximum_decision_score
5,686,2277-149896-0015,2277/149896,LibriSpeech_2277,LibriSpeech_2277,1,39.3269800492023,maximum_decision_score
2,687,2277-149896-0016,2277/149896,LibriSpeech_2277,LibriSpeech_2277,1,39.32611964838927,maximum_decision_score
4,688,2277-149896-0017,2277/149896,LibriSpeech_2277,LibriSpeech_2277,1,39.3269914004149,maximum_decision_score
3,689,2277-149896-0018,2277/149896,LibriSpeech_2277,LibriSpeech_2277,1,39.32622268705442,maximum_decision_score
2,690,2277-149896-0019,2277/149896,LibriSpeech_2277,LibriSpeech_2277,1,39.325961078888035,maximum_decision_score
1,691,2277-149896-0020,2277/149896,LibriSpeech_2277,LibriSpeech_2277,1,39.32648832477114,maximum_decision_score
5,692,2277-149896-0021,2277/149896,LibriSpeech_2277,LibriSpeech_2277,1,39.32601350874923,maximum_decision_score
2,693,2277-149896-0022,2277/149896,LibriSpeech_2277,LibriSpeech_2277,1,39.327217691198406,maximum_decision_score
4,694,2277-149896-0023,2277/149896,LibriSpeech_2277,LibriSpeech_2277,1,39.32685308155007,maximum_decision_score
4,695,2277-149896-0024,2277/149896,LibriSpeech_2277,LibriSpeech_2277,1,39.32739756903987,maximum_decision_score
2,696,2277-149896-0025,2277/149896,LibriSpeech_2277,LibriSpeech_2277,1,39.327285631583635,maximum_decision_score
3,697,2277-149896-0026,2277/149896,LibriSpeech_2277,LibriSpeech_2277,1,39.32693124705309,maximum_decision_score
3,698,2277-149896-0027,2277/149896,LibriSpeech_2277,LibriSpeech_2277,1,39.3270264807013,maximum_decision_score
1,699,2277-149896-0028,2277/149896,LibriSpeech_2277,LibriSpeech_2277,1,39.32818579139832,maximum_decision_score
2,700,2277-149896-0029,2277/149896,LibriSpeech_2277,LibriSpeech_2277,1,39.327517991967895,maximum_decision_score
2,701,2277-149896-0030,2277/149896,LibriSpeech_2277,LibriSpeech_2277,1,39.32698644449548,maximum_decision_score
3,702,2277-149896-0031,2277/149896,LibriSpeech_2277,LibriSpeech_2277,1,39.32674405889736,maximum_decision_score
1,703,2277-149896-0032,2277/149896,LibriSpeech_2277,LibriSpeech_2277,1,39.326785081883735,maximum_decision_score
3,704,2277-149896-0033,2277/149896,LibriSpeech_2277,LibriSpeech_2277,1,39.32682311986094,maximum_decision_score
5,705,2277-149896-0034,2277/149896,LibriSpeech_2277,LibriSpeech_2277,1,39.32740687542419,maximum_decision_score
2,706,2277-149897-0000,2277/149897,LibriSpeech_2277,LibriSpeech_2277,1,39.32740839961607,maximum_decision_score
4,707,2277-149897-0001,2277/149897,LibriSpeech_2277,LibriSpeech_2277,1,39.32636707144304,maximum_decision_score
1,708,2277-149897-0002,2277/149897,LibriSpeech_2277,LibriSpeech_2277,1,39.32556576583819,maximum_decision_score
1,709,2277-149897-0003,2277/149897,LibriSpeech_2277,LibriSpeech_2277,1,39.32793093735992,maximum_decision_score
3,710,2277-149897-0004,2277/149897,LibriSpeech_2277,LibriSpeech_2277,1,39.32728208836838,maximum_decision_score
5,711,2277-149897-0005,2277/149897,LibriSpeech_2277,LibriSpeech_2277,1,39.327485849293815,maximum_decision_score
1,712,2277-149897-0006,2277/149897,LibriSpeech_2277,LibriSpeech_2277,1,39.325908973219946,maximum_decision_score
2,713,2277-149897-0007,2277/149897,LibriSpeech_2277,LibriSpeech_2277,1,39.32783260672763,maximum_decision_score
3,714,2277-149897-0008,2277/149897,LibriSpeech_2277,LibriSpeech_2277,1,39.32700008279261,maximum_decision_score
3,715,2277-149897-0009,2277/149897,LibriSpeech_2277,LibriSpeech_2277,1,39.32705154730556,maximum_decision_score
2,716,2277-149897-0010,2277/149897,LibriSpeech_2277,LibriSpeech_2277,1,39.32771128697699,maximum_decision_score
5,717,2277-149897-0011,2277/149897,LibriSpeech_2277,LibriSpeech_2277,1,39.32579207442486,maximum_decision_score
1,718,2277-149897-0012,2277/149897,LibriSpeech_2277,LibriSpeech_2277,1,39.32715476724164,maximum_decision_score
5,719,2277-149897-0013,2277/149897,LibriSpeech_2277,LibriSpeech_2277,1,39.326934215979364,maximum_decision_score
1,720,2277-149897-0014,2277/149897,LibriSpeech_2277,LibriSpeech_2277,1,39.32716185263447,maximum_decision_score
5,721,2277-149897-0015,2277/149897,LibriSpeech_2277,LibriSpeech_2277,1,39.326113767006255,maximum_decision_score
1,722,2277-149897-0016,2277/149897,LibriSpeech_2277,LibriSpeech_2277,1,39.327875582710114,maximum_decision_score
5,723,2277-149897-0017,2277/149897,LibriSpeech_2277,LibriSpeech_2277,1,39.327229236517574,maximum_decision_score
5,724,2277-149897-0018,2277/149897,LibriSpeech_2277,LibriSpeech_2277,1,39.32738932768723,maximum_decision_score
5,725,2277-149897-0019,2277/149897,LibriSpeech_2277,LibriSpeech_2277,1,39.327459607444545,maximum_decision_score
5,726,2277-149897-0020,2277/149897,LibriSpeech_2277,LibriSpeech_2277,1,39.327135455289195,maximum_decision_score
2,727,2277-149897-0021,2277/149897,LibriSpeech_2277,LibriSpeech_2277,1,39.327935036276,maximum_decision_score
3,728,2277-149897-0022,2277/149897,LibriSpeech_2277,LibriSpeech_2277,1,39.32701151855663,maximum_decision_score
1,729,2277-149897-0023,2277/149897,LibriSpeech_2277,LibriSpeech_2277,1,39.327605485053475,maximum_decision_score
5,730,2277-149897-0024,2277/149897,LibriSpeech_2277,LibriSpeech_2277,1,39.326956027148974,maximum_decision_score
3,731,2277-149897-0025,2277/149897,LibriSpeech_2277,LibriSpeech_2277,1,39.3273078588605,maximum_decision_score
4,732,2277-149897-0026,2277/149897,LibriSpeech_2277,LibriSpeech_2277,1,39.3274747164314,maximum_decision_score
4,733,2277-149897-0027,2277/149897,LibriSpeech_2277,LibriSpeech_2277,1,39.326834774343375,maximum_decision_score
4,734,2277-149897-0028,2277/149897,LibriSpeech_2277,LibriSpeech_2277,1,39.32794180061539,maximum_decision_score
1,735,2277-149897-0029,2277/149897,LibriSpeech_2277,LibriSpeech_2277,1,39.32627869821662,maximum_decision_score
4,736,2277-149897-0030,2277/149897,LibriSpeech_2277,LibriSpeech_2277,1,39.32775710408743,maximum_decision_score
4,737,2277-149897-0031,2277/149897,LibriSpeech_2277,LibriSpeech_2277,1,39.326816419803286,maximum_decision_score
5,738,2277-149897-0032,2277/149897,LibriSpeech_2277,LibriSpeech_2277,1,39.3275173099028,maximum_decision_score
5,739,2277-149897-0033,2277/149897,LibriSpeech_2277,LibriSpeech_2277,1,39.326608702290635,maximum_decision_score
4,740,2277-149897-0034,2277/149897,LibriSpeech_2277,LibriSpeech_2277,1,39.3271145174521,maximum_decision_score
3,741,2277-149897-0035,2277/149897,LibriSpeech_2277,LibriSpeech_2277,1,39.32555781745089,maximum_decision_score
3,742,2277-149897-0036,2277/149897,LibriSpeech_2277,LibriSpeech_2277,1,39.32713794779785,maximum_decision_score
2,743,2277-149897-0037,2277/149897,LibriSpeech_2277,LibriSpeech_2277,1,39.3251714681104,maximum_decision_score
5,744,2412-153947-0000,2412/153947,LibriSpeech_2412,LibriSpeech_2412,1,39.324843424360765,maximum_decision_score
1,745,2412-153947-0001,2412/153947,LibriSpeech_2412,LibriSpeech_2412,1,39.32625942186455,maximum_decision_score
3,746,2412-153947-0002,2412/153947,LibriSpeech_2412,LibriSpeech_2412,1,39.32551374477804,maximum_decision_score
1,747,2412-153947-0003,2412/153947,LibriSpeech_2412,LibriSpeech_2412,1,39.32661874001716,maximum_decision_score
4,748,2412-153947-0004,2412/153947,LibriSpeech_2412,LibriSpeech_2412,1,39.325795218634624,maximum_decision_score
1,749,2412-153947-0005,2412/153947,LibriSpeech_2412,LibriSpeech_2412,1,39.32637700157877,maximum_decision_score
3,750,2412-153947-0006,2412/153947,LibriSpeech_2412,LibriSpeech_2412,1,39.32646740109689,maximum_decision_score
4,751,2412-153947-0007,2412/153947,LibriSpeech_2412,LibriSpeech_2412,1,39.32647779046275,maximum_decision_score
2,752,2412-153947-0008,2412/153947,LibriSpeech_2412,LibriSpeech_2412,1,39.324633715502685,maximum_decision_score
4,753,2412-153947-0009,2412/153947,LibriSpeech_2412,LibriSpeech_2412,1,39.32635018340791,maximum_decision_score
3,754,2412-153947-0010,2412/153947,LibriSpeech_2412,LibriSpeech_2412,1,39.326152097303144,maximum_decision_score
3,755,2412-153947-0011,2412/153947,LibriSpeech_2412,LibriSpeech_2412,1,39.32627288579694,maximum_decision_score
4,756,2412-153947-0012,2412/153947,LibriSpeech_2412,LibriSpeech_2412,1,39.324251804570075,maximum_decision_score
5,757,2412-153947-0013,2412/153947,LibriSpeech_2412,LibriSpeech_2412,1,39.325907547100456,maximum_decision_score
2,758,2412-153947-0014,2412/153947,LibriSpeech_2412,LibriSpeech_2412,1,39.326042001916875,maximum_decision_score
4,759,2412-153947-0015,2412/153947,LibriSpeech_2412,LibriSpeech_2412,1,39.326065344689475,maximum_decision_score
3,760,2412-153947-0016,2412/153947,LibriSpeech_2412,LibriSpeech_2412,1,39.324619589266455,maximum_decision_score
5,761,2412-153948-0000,2412/153948,LibriSpeech_2412,LibriSpeech_2412,1,39.32603838372137,maximum_decision_score
1,762,2412-153948-0001,2412/153948,LibriSpeech_2412,LibriSpeech_2412,1,39.32658646520213,maximum_decision_score
2,763,2412-153948-0002,2412/153948,LibriSpeech_2412,LibriSpeech_2412,1,39.3254451937845,maximum_decision_score
4,764,2412-153948-0003,2412/153948,LibriSpeech_2412,LibriSpeech_2412,1,39.326571233224406,maximum_decision_score
5,765,2412-153948-0004,2412/153948,LibriSpeech_2412,LibriSpeech_2412,1,39.32645884701631,maximum_decision_score
3,766,2412-153948-0005,2412/153948,LibriSpeech_2412,LibriSpeech_2412,1,39.32546222034284,maximum_decision_score
5,767,2412-153948-0006,2412/153948,LibriSpeech_2412,LibriSpeech_2412,1,39.325619919957276,maximum_decision_score
2,768,2412-153948-0007,2412/153948,LibriSpeech_2412,LibriSpeech_2412,1,39.32580089707583,maximum_decision_score
2,769,2412-153948-0008,2412/153948,LibriSpeech_2412,LibriSpeech_2412,1,39.32627111105108,maximum_decision_score
1,770,2412-153948-0009,2412/153948,LibriSpeech_2412,LibriSpeech_2412,1,39.3270197157777,maximum_decision_score
5,771,2412-153948-0010,2412/153948,LibriSpeech_2412,LibriSpeech_2412,1,39.324537249179585,maximum_decision_score
4,772,2412-153948-0011,2412/153948,LibriSpeech_2412,LibriSpeech_2412,1,39.3265419570388,maximum_decision_score
5,773,2412-153948-0012,2412/153948,LibriSpeech_2412,LibriSpeech_2412,1,39.32642930627725,maximum_decision_score
3,774,2412-153948-0013,2412/153948,LibriSpeech_2412,LibriSpeech_2412,1,39.325617721233456,maximum_decision_score
3,775,2412-153948-0014,2412/153948,LibriSpeech_2412,LibriSpeech_2412,1,39.32592151550199,maximum_decision_score
2,776,2412-153948-0015,2412/153948,LibriSpeech_2412,LibriSpeech_2412,1,39.3253198597062,maximum_decision_score
4,777,2412-153954-0000,2412/153954,LibriSpeech_2412,LibriSpeech_2412,1,39.326193893036454,maximum_decision_score
2,778,2412-153954-0001,2412/153954,LibriSpeech_2412,LibriSpeech_2412,1,39.32716926011186,maximum_decision_score
3,779,2412-153954-0002,2412/153954,LibriSpeech_2412,LibriSpeech_2412,1,39.32501152785086,maximum_decision_score
1,780,2412-153954-0003,2412/153954,LibriSpeech_2412,LibriSpeech_2412,1,39.32667527753913,maximum_decision_score
5,781,2412-153954-0004,2412/153954,LibriSpeech_2412,LibriSpeech_2412,1,39.326090127501324,maximum_decision_score
5,782,2412-153954-0005,2412/153954,LibriSpeech_2412,LibriSpeech_2412,1,39.32636739935271,maximum_decision_score
3,783,2412-153954-0006,2412/153954,LibriSpeech_2412,LibriSpeech_2412,1,39.32654912165564,maximum_decision_score
1,784,2412-153954-0007,2412/153954,LibriSpeech_2412,LibriSpeech_2412,1,39.32569191363069,maximum_decision_score
1,785,2412-153954-0008,2412/153954,LibriSpeech_2412,LibriSpeech_2412,1,39.3256126293388,maximum_decision_score
3,786,2412-153954-0009,2412/153954,LibriSpeech_2412,LibriSpeech_2412,1,39.32610919841511,maximum_decision_score
2,787,2412-153954-0010,2412/153954,LibriSpeech_2412,LibriSpeech_2412,1,39.32694304617344,maximum_decision_score
2,788,2412-153954-0011,2412/153954,LibriSpeech_2412,LibriSpeech_2412,1,39.32546039082009,maximum_decision_score
4,789,2412-153954-0012,2412/153954,LibriSpeech_2412,LibriSpeech_2412,1,39.32716367314271,maximum_decision_score
2,790,2412-153954-0013,2412/153954,LibriSpeech_2412,LibriSpeech_2412,1,39.32417321189485,maximum_decision_score
5,791,2412-153954-0014,2412/153954,LibriSpeech_2412,LibriSpeech_2412,1,39.32657769019,maximum_decision_score
5,792,2412-153954-0015,2412/153954,LibriSpeech_2412,LibriSpeech_2412,1,39.32724422386578,maximum_decision_score
1,793,2412-153954-0016,2412/153954,LibriSpeech_2412,LibriSpeech_2412,1,39.32718077823749,maximum_decision_score
2,794,2412-153954-0017,2412/153954,LibriSpeech_2412,LibriSpeech_2412,1,39.32671282480105,maximum_decision_score
4,795,2412-153954-0018,2412/153954,LibriSpeech_2412,LibriSpeech_2412,1,39.326964184721355,maximum_decision_score
4,796,2412-153954-0019,2412/153954,LibriSpeech_2412,LibriSpeech_2412,1,39.326299984911415,maximum_decision_score
4,797,2412-153954-0020,2412/153954,LibriSpeech_2412,LibriSpeech_2412,1,39.32636257014874,maximum_decision_score
3,798,2412-153954-0021,2412/153954,LibriSpeech_2412,LibriSpeech_2412,1,39.324723616245436,maximum_decision_score
1,799,2412-153954-0022,2412/153954,LibriSpeech_2412,LibriSpeech_2412,1,39.326414969513515,maximum_decision_score
2,800,2412-153954-0023,2412/153954,LibriSpeech_2412,LibriSpeech_2412,1,39.32658681346805,maximum_decision_score
1,801,2412-153954-0024,2412/153954,LibriSpeech_2412,LibriSpeech_2412,1,39.326145029539816,maximum_decision_score
4,802,2428-83699-0000,2428/83699,LibriSpeech_2428,LibriSpeech_2428,1,39.32681840048856,maximum_decision_score
4,803,2428-83699-0001,2428/83699,LibriSpeech_2428,LibriSpeech_2428,1,39.325514641252795,maximum_decision_score
5,804,2428-83699-0002,2428/83699,LibriSpeech_2428,LibriSpeech_2428,1,39.32732610847541,maximum_decision_score
1,805,2428-83699-0003,2428/83699,LibriSpeech_2428,LibriSpeech_2428,1,39.32724877658977,maximum_decision_score
1,806,2428-83699-0004,2428/83699,LibriSpeech_2428,LibriSpeech_2428,1,39.32627737177836,maximum_decision_score
5,807,2428-83699-0005,2428/83699,LibriSpeech_2428,LibriSpeech_2428,1,39.32679128645473,maximum_decision_score
2,808,2428-83699-0006,2428/83699,LibriSpeech_2428,LibriSpeech_2428,1,39.326804814414466,maximum_decision_score
5,809,2428-83699-0007,2428/83699,LibriSpeech_2428,LibriSpeech_2428,1,39.32676533584414,maximum_decision_score
5,810,2428-83699-0008,2428/83699,LibriSpeech_2428,LibriSpeech_2428,1,39.32731202897796,maximum_decision_score
1,811,2428-83699-0009,2428/83699,LibriSpeech_2428,LibriSpeech_2428,1,39.326434921011206,maximum_decision_score
1,812,2428-83699-0010,2428/83699,LibriSpeech_2428,LibriSpeech_2428,1,39.326267826020825,maximum_decision_score
3,813,2428-83699-0011,2428/83699,LibriSpeech_2428,LibriSpeech_2428,1,39.32711801851817,maximum_decision_score
1,814,2428-83699-0012,2428/83699,LibriSpeech_2428,LibriSpeech_2428,1,39.3266811114081,maximum_decision_score
2,815,2428-83699-0013,2428/83699,LibriSpeech_2428,LibriSpeech_2428,1,39.32677734897546,maximum_decision_score
3,816,2428-83699-0014,2428/83699,LibriSpeech_2428,LibriSpeech_2428,1,39.32661002553285,maximum_decision_score
4,817,2428-83699-0015,2428/83699,LibriSpeech_2428,LibriSpeech_2428,1,39.32391531513223,maximum_decision_score
4,818,2428-83699-0016,2428/83699,LibriSpeech_2428,LibriSpeech_2428,1,39.32701215311402,maximum_decision_score
5,819,2428-83699-0017,2428/83699,LibriSpeech_2428,LibriSpeech_2428,1,39.326812502534615,maximum_decision_score
4,820,2428-83699-0018,2428/83699,LibriSpeech_2428,LibriSpeech_2428,1,39.32651014948595,maximum_decision_score
1,821,2428-83699-0019,2428/83699,LibriSpeech_2428,LibriSpeech_2428,1,39.325749023405905,maximum_decision_score
4,822,2428-83699-0020,2428/83699,LibriSpeech_2428,LibriSpeech_2428,1,39.32711484236954,maximum_decision_score
1,823,2428-83699-0021,2428/83699,LibriSpeech_2428,LibriSpeech_2428,1,39.32617486481131,maximum_decision_score
4,824,2428-83699-0022,2428/83699,LibriSpeech_2428,LibriSpeech_2428,1,39.32449279056459,maximum_decision_score
2,825,2428-83699-0023,2428/83699,LibriSpeech_2428,LibriSpeech_2428,1,39.32720350706964,maximum_decision_score
2,826,2428-83699-0024,2428/83699,LibriSpeech_2428,LibriSpeech_2428,1,39.32770870118552,maximum_decision_score
5,827,2428-83699-0025,2428/83699,LibriSpeech_2428,LibriSpeech_2428,1,39.32682834675841,maximum_decision_score
3,828,2428-83699-0026,2428/83699,LibriSpeech_2428,LibriSpeech_2428,1,39.326911835247905,maximum_decision_score
5,829,2428-83699-0027,2428/83699,LibriSpeech_2428,LibriSpeech_2428,1,39.32739694802398,maximum_decision_score
5,830,2428-83699-0028,2428/83699,LibriSpeech_2428,LibriSpeech_2428,1,39.326434525629125,maximum_decision_score
3,831,2428-83699-0029,2428/83699,LibriSpeech_2428,LibriSpeech_2428,1,39.32721595759958,maximum_decision_score
2,832,2428-83699-0030,2428/83699,LibriSpeech_2428,LibriSpeech_2428,1,39.327269334202164,maximum_decision_score
1,833,2428-83699-0031,2428/83699,LibriSpeech_2428,LibriSpeech_2428,1,39.327141932279574,maximum_decision_score
2,834,2428-83699-0032,2428/83699,LibriSpeech_2428,LibriSpeech_2428,1,39.3265607082207,maximum_decision_score
5,835,2428-83699-0033,2428/83699,LibriSpeech_2428,LibriSpeech_2428,1,39.32730538276645,maximum_decision_score
1,836,2428-83699-0034,2428/83699,LibriSpeech_2428,LibriSpeech_2428,1,39.327013045056056,maximum_decision_score
2,837,2428-83699-0035,2428/83699,LibriSpeech_2428,LibriSpeech_2428,1,39.32710914150178,maximum_decision_score
3,838,2428-83699-0036,2428/83699,LibriSpeech_2428,LibriSpeech_2428,1,39.32770929988358,maximum_decision_score
2,839,2428-83699-0037,2428/83699,LibriSpeech_2428,LibriSpeech_2428,1,39.32739231289826,maximum_decision_score
1,840,2428-83699-0038,2428/83699,LibriSpeech_2428,LibriSpeech_2428,1,39.326046836266386,maximum_decision_score
4,841,2428-83699-0039,2428/83699,LibriSpeech_2428,LibriSpeech_2428,1,39.324911115967325,maximum_decision_score
2,842,2428-83699-0040,2428/83699,LibriSpeech_2428,LibriSpeech_2428,1,39.3269306126381,maximum_decision_score
1,843,2428-83699-0041,2428/83699,LibriSpeech_2428,LibriSpeech_2428,1,39.32649909028705,maximum_decision_score
2,844,2428-83699-0042,2428/83699,LibriSpeech_2428,LibriSpeech_2428,1,39.32714619785933,maximum_decision_score
2,845,2428-83705-0000,2428/83705,LibriSpeech_2428,LibriSpeech_2428,1,39.32657991493419,maximum_decision_score
3,846,2428-83705-0001,2428/83705,LibriSpeech_2428,LibriSpeech_2428,1,39.32721629443675,maximum_decision_score
2,847,2428-83705-0002,2428/83705,LibriSpeech_2428,LibriSpeech_2428,1,39.326898617202296,maximum_decision_score
3,848,2428-83705-0003,2428/83705,LibriSpeech_2428,LibriSpeech_2428,1,39.32773327463993,maximum_decision_score
1,849,2428-83705-0004,2428/83705,LibriSpeech_2428,LibriSpeech_2428,1,39.32654126977439,maximum_decision_score
4,850,2428-83705-0005,2428/83705,LibriSpeech_2428,LibriSpeech_2428,1,39.326453519941566,maximum_decision_score
3,851,2428-83705-0006,2428/83705,LibriSpeech_2428,LibriSpeech_2428,1,39.32575588168428,maximum_decision_score
3,852,2428-83705-0007,2428/83705,LibriSpeech_2428,LibriSpeech_2428,1,39.32728923631084,maximum_decision_score
3,853,2428-83705-0008,2428/83705,LibriSpeech_2428,LibriSpeech_2428,1,39.32736206209196,maximum_decision_score
4,854,2428-83705-0009,2428/83705,LibriSpeech_2428,LibriSpeech_2428,1,39.32559697152782,maximum_decision_score
2,855,2428-83705-0010,2428/83705,LibriSpeech_2428,LibriSpeech_2428,1,39.32748685170176,maximum_decision_score
4,856,2428-83705-0011,2428/83705,LibriSpeech_2428,LibriSpeech_2428,1,39.326486528045,maximum_decision_score
5,857,2428-83705-0012,2428/83705,LibriSpeech_2428,LibriSpeech_2428,1,39.325280678946925,maximum_decision_score
2,858,2428-83705-0013,2428/83705,LibriSpeech_2428,LibriSpeech_2428,1,39.3272164083984,maximum_decision_score
5,859,2428-83705-0014,2428/83705,LibriSpeech_2428,LibriSpeech_2428,1,39.326795169669346,maximum_decision_score
5,860,2428-83705-0015,2428/83705,LibriSpeech_2428,LibriSpeech_2428,1,39.32663764989041,maximum_decision_score
2,861,2428-83705-0016,2428/83705,LibriSpeech_2428,LibriSpeech_2428,1,39.327067751605014,maximum_decision_score
3,862,2428-83705-0017,2428/83705,LibriSpeech_2428,LibriSpeech_2428,1,39.32610746091269,maximum_decision_score
3,863,2428-83705-0018,2428/83705,LibriSpeech_2428,LibriSpeech_2428,1,39.326790943250245,maximum_decision_score
5,864,2428-83705-0019,2428/83705,LibriSpeech_2428,LibriSpeech_2428,1,39.32647792911384,maximum_decision_score
1,865,2428-83705-0020,2428/83705,LibriSpeech_2428,LibriSpeech_2428,1,39.32699658639478,maximum_decision_score
4,866,2428-83705-0021,2428/83705,LibriSpeech_2428,LibriSpeech_2428,1,39.32664504788043,maximum_decision_score
4,867,2428-83705-0022,2428/83705,LibriSpeech_2428,LibriSpeech_2428,1,39.32677953469115,maximum_decision_score
5,868,2428-83705-0023,2428/83705,LibriSpeech_2428,LibriSpeech_2428,1,39.32564767827888,maximum_decision_score
3,869,2428-83705-0024,2428/83705,LibriSpeech_2428,LibriSpeech_2428,1,39.32706049499927,maximum_decision_score
1,870,2428-83705-0025,2428/83705,LibriSpeech_2428,LibriSpeech_2428,1,39.326835814546925,maximum_decision_score
5,871,2428-83705-0026,2428/83705,LibriSpeech_2428,LibriSpeech_2428,1,39.326374209021445,maximum_decision_score
1,872,2428-83705-0027,2428/83705,LibriSpeech_2428,LibriSpeech_2428,1,39.3228991222266,maximum_decision_score
5,873,2428-83705-0028,2428/83705,LibriSpeech_2428,LibriSpeech_2428,1,39.32617593628009,maximum_decision_score
4,874,2428-83705-0029,2428/83705,LibriSpeech_2428,LibriSpeech_2428,1,39.32664074597605,maximum_decision_score
1,875,2428-83705-0030,2428/83705,LibriSpeech_2428,LibriSpeech_2428,1,39.32626322626104,maximum_decision_score
3,876,2428-83705-0031,2428/83705,LibriSpeech_2428,LibriSpeech_2428,1,39.32626765904875,maximum_decision_score
3,877,2428-83705-0032,2428/83705,LibriSpeech_2428,LibriSpeech_2428,1,39.326973986497265,maximum_decision_score
3,878,2428-83705-0033,2428/83705,LibriSpeech_2428,LibriSpeech_2428,1,39.3272203544848,maximum_decision_score
5,879,2428-83705-0034,2428/83705,LibriSpeech_2428,LibriSpeech_2428,1,39.32661236369114,maximum_decision_score
3,880,2428-83705-0035,2428/83705,LibriSpeech_2428,LibriSpeech_2428,1,39.32690990725984,maximum_decision_score
1,881,2428-83705-0036,2428/83705,LibriSpeech_2428,LibriSpeech_2078,0,38.324544104855704,maximum_decision_score
2,882,2428-83705-0037,2428/83705,LibriSpeech_2428,LibriSpeech_2428,1,39.326531656584926,maximum_decision_score
4,883,2428-83705-0038,2428/83705,LibriSpeech_2428,LibriSpeech_2428,1,39.32630025472146,maximum_decision_score
3,884,2428-83705-0039,2428/83705,LibriSpeech_2428,LibriSpeech_2428,1,39.32452166989323,maximum_decision_score
4,885,2428-83705-0040,2428/83705,LibriSpeech_2428,LibriSpeech_2428,1,39.32651975386393,maximum_decision_score
4,886,2428-83705-0041,2428/83705,LibriSpeech_2428,LibriSpeech_2428,1,39.32629256151628,maximum_decision_score
2,887,2428-83705-0042,2428/83705,LibriSpeech_2428,LibriSpeech_2428,1,39.32721185127751,maximum_decision_score
4,888,2428-83705-0043,2428/83705,LibriSpeech_2428,LibriSpeech_2428,1,39.32652481186292,maximum_decision_score
2,889,251-118436-0000,251/118436,LibriSpeech_251,LibriSpeech_251,1,39.32739697701713,maximum_decision_score
5,890,251-118436-0001,251/118436,LibriSpeech_251,LibriSpeech_251,1,39.32648922193778,maximum_decision_score
3,891,251-118436-0002,251/118436,LibriSpeech_251,LibriSpeech_251,1,39.32645816194475,maximum_decision_score
1,892,251-118436-0003,251/118436,LibriSpeech_251,LibriSpeech_251,1,39.32615938956429,maximum_decision_score
1,893,251-118436-0004,251/118436,LibriSpeech_251,LibriSpeech_251,1,39.32728741198236,maximum_decision_score
3,894,251-118436-0005,251/118436,LibriSpeech_251,LibriSpeech_251,1,39.32759697742369,maximum_decision_score
1,895,251-118436-0006,251/118436,LibriSpeech_251,LibriSpeech_251,1,39.32696401506291,maximum_decision_score
3,896,251-118436-0007,251/118436,LibriSpeech_251,LibriSpeech_251,1,39.327277038093705,maximum_decision_score
3,897,251-118436-0008,251/118436,LibriSpeech_251,LibriSpeech_251,1,39.32654411646247,maximum_decision_score
3,898,251-118436-0009,251/118436,LibriSpeech_251,LibriSpeech_251,1,39.32690173404301,maximum_decision_score
5,899,251-118436-0010,251/118436,LibriSpeech_251,LibriSpeech_251,1,39.32673606533248,maximum_decision_score
5,900,251-118436-0011,251/118436,LibriSpeech_251,LibriSpeech_251,1,39.32634290617018,maximum_decision_score
4,901,251-118436-0012,251/118436,LibriSpeech_251,LibriSpeech_251,1,39.32623422571367,maximum_decision_score
4,902,251-118436-0013,251/118436,LibriSpeech_251,LibriSpeech_251,1,39.327097483078504,maximum_decision_score
5,903,251-118436-0014,251/118436,LibriSpeech_251,LibriSpeech_251,1,39.326816405717146,maximum_decision_score
4,904,251-118436-0015,251/118436,LibriSpeech_251,LibriSpeech_251,1,39.326860916898234,maximum_decision_score
3,905,251-118436-0016,251/118436,LibriSpeech_251,LibriSpeech_251,1,39.32658022604714,maximum_decision_score
1,906,251-118436-0017,251/118436,LibriSpeech_251,LibriSpeech_251,1,39.32617087024931,maximum_decision_score
3,907,251-118436-0018,251/118436,LibriSpeech_251,LibriSpeech_251,1,39.3275215264257,maximum_decision_score
4,908,251-118436-0019,251/118436,LibriSpeech_251,LibriSpeech_251,1,39.32592860873414,maximum_decision_score
1,909,251-118436-0020,251/118436,LibriSpeech_251,LibriSpeech_251,1,39.32704582967349,maximum_decision_score
3,910,251-118436-0021,251/118436,LibriSpeech_251,LibriSpeech_251,1,39.32772963330566,maximum_decision_score
3,911,251-118436-0022,251/118436,LibriSpeech_251,LibriSpeech_251,1,39.327123315239554,maximum_decision_score
1,912,251-118436-0023,251/118436,LibriSpeech_251,LibriSpeech_251,1,39.326723533092455,maximum_decision_score
4,913,251-136532-0000,251/136532,LibriSpeech_251,LibriSpeech_251,1,39.326644207661595,maximum_decision_score
1,914,251-136532-0001,251/136532,LibriSpeech_251,LibriSpeech_251,1,39.326103547945166,maximum_decision_score
5,915,251-136532-0002,251/136532,LibriSpeech_251,LibriSpeech_251,1,39.326304783049956,maximum_decision_score
5,916,251-136532-0003,251/136532,LibriSpeech_251,LibriSpeech_251,1,39.3255086761295,maximum_decision_score
5,917,251-136532-0004,251/136532,LibriSpeech_251,LibriSpeech_251,1,39.32515645378008,maximum_decision_score
2,918,251-136532-0005,251/136532,LibriSpeech_251,LibriSpeech_251,1,39.3262372735703,maximum_decision_score
3,919,251-136532-0006,251/136532,LibriSpeech_251,LibriSpeech_251,1,39.32639619544449,maximum_decision_score
2,920,251-136532-0007,251/136532,LibriSpeech_251,LibriSpeech_251,1,39.32624445138004,maximum_decision_score
2,921,251-136532-0008,251/136532,LibriSpeech_251,LibriSpeech_251,1,39.32576018619759,maximum_decision_score
5,922,251-136532-0009,251/136532,LibriSpeech_251,LibriSpeech_251,1,39.32551074686881,maximum_decision_score
4,923,251-136532-0010,251/136532,LibriSpeech_251,LibriSpeech_251,1,39.32609315620672,maximum_decision_score
3,924,251-136532-0011,251/136532,LibriSpeech_251,LibriSpeech_251,1,39.32697524339498,maximum_decision_score
4,925,251-136532-0012,251/136532,LibriSpeech_251,LibriSpeech_251,1,39.326748020100865,maximum_decision_score
4,926,251-136532-0013,251/136532,LibriSpeech_251,LibriSpeech_251,1,39.326728147584404,maximum_decision_score
4,927,251-136532-0014,251/136532,LibriSpeech_251,LibriSpeech_251,1,39.326989795164074,maximum_decision_score
2,928,251-136532-0015,251/136532,LibriSpeech_251,LibriSpeech_251,1,39.32644954784078,maximum_decision_score
2,929,251-136532-0016,251/136532,LibriSpeech_251,LibriSpeech_251,1,39.32603390840956,maximum_decision_score
4,930,251-136532-0017,251/136532,LibriSpeech_251,LibriSpeech_251,1,39.32613744271418,maximum_decision_score
3,931,251-136532-0018,251/136532,LibriSpeech_251,LibriSpeech_251,1,39.326336913541056,maximum_decision_score
5,932,251-136532-0019,251/136532,LibriSpeech_251,LibriSpeech_251,1,39.32615885620635,maximum_decision_score
5,933,251-136532-0020,251/136532,LibriSpeech_251,LibriSpeech_251,1,39.326543628993775,maximum_decision_score
5,934,251-136532-0021,251/136532,LibriSpeech_251,LibriSpeech_251,1,39.32642876464348,maximum_decision_score
2,935,251-136532-0022,251/136532,LibriSpeech_251,LibriSpeech_777,0,39.32207244781915,maximum_decision_score
4,936,251-136532-0023,251/136532,LibriSpeech_251,LibriSpeech_251,1,39.325698333544636,maximum_decision_score
5,937,251-137823-0000,251/137823,LibriSpeech_251,LibriSpeech_251,1,39.32368647074284,maximum_decision_score
1,938,251-137823-0001,251/137823,LibriSpeech_251,LibriSpeech_251,1,39.32640671570945,maximum_decision_score
4,939,251-137823-0002,251/137823,LibriSpeech_251,LibriSpeech_251,1,39.32670029792678,maximum_decision_score
1,940,251-137823-0003,251/137823,LibriSpeech_251,LibriSpeech_251,1,39.32689252111066,maximum_decision_score
4,941,251-137823-0004,251/137823,LibriSpeech_251,LibriSpeech_251,1,39.32604551781646,maximum_decision_score
1,942,251-137823-0005,251/137823,LibriSpeech_251,LibriSpeech_251,1,39.32633024086056,maximum_decision_score
1,943,251-137823-0006,251/137823,LibriSpeech_251,LibriSpeech_251,1,39.326877373770806,maximum_decision_score
2,944,251-137823-0007,251/137823,LibriSpeech_251,LibriSpeech_251,1,39.32675810759976,maximum_decision_score
1,945,251-137823-0008,251/137823,LibriSpeech_251,LibriSpeech_251,1,39.32625362719196,maximum_decision_score
2,946,251-137823-0009,251/137823,LibriSpeech_251,LibriSpeech_251,1,39.32601265955648,maximum_decision_score
5,947,251-137823-0010,251/137823,LibriSpeech_251,LibriSpeech_251,1,39.326400418264,maximum_decision_score
5,948,251-137823-0011,251/137823,LibriSpeech_251,LibriSpeech_251,1,39.32622124365162,maximum_decision_score
5,949,251-137823-0012,251/137823,LibriSpeech_251,LibriSpeech_251,1,39.32628802893297,maximum_decision_score
3,950,251-137823-0013,251/137823,LibriSpeech_251,LibriSpeech_251,1,39.32659746304725,maximum_decision_score
1,951,251-137823-0014,251/137823,LibriSpeech_251,LibriSpeech_251,1,39.32603038339721,maximum_decision_score
2,952,251-137823-0015,251/137823,LibriSpeech_251,LibriSpeech_251,1,39.32643686266244,maximum_decision_score
1,953,251-137823-0016,251/137823,LibriSpeech_251,LibriSpeech_251,1,39.326239202194245,maximum_decision_score
2,954,251-137823-0017,251/137823,LibriSpeech_251,LibriSpeech_251,1,39.326287847609,maximum_decision_score
2,955,251-137823-0018,251/137823,LibriSpeech_251,LibriSpeech_251,1,39.32707099274894,maximum_decision_score
4,956,251-137823-0019,251/137823,LibriSpeech_251,LibriSpeech_251,1,39.32616868838838,maximum_decision_score
3,957,251-137823-0020,251/137823,LibriSpeech_251,LibriSpeech_251,1,39.32709034545891,maximum_decision_score
2,958,251-137823-0021,251/137823,LibriSpeech_251,LibriSpeech_251,1,39.326478701272976,maximum_decision_score
3,959,251-137823-0022,251/137823,LibriSpeech_251,LibriSpeech_251,1,39.326046253720484,maximum_decision_score
2,960,251-137823-0023,251/137823,LibriSpeech_251,LibriSpeech_251,1,39.32733862350096,maximum_decision_score
1,961,251-137823-0024,251/137823,LibriSpeech_251,LibriSpeech_251,1,39.32567580458935,maximum_decision_score
4,962,251-137823-0025,251/137823,LibriSpeech_251,LibriSpeech_251,1,39.32547027946353,maximum_decision_score
2,963,251-137823-0026,251/137823,LibriSpeech_251,LibriSpeech_251,1,39.32377142606558,maximum_decision_score
2,964,2803-154320-0000,2803/154320,LibriSpeech_2803,LibriSpeech_2803,1,39.32567684587029,maximum_decision_score
1,965,2803-154320-0001,2803/154320,LibriSpeech_2803,LibriSpeech_2803,1,39.3262933997496,maximum_decision_score
2,966,2803-154320-0002,2803/154320,LibriSpeech_2803,LibriSpeech_2803,1,39.32619796536072,maximum_decision_score
4,967,2803-154320-0003,2803/154320,LibriSpeech_2803,LibriSpeech_2803,1,39.3256516304461,maximum_decision_score
1,968,2803-154320-0004,2803/154320,LibriSpeech_2803,LibriSpeech_2803,1,39.32633091148091,maximum_decision_score
2,969,2803-154320-0005,2803/154320,LibriSpeech_2803,LibriSpeech_2803,1,39.32641169475078,maximum_decision_score
3,970,2803-154320-0006,2803/154320,LibriSpeech_2803,LibriSpeech_2803,1,39.32640312632817,maximum_decision_score
3,971,2803-154320-0007,2803/154320,LibriSpeech_2803,LibriSpeech_2803,1,39.325803777705694,maximum_decision_score
4,972,2803-154320-0008,2803/154320,LibriSpeech_2803,LibriSpeech_2803,1,39.32497645614934,maximum_decision_score
1,973,2803-154320-0009,2803/154320,LibriSpeech_2803,LibriSpeech_2803,1,39.32467998678598,maximum_decision_score
5,974,2803-154320-0010,2803/154320,LibriSpeech_2803,LibriSpeech_2803,1,39.32520120248439,maximum_decision_score
3,975,2803-154320-0011,2803/154320,LibriSpeech_2803,LibriSpeech_2803,1,39.32600805297379,maximum_decision_score
5,976,2803-154320-0012,2803/154320,LibriSpeech_2803,LibriSpeech_2803,1,39.325479414500144,maximum_decision_score
1,977,2803-154320-0013,2803/154320,LibriSpeech_2803,LibriSpeech_2803,1,39.32531257425343,maximum_decision_score
3,978,2803-154320-0014,2803/154320,LibriSpeech_2803,LibriSpeech_2803,1,39.3262815415713,maximum_decision_score
1,979,2803-154328-0000,2803/154328,LibriSpeech_2803,LibriSpeech_2803,1,39.32671463622027,maximum_decision_score
2,980,2803-154328-0001,2803/154328,LibriSpeech_2803,LibriSpeech_2803,1,39.32547196831178,maximum_decision_score
5,981,2803-154328-0002,2803/154328,LibriSpeech_2803,LibriSpeech_2803,1,39.32640071248037,maximum_decision_score
3,982,2803-154328-0003,2803/154328,LibriSpeech_2803,LibriSpeech_2803,1,39.32669350814952,maximum_decision_score
5,983,2803-154328-0004,2803/154328,LibriSpeech_2803,LibriSpeech_2803,1,39.32646841963864,maximum_decision_score
1,984,2803-154328-0005,2803/154328,LibriSpeech_2803,LibriSpeech_2803,1,39.32625091654904,maximum_decision_score
2,985,2803-154328-0006,2803/154328,LibriSpeech_2803,LibriSpeech_2803,1,39.32670611697341,maximum_decision_score
5,986,2803-154328-0007,2803/154328,LibriSpeech_2803,LibriSpeech_2803,1,39.32548336182834,maximum_decision_score
1,987,2803-154328-0008,2803/154328,LibriSpeech_2803,LibriSpeech_2803,1,39.32567337730513,maximum_decision_score
2,988,2803-154328-0009,2803/154328,LibriSpeech_2803,LibriSpeech_2803,1,39.32614138291337,maximum_decision_score
4,989,2803-154328-0010,2803/154328,LibriSpeech_2803,LibriSpeech_2803,1,39.326215880905565,maximum_decision_score
3,990,2803-154328-0011,2803/154328,LibriSpeech_2803,LibriSpeech_2803,1,39.32608277672964,maximum_decision_score
4,991,2803-154328-0012,2803/154328,LibriSpeech_2803,LibriSpeech_2803,1,39.326173388044026,maximum_decision_score
5,992,2803-154328-0013,2803/154328,LibriSpeech_2803,LibriSpeech_2803,1,39.324937685439764,maximum_decision_score
4,993,2803-154328-0014,2803/154328,LibriSpeech_2803,LibriSpeech_2803,1,39.326645430698115,maximum_decision_score
5,994,2803-154328-0015,2803/154328,LibriSpeech_2803,LibriSpeech_2803,1,39.32653296961121,maximum_decision_score
2,995,2803-154328-0016,2803/154328,LibriSpeech_2803,LibriSpeech_2803,1,39.32684287504858,maximum_decision_score
1,996,2803-154328-0017,2803/154328,LibriSpeech_2803,LibriSpeech_2803,1,39.32669615439598,maximum_decision_score
5,997,2803-154328-0018,2803/154328,LibriSpeech_2803,LibriSpeech_2803,1,39.32604203337798,maximum_decision_score
2,998,2803-154328-0019,2803/154328,LibriSpeech_2803,LibriSpeech_2803,1,39.32681573964482,maximum_decision_score
5,999,2803-154328-0020,2803/154328,LibriSpeech_2803,LibriSpeech_2803,1,39.32604162954979,maximum_decision_score
5,1000,2803-154328-0021,2803/154328,LibriSpeech_2803,LibriSpeech_2803,1,39.32729882227518,maximum_decision_score
3,1001,2803-154328-0022,2803/154328,LibriSpeech_2803,LibriSpeech_2803,1,39.32627304593306,maximum_decision_score
3,1002,2803-154328-0023,2803/154328,LibriSpeech_2803,LibriSpeech_2803,1,39.32683212501681,maximum_decision_score
2,1003,2803-161169-0000,2803/161169,LibriSpeech_2803,LibriSpeech_2803,1,39.326008792180644,maximum_decision_score
2,1004,2803-161169-0001,2803/161169,LibriSpeech_2803,LibriSpeech_2803,1,39.326413675992356,maximum_decision_score
3,1005,2803-161169-0002,2803/161169,LibriSpeech_2803,LibriSpeech_2803,1,39.32709459553537,maximum_decision_score
1,1006,2803-161169-0003,2803/161169,LibriSpeech_2803,LibriSpeech_2803,1,39.326547600067556,maximum_decision_score
2,1007,2803-161169-0004,2803/161169,LibriSpeech_2803,LibriSpeech_2803,1,39.325668937884586,maximum_decision_score
3,1008,2803-161169-0005,2803/161169,LibriSpeech_2803,LibriSpeech_2803,1,39.3259826956712,maximum_decision_score
4,1009,2803-161169-0006,2803/161169,LibriSpeech_2803,LibriSpeech_2803,1,39.326337050544936,maximum_decision_score
4,1010,2803-161169-0007,2803/161169,LibriSpeech_2803,LibriSpeech_2803,1,39.3259106420166,maximum_decision_score
5,1011,2803-161169-0008,2803/161169,LibriSpeech_2803,LibriSpeech_2803,1,39.32607164505327,maximum_decision_score
1,1012,2803-161169-0009,2803/161169,LibriSpeech_2803,LibriSpeech_2803,1,39.32618879983766,maximum_decision_score
4,1013,2803-161169-0010,2803/161169,LibriSpeech_2803,LibriSpeech_2803,1,39.32432742249594,maximum_decision_score
1,1014,2803-161169-0011,2803/161169,LibriSpeech_2803,LibriSpeech_2803,1,39.32596120939258,maximum_decision_score
4,1015,2803-161169-0012,2803/161169,LibriSpeech_2803,LibriSpeech_2803,1,39.32540942737057,maximum_decision_score
5,1016,2803-161169-0013,2803/161169,LibriSpeech_2803,LibriSpeech_2803,1,39.32446047287637,maximum_decision_score
4,1017,2803-161169-0014,2803/161169,LibriSpeech_2803,LibriSpeech_2803,1,39.32550516239526,maximum_decision_score
1,1018,2803-161169-0015,2803/161169,LibriSpeech_2803,LibriSpeech_2803,1,39.325601220191515,maximum_decision_score
4,1019,2803-161169-0016,2803/161169,LibriSpeech_2803,LibriSpeech_2803,1,39.32612724530536,maximum_decision_score
3,1020,2803-161169-0017,2803/161169,LibriSpeech_2803,LibriSpeech_2803,1,39.32589013153195,maximum_decision_score
4,1021,2902-9006-0000,2902/9006,LibriSpeech_2902,LibriSpeech_2902,1,39.32628006393537,maximum_decision_score
5,1022,2902-9006-0001,2902/9006,LibriSpeech_2902,LibriSpeech_2902,1,39.3260862731757,maximum_decision_score
5,1023,2902-9006-0002,2902/9006,LibriSpeech_2902,LibriSpeech_2902,1,39.32575117689935,maximum_decision_score
5,1024,2902-9006-0003,2902/9006,LibriSpeech_2902,LibriSpeech_2902,1,39.326589985009036,maximum_decision_score
3,1025,2902-9006-0004,2902/9006,LibriSpeech_2902,LibriSpeech_2902,1,39.32618946206571,maximum_decision_score
5,1026,2902-9006-0005,2902/9006,LibriSpeech_2902,LibriSpeech_2902,1,39.32583821489409,maximum_decision_score
1,1027,2902-9006-0006,2902/9006,LibriSpeech_2902,LibriSpeech_2902,1,39.32657117704411,maximum_decision_score
1,1028,2902-9006-0007,2902/9006,LibriSpeech_2902,LibriSpeech_2902,1,39.3257245880784,maximum_decision_score
4,1029,2902-9006-0008,2902/9006,LibriSpeech_2902,LibriSpeech_2902,1,39.32627934584568,maximum_decision_score
1,1030,2902-9006-0009,2902/9006,LibriSpeech_2902,LibriSpeech_2902,1,39.32663540246805,maximum_decision_score
2,1031,2902-9006-0010,2902/9006,LibriSpeech_2902,LibriSpeech_2902,1,39.32693979056335,maximum_decision_score
1,1032,2902-9006-0011,2902/9006,LibriSpeech_2902,LibriSpeech_2902,1,39.325871065589794,maximum_decision_score
4,1033,2902-9006-0012,2902/9006,LibriSpeech_2902,LibriSpeech_2902,1,39.325951460062754,maximum_decision_score
1,1034,2902-9006-0013,2902/9006,LibriSpeech_2902,LibriSpeech_2902,1,39.325774093630315,maximum_decision_score
5,1035,2902-9006-0014,2902/9006,LibriSpeech_2902,LibriSpeech_2902,1,39.32603329643093,maximum_decision_score
3,1036,2902-9006-0015,2902/9006,LibriSpeech_2902,LibriSpeech_2902,1,39.32602568380127,maximum_decision_score
3,1037,2902-9006-0016,2902/9006,LibriSpeech_2902,LibriSpeech_2902,1,39.32651542224382,maximum_decision_score
2,1038,2902-9006-0017,2902/9006,LibriSpeech_2902,LibriSpeech_2902,1,39.3263870706739,maximum_decision_score
1,1039,2902-9006-0018,2902/9006,LibriSpeech_2902,LibriSpeech_2902,1,39.326287737812365,maximum_decision_score
2,1040,2902-9006-0019,2902/9006,LibriSpeech_2902,LibriSpeech_2902,1,39.326557157621686,maximum_decision_score
3,1041,2902-9006-0020,2902/9006,LibriSpeech_2902,LibriSpeech_2902,1,39.326887780061504,maximum_decision_score
1,1042,2902-9008-0000,2902/9008,LibriSpeech_2902,LibriSpeech_2902,1,39.32668244677885,maximum_decision_score
2,1043,2902-9008-0001,2902/9008,LibriSpeech_2902,LibriSpeech_2902,1,39.32640074819316,maximum_decision_score
4,1044,2902-9008-0002,2902/9008,LibriSpeech_2902,LibriSpeech_2902,1,39.3262518415714,maximum_decision_score
3,1045,2902-9008-0003,2902/9008,LibriSpeech_2902,LibriSpeech_2902,1,39.32596029636831,maximum_decision_score
1,1046,2902-9008-0004,2902/9008,LibriSpeech_2902,LibriSpeech_2902,1,39.327053753052034,maximum_decision_score
5,1047,2902-9008-0005,2902/9008,LibriSpeech_2902,LibriSpeech_2902,1,39.32698794686711,maximum_decision_score
5,1048,2902-9008-0006,2902/9008,LibriSpeech_2902,LibriSpeech_2902,1,39.32419348317012,maximum_decision_score
2,1049,2902-9008-0007,2902/9008,LibriSpeech_2902,LibriSpeech_2902,1,39.32544615468268,maximum_decision_score
3,1050,2902-9008-0008,2902/9008,LibriSpeech_2902,LibriSpeech_2803,0,39.32490066324808,maximum_decision_score
4,1051,2902-9008-0009,2902/9008,LibriSpeech_2902,LibriSpeech_2902,1,39.32322772242948,maximum_decision_score
2,1052,2902-9008-0010,2902/9008,LibriSpeech_2902,LibriSpeech_2902,1,39.32650305002619,maximum_decision_score
3,1053,2902-9008-0011,2902/9008,LibriSpeech_2902,LibriSpeech_2902,1,39.32604838614589,maximum_decision_score
3,1054,2902-9008-0012,2902/9008,LibriSpeech_2902,LibriSpeech_2902,1,39.32600597175846,maximum_decision_score
2,1055,2902-9008-0013,2902/9008,LibriSpeech_2902,LibriSpeech_2902,1,39.32636212890247,maximum_decision_score
2,1056,2902-9008-0014,2902/9008,LibriSpeech_2902,LibriSpeech_2902,1,39.325877520214256,maximum_decision_score
4,1057,2902-9008-0015,2902/9008,LibriSpeech_2902,LibriSpeech_2902,1,39.32583523006241,maximum_decision_score
4,1058,2902-9008-0016,2902/9008,LibriSpeech_2902,LibriSpeech_2902,1,39.3255736623839,maximum_decision_score
3,1059,3000-15664-0000,3000/15664,LibriSpeech_3000,LibriSpeech_3000,1,39.3260399917037,maximum_decision_score
3,1060,3000-15664-0001,3000/15664,LibriSpeech_3000,LibriSpeech_3000,1,39.32648670922639,maximum_decision_score
4,1061,3000-15664-0002,3000/15664,LibriSpeech_3000,LibriSpeech_3000,1,39.3262856679891,maximum_decision_score
3,1062,3000-15664-0003,3000/15664,LibriSpeech_3000,LibriSpeech_3000,1,39.324844638345944,maximum_decision_score
5,1063,3000-15664-0004,3000/15664,LibriSpeech_3000,LibriSpeech_3000,1,39.324514984549666,maximum_decision_score
2,1064,3000-15664-0005,3000/15664,LibriSpeech_3000,LibriSpeech_3000,1,39.32671640182388,maximum_decision_score
1,1065,3000-15664-0006,3000/15664,LibriSpeech_3000,LibriSpeech_3000,1,39.32293915368272,maximum_decision_score
1,1066,3000-15664-0007,3000/15664,LibriSpeech_3000,LibriSpeech_3000,1,39.326368359516266,maximum_decision_score
5,1067,3000-15664-0008,3000/15664,LibriSpeech_3000,LibriSpeech_3000,1,39.325983195611066,maximum_decision_score
1,1068,3000-15664-0009,3000/15664,LibriSpeech_3000,LibriSpeech_3000,1,39.325751040845894,maximum_decision_score
3,1069,3000-15664-0010,3000/15664,LibriSpeech_3000,LibriSpeech_3000,1,39.32692678849349,maximum_decision_score
1,1070,3000-15664-0011,3000/15664,LibriSpeech_3000,LibriSpeech_3000,1,39.326397535209296,maximum_decision_score
3,1071,3000-15664-0012,3000/15664,LibriSpeech_3000,LibriSpeech_3000,1,39.32602856716119,maximum_decision_score
5,1072,3000-15664-0013,3000/15664,LibriSpeech_3000,LibriSpeech_3000,1,39.32592670981249,maximum_decision_score
2,1073,3000-15664-0014,3000/15664,LibriSpeech_3000,LibriSpeech_3000,1,39.326155022289896,maximum_decision_score
1,1074,3000-15664-0015,3000/15664,LibriSpeech_3000,LibriSpeech_3000,1,39.326296084036855,maximum_decision_score
1,1075,3000-15664-0016,3000/15664,LibriSpeech_3000,LibriSpeech_3000,1,39.32648408127586,maximum_decision_score
5,1076,3000-15664-0017,3000/15664,LibriSpeech_3000,LibriSpeech_3000,1,39.32553492307148,maximum_decision_score
2,1077,3000-15664-0018,3000/15664,LibriSpeech_3000,LibriSpeech_3000,1,39.325485823412194,maximum_decision_score
5,1078,3000-15664-0019,3000/15664,LibriSpeech_3000,LibriSpeech_3000,1,39.326770253693624,maximum_decision_score
5,1079,3000-15664-0020,3000/15664,LibriSpeech_3000,LibriSpeech_3000,1,39.32613913360406,maximum_decision_score
4,1080,3000-15664-0021,3000/15664,LibriSpeech_3000,LibriSpeech_3000,1,39.32625720099068,maximum_decision_score
4,1081,3000-15664-0022,3000/15664,LibriSpeech_3000,LibriSpeech_3000,1,39.32668630780388,maximum_decision_score
3,1082,3000-15664-0023,3000/15664,LibriSpeech_3000,LibriSpeech_3000,1,39.32597172990866,maximum_decision_score
3,1083,3000-15664-0024,3000/15664,LibriSpeech_3000,LibriSpeech_3000,1,39.32562135090556,maximum_decision_score
4,1084,3000-15664-0025,3000/15664,LibriSpeech_3000,LibriSpeech_3000,1,39.32584146350461,maximum_decision_score
4,1085,3000-15664-0026,3000/15664,LibriSpeech_3000,LibriSpeech_3000,1,39.325807543685535,maximum_decision_score
2,1086,3000-15664-0027,3000/15664,LibriSpeech_3000,LibriSpeech_3000,1,39.32578748153873,maximum_decision_score
3,1087,3000-15664-0028,3000/15664,LibriSpeech_3000,LibriSpeech_3000,1,39.32623969204444,maximum_decision_score
2,1088,3000-15664-0029,3000/15664,LibriSpeech_3000,LibriSpeech_3000,1,39.32646994709564,maximum_decision_score
4,1089,3000-15664-0030,3000/15664,LibriSpeech_3000,LibriSpeech_3000,1,39.32458979562803,maximum_decision_score
4,1090,3000-15664-0031,3000/15664,LibriSpeech_3000,LibriSpeech_3000,1,39.325843594133026,maximum_decision_score
1,1091,3000-15664-0032,3000/15664,LibriSpeech_3000,LibriSpeech_3000,1,39.32624796193685,maximum_decision_score
4,1092,3000-15664-0033,3000/15664,LibriSpeech_3000,LibriSpeech_3000,1,39.32627791744679,maximum_decision_score
2,1093,3000-15664-0034,3000/15664,LibriSpeech_3000,LibriSpeech_3000,1,39.32683284297917,maximum_decision_score
2,1094,3000-15664-0035,3000/15664,LibriSpeech_3000,LibriSpeech_3000,1,39.32684552525937,maximum_decision_score
1,1095,3000-15664-0036,3000/15664,LibriSpeech_3000,LibriSpeech_3000,1,39.32648859500975,maximum_decision_score
5,1096,3000-15664-0037,3000/15664,LibriSpeech_3000,LibriSpeech_3000,1,39.32479403345761,maximum_decision_score
5,1097,3000-15664-0038,3000/15664,LibriSpeech_3000,LibriSpeech_3000,1,39.32625070223465,maximum_decision_score
5,1098,3000-15664-0039,3000/15664,LibriSpeech_3000,LibriSpeech_3000,1,39.325690082351365,maximum_decision_score
3,1099,3000-15664-0040,3000/15664,LibriSpeech_3000,LibriSpeech_3000,1,39.326382102517606,maximum_decision_score
2,1100,3000-15664-0041,3000/15664,LibriSpeech_3000,LibriSpeech_3000,1,39.32698120093528,maximum_decision_score
1,1101,3000-15664-0042,3000/15664,LibriSpeech_3000,LibriSpeech_3000,1,39.32529818776232,maximum_decision_score
4,1102,3000-15664-0043,3000/15664,LibriSpeech_3000,LibriSpeech_3000,1,39.326380428128175,maximum_decision_score
2,1103,3000-15664-0044,3000/15664,LibriSpeech_3000,LibriSpeech_3000,1,39.32652186994831,maximum_decision_score
2,1104,3000-15664-0045,3000/15664,LibriSpeech_3000,LibriSpeech_3000,1,39.32686849382452,maximum_decision_score
3,1105,3000-15664-0046,3000/15664,LibriSpeech_3000,LibriSpeech_3000,1,39.32544099196142,maximum_decision_score
2,1106,3081-166546-0000,3081/166546,LibriSpeech_3081,LibriSpeech_3081,1,39.32689780637579,maximum_decision_score
2,1107,3081-166546-0001,3081/166546,LibriSpeech_3081,LibriSpeech_3081,1,39.3265224195739,maximum_decision_score
4,1108,3081-166546-0002,3081/166546,LibriSpeech_3081,LibriSpeech_3081,1,39.32752558699866,maximum_decision_score
1,1109,3081-166546-0003,3081/166546,LibriSpeech_3081,LibriSpeech_3081,1,39.326923300031936,maximum_decision_score
2,1110,3081-166546-0004,3081/166546,LibriSpeech_3081,LibriSpeech_3081,1,39.32749916281618,maximum_decision_score
5,1111,3081-166546-0005,3081/166546,LibriSpeech_3081,LibriSpeech_3081,1,39.32726135622921,maximum_decision_score
1,1112,3081-166546-0006,3081/166546,LibriSpeech_3081,LibriSpeech_3081,1,39.32705234470894,maximum_decision_score
5,1113,3081-166546-0007,3081/166546,LibriSpeech_3081,LibriSpeech_3081,1,39.326377179040996,maximum_decision_score
4,1114,3081-166546-0008,3081/166546,LibriSpeech_3081,LibriSpeech_3081,1,38.32496205562279,maximum_decision_score
1,1115,3081-166546-0009,3081/166546,LibriSpeech_3081,LibriSpeech_3081,1,39.32648685202126,maximum_decision_score
3,1116,3081-166546-0010,3081/166546,LibriSpeech_3081,LibriSpeech_3081,1,39.32569988079032,maximum_decision_score
2,1117,3081-166546-0011,3081/166546,LibriSpeech_3081,LibriSpeech_3081,1,39.3252334251189,maximum_decision_score
5,1118,3081-166546-0012,3081/166546,LibriSpeech_3081,LibriSpeech_3081,1,39.3262463123624,maximum_decision_score
5,1119,3081-166546-0013,3081/166546,LibriSpeech_3081,LibriSpeech_3081,1,39.327150883218636,maximum_decision_score
3,1120,3081-166546-0014,3081/166546,LibriSpeech_3081,LibriSpeech_3081,1,39.327384341379236,maximum_decision_score
4,1121,3081-166546-0015,3081/166546,LibriSpeech_3081,LibriSpeech_3081,1,39.3243809251895,maximum_decision_score
2,1122,3081-166546-0016,3081/166546,LibriSpeech_3081,LibriSpeech_3081,1,39.32729864260041,maximum_decision_score
3,1123,3081-166546-0017,3081/166546,LibriSpeech_3081,LibriSpeech_3081,1,39.32660844267531,maximum_decision_score
1,1124,3081-166546-0018,3081/166546,LibriSpeech_3081,LibriSpeech_3081,1,39.32525535268145,maximum_decision_score
4,1125,3081-166546-0019,3081/166546,LibriSpeech_3081,LibriSpeech_3081,1,39.32717686518037,maximum_decision_score
2,1126,3081-166546-0020,3081/166546,LibriSpeech_3081,LibriSpeech_3081,1,39.32654260958592,maximum_decision_score
3,1127,3081-166546-0021,3081/166546,LibriSpeech_3081,LibriSpeech_3081,1,39.32743313560832,maximum_decision_score
4,1128,3081-166546-0022,3081/166546,LibriSpeech_3081,LibriSpeech_3081,1,39.326213875427456,maximum_decision_score
2,1129,3081-166546-0023,3081/166546,LibriSpeech_3081,LibriSpeech_3081,1,39.32682455497578,maximum_decision_score
4,1130,3081-166546-0024,3081/166546,LibriSpeech_3081,LibriSpeech_3081,1,39.32723151947566,maximum_decision_score
4,1131,3081-166546-0025,3081/166546,LibriSpeech_3081,LibriSpeech_3081,1,39.32710849390515,maximum_decision_score
1,1132,3081-166546-0026,3081/166546,LibriSpeech_3081,LibriSpeech_3081,1,39.32649410805917,maximum_decision_score
5,1133,3081-166546-0027,3081/166546,LibriSpeech_3081,LibriSpeech_3081,1,39.326701674372224,maximum_decision_score
5,1134,3081-166546-0028,3081/166546,LibriSpeech_3081,LibriSpeech_3081,1,39.32635931651144,maximum_decision_score
5,1135,3081-166546-0029,3081/166546,LibriSpeech_3081,LibriSpeech_3081,1,39.32668434398108,maximum_decision_score
3,1136,3081-166546-0030,3081/166546,LibriSpeech_3081,LibriSpeech_3081,1,39.32684899643841,maximum_decision_score
2,1137,3081-166546-0031,3081/166546,LibriSpeech_3081,LibriSpeech_3081,1,39.326808078962024,maximum_decision_score
1,1138,3081-166546-0032,3081/166546,LibriSpeech_3081,LibriSpeech_3081,1,39.32546141516819,maximum_decision_score
3,1139,3081-166546-0033,3081/166546,LibriSpeech_3081,LibriSpeech_3081,1,39.326414819244384,maximum_decision_score
1,1140,3081-166546-0034,3081/166546,LibriSpeech_3081,LibriSpeech_3081,1,39.326702794960525,maximum_decision_score
3,1141,3081-166546-0035,3081/166546,LibriSpeech_3081,LibriSpeech_3081,1,39.327308441483666,maximum_decision_score
5,1142,3081-166546-0036,3081/166546,LibriSpeech_3081,LibriSpeech_3081,1,39.32476484926498,maximum_decision_score
4,1143,3081-166546-0037,3081/166546,LibriSpeech_3081,LibriSpeech_3081,1,39.32695059822356,maximum_decision_score
5,1144,3081-166546-0038,3081/166546,LibriSpeech_3081,LibriSpeech_3081,1,39.325680700988734,maximum_decision_score
5,1145,3081-166546-0039,3081/166546,LibriSpeech_3081,LibriSpeech_3081,1,39.32780500373207,maximum_decision_score
3,1146,3081-166546-0040,3081/166546,LibriSpeech_3081,LibriSpeech_3081,1,39.32643018988818,maximum_decision_score
5,1147,3081-166546-0041,3081/166546,LibriSpeech_3081,LibriSpeech_3081,1,39.327906102606114,maximum_decision_score
2,1148,3081-166546-0042,3081/166546,LibriSpeech_3081,LibriSpeech_3081,1,39.3273273377881,maximum_decision_score
3,1149,3081-166546-0043,3081/166546,LibriSpeech_3081,LibriSpeech_3081,1,39.326811776142,maximum_decision_score
5,1150,3081-166546-0044,3081/166546,LibriSpeech_3081,LibriSpeech_3081,1,39.327232930633635,maximum_decision_score
2,1151,3081-166546-0045,3081/166546,LibriSpeech_3081,LibriSpeech_3081,1,39.32724010608467,maximum_decision_score
1,1152,3081-166546-0046,3081/166546,LibriSpeech_3081,LibriSpeech_3081,1,39.32631700678228,maximum_decision_score
4,1153,3081-166546-0047,3081/166546,LibriSpeech_3081,LibriSpeech_3081,1,39.32686413949022,maximum_decision_score
1,1154,3081-166546-0048,3081/166546,LibriSpeech_3081,LibriSpeech_3081,1,39.327763271006155,maximum_decision_score
3,1155,3081-166546-0049,3081/166546,LibriSpeech_3081,LibriSpeech_3081,1,39.32723592947748,maximum_decision_score
5,1156,3081-166546-0050,3081/166546,LibriSpeech_3081,LibriSpeech_3081,1,39.32751652480065,maximum_decision_score
3,1157,3081-166546-0051,3081/166546,LibriSpeech_3081,LibriSpeech_3081,1,39.327269036816496,maximum_decision_score
5,1158,3081-166546-0052,3081/166546,LibriSpeech_3081,LibriSpeech_3081,1,39.3251388594283,maximum_decision_score
1,1159,3081-166546-0053,3081/166546,LibriSpeech_3081,LibriSpeech_6313,0,39.324951348513196,maximum_decision_score
5,1160,3081-166546-0054,3081/166546,LibriSpeech_3081,LibriSpeech_3081,1,39.32498847715709,maximum_decision_score
2,1161,3081-166546-0055,3081/166546,LibriSpeech_3081,LibriSpeech_3081,1,39.326846006269356,maximum_decision_score
5,1162,3081-166546-0056,3081/166546,LibriSpeech_3081,LibriSpeech_3081,1,39.32546849331774,maximum_decision_score
2,1163,3081-166546-0057,3081/166546,LibriSpeech_3081,LibriSpeech_3081,1,39.32661779206875,maximum_decision_score
3,1164,3081-166546-0058,3081/166546,LibriSpeech_3081,LibriSpeech_3081,1,39.327250567306905,maximum_decision_score
5,1165,3081-166546-0059,3081/166546,LibriSpeech_3081,LibriSpeech_3081,1,39.32712358146119,maximum_decision_score
1,1166,3081-166546-0060,3081/166546,LibriSpeech_3081,LibriSpeech_3081,1,39.3272209343245,maximum_decision_score
3,1167,3081-166546-0061,3081/166546,LibriSpeech_3081,LibriSpeech_3081,1,39.32655287186393,maximum_decision_score
4,1168,3081-166546-0062,3081/166546,LibriSpeech_3081,LibriSpeech_3081,1,39.32685377842281,maximum_decision_score
2,1169,3081-166546-0063,3081/166546,LibriSpeech_3081,LibriSpeech_3081,1,39.3274492230261,maximum_decision_score
1,1170,3081-166546-0064,3081/166546,LibriSpeech_3081,LibriSpeech_3081,1,39.327533803801934,maximum_decision_score
2,1171,3081-166546-0065,3081/166546,LibriSpeech_3081,LibriSpeech_3081,1,39.32587135714454,maximum_decision_score
3,1172,3081-166546-0066,3081/166546,LibriSpeech_3081,LibriSpeech_3081,1,39.32754709393251,maximum_decision_score
1,1173,3081-166546-0067,3081/166546,LibriSpeech_3081,LibriSpeech_3081,1,39.32692597429369,maximum_decision_score
3,1174,3081-166546-0068,3081/166546,LibriSpeech_3081,LibriSpeech_3081,1,39.32654525574792,maximum_decision_score
3,1175,3081-166546-0069,3081/166546,LibriSpeech_3081,LibriSpeech_3081,1,39.327717258072866,maximum_decision_score
1,1176,3081-166546-0070,3081/166546,LibriSpeech_3081,LibriSpeech_3081,1,39.32699698775091,maximum_decision_score
5,1177,3081-166546-0071,3081/166546,LibriSpeech_3081,LibriSpeech_3081,1,39.32774279477444,maximum_decision_score
4,1178,3081-166546-0072,3081/166546,LibriSpeech_3081,LibriSpeech_3081,1,39.327119258619,maximum_decision_score
4,1179,3081-166546-0073,3081/166546,LibriSpeech_3081,LibriSpeech_6313,0,39.32520637100484,maximum_decision_score
1,1180,3081-166546-0074,3081/166546,LibriSpeech_3081,LibriSpeech_3081,1,39.32672130596183,maximum_decision_score
3,1181,3081-166546-0075,3081/166546,LibriSpeech_3081,LibriSpeech_3081,1,39.326014906677656,maximum_decision_score
1,1182,3081-166546-0076,3081/166546,LibriSpeech_3081,LibriSpeech_3081,1,39.32606705045459,maximum_decision_score
2,1183,3081-166546-0077,3081/166546,LibriSpeech_3081,LibriSpeech_3081,1,39.32677071898933,maximum_decision_score
4,1184,3081-166546-0078,3081/166546,LibriSpeech_3081,LibriSpeech_3081,1,39.32634350269879,maximum_decision_score
2,1185,3081-166546-0079,3081/166546,LibriSpeech_3081,LibriSpeech_3081,1,39.32665419438351,maximum_decision_score
4,1186,3081-166546-0080,3081/166546,LibriSpeech_3081,LibriSpeech_3081,1,39.3257274766275,maximum_decision_score
1,1187,3081-166546-0081,3081/166546,LibriSpeech_3081,LibriSpeech_3081,1,39.327033226541076,maximum_decision_score
4,1188,3081-166546-0082,3081/166546,LibriSpeech_3081,LibriSpeech_3081,1,39.32695946677754,maximum_decision_score
2,1189,3081-166546-0083,3081/166546,LibriSpeech_3081,LibriSpeech_3081,1,39.32769757826191,maximum_decision_score
4,1190,3081-166546-0084,3081/166546,LibriSpeech_3081,LibriSpeech_3081,1,39.32804452001463,maximum_decision_score
4,1191,3081-166546-0085,3081/166546,LibriSpeech_3081,LibriSpeech_3081,1,39.32686304531601,maximum_decision_score
3,1192,3081-166546-0086,3081/166546,LibriSpeech_3081,LibriSpeech_3081,1,39.326525566332336,maximum_decision_score
1,1193,3081-166546-0087,3081/166546,LibriSpeech_3081,LibriSpeech_3081,1,39.32711538059176,maximum_decision_score
4,1194,3081-166546-0088,3081/166546,LibriSpeech_3081,LibriSpeech_3081,1,39.326464513013526,maximum_decision_score
2,1195,3081-166546-0089,3081/166546,LibriSpeech_3081,LibriSpeech_3081,1,39.3255006376443,maximum_decision_score
1,1196,3170-137482-0000,3170/137482,LibriSpeech_3170,LibriSpeech_3170,1,39.32623078144588,maximum_decision_score
2,1197,3170-137482-0001,3170/137482,LibriSpeech_3170,LibriSpeech_3170,1,39.32565974509295,maximum_decision_score
2,1198,3170-137482-0002,3170/137482,LibriSpeech_3170,LibriSpeech_3170,1,39.32643214458806,maximum_decision_score
4,1199,3170-137482-0003,3170/137482,LibriSpeech_3170,LibriSpeech_3170,1,39.32635525774178,maximum_decision_score
2,1200,3170-137482-0004,3170/137482,LibriSpeech_3170,LibriSpeech_3170,1,39.32591594089036,maximum_decision_score
4,1201,3170-137482-0005,3170/137482,LibriSpeech_3170,LibriSpeech_3170,1,39.32629873622613,maximum_decision_score
1,1202,3170-137482-0006,3170/137482,LibriSpeech_3170,LibriSpeech_3170,1,39.32683644135167,maximum_decision_score
1,1203,3170-137482-0007,3170/137482,LibriSpeech_3170,LibriSpeech_3170,1,39.32630996307375,maximum_decision_score
3,1204,3170-137482-0008,3170/137482,LibriSpeech_3170,LibriSpeech_3170,1,39.32636217574182,maximum_decision_score
5,1205,3170-137482-0009,3170/137482,LibriSpeech_3170,LibriSpeech_3170,1,39.32616111062565,maximum_decision_score
4,1206,3170-137482-0010,3170/137482,LibriSpeech_3170,LibriSpeech_3170,1,39.325161698492366,maximum_decision_score
3,1207,3170-137482-0011,3170/137482,LibriSpeech_3170,LibriSpeech_3170,1,39.32660392299681,maximum_decision_score
2,1208,3170-137482-0012,3170/137482,LibriSpeech_3170,LibriSpeech_3170,1,39.32426929603878,maximum_decision_score
4,1209,3170-137482-0013,3170/137482,LibriSpeech_3170,LibriSpeech_3170,1,39.325947902449116,maximum_decision_score
3,1210,3170-137482-0014,3170/137482,LibriSpeech_3170,LibriSpeech_3170,1,39.32571664332508,maximum_decision_score
1,1211,3170-137482-0015,3170/137482,LibriSpeech_3170,LibriSpeech_3170,1,39.326012467904775,maximum_decision_score
1,1212,3170-137482-0016,3170/137482,LibriSpeech_3170,LibriSpeech_3170,1,39.32654309611192,maximum_decision_score
5,1213,3170-137482-0017,3170/137482,LibriSpeech_3170,LibriSpeech_3170,1,39.326205310495055,maximum_decision_score
1,1214,3170-137482-0018,3170/137482,LibriSpeech_3170,LibriSpeech_3170,1,39.32639383053932,maximum_decision_score
2,1215,3170-137482-0019,3170/137482,LibriSpeech_3170,LibriSpeech_3170,1,39.32665988068851,maximum_decision_score
5,1216,3170-137482-0020,3170/137482,LibriSpeech_3170,LibriSpeech_3170,1,39.32651665996232,maximum_decision_score
2,1217,3170-137482-0021,3170/137482,LibriSpeech_3170,LibriSpeech_3170,1,39.32530539289377,maximum_decision_score
5,1218,3170-137482-0022,3170/137482,LibriSpeech_3170,LibriSpeech_3170,1,39.326530183437896,maximum_decision_score
2,1219,3170-137482-0023,3170/137482,LibriSpeech_3170,LibriSpeech_3170,1,39.3257053897644,maximum_decision_score
2,1220,3170-137482-0024,3170/137482,LibriSpeech_3170,LibriSpeech_3170,1,39.32660648087962,maximum_decision_score
3,1221,3170-137482-0025,3170/137482,LibriSpeech_3170,LibriSpeech_3170,1,39.32617624360757,maximum_decision_score
3,1222,3170-137482-0026,3170/137482,LibriSpeech_3170,LibriSpeech_3170,1,39.32649253999348,maximum_decision_score
4,1223,3170-137482-0027,3170/137482,LibriSpeech_3170,LibriSpeech_3170,1,39.326075390061696,maximum_decision_score
5,1224,3170-137482-0028,3170/137482,LibriSpeech_3170,LibriSpeech_3170,1,39.325768562393876,maximum_decision_score
5,1225,3170-137482-0029,3170/137482,LibriSpeech_3170,LibriSpeech_3170,1,39.32343930588924,maximum_decision_score
4,1226,3170-137482-0030,3170/137482,LibriSpeech_3170,LibriSpeech_3170,1,39.325903016610226,maximum_decision_score
3,1227,3170-137482-0031,3170/137482,LibriSpeech_3170,LibriSpeech_3170,1,39.32644785145572,maximum_decision_score
5,1228,3170-137482-0032,3170/137482,LibriSpeech_3170,LibriSpeech_3170,1,39.325453783123116,maximum_decision_score
4,1229,3170-137482-0033,3170/137482,LibriSpeech_3170,LibriSpeech_3170,1,39.32577821503174,maximum_decision_score
3,1230,3170-137482-0034,3170/137482,LibriSpeech_3170,LibriSpeech_3170,1,39.326093153943724,maximum_decision_score
2,1231,3170-137482-0035,3170/137482,LibriSpeech_3170,LibriSpeech_3170,1,39.32531862189238,maximum_decision_score
5,1232,3170-137482-0036,3170/137482,LibriSpeech_3170,LibriSpeech_3170,1,39.3263657839207,maximum_decision_score
4,1233,3170-137482-0037,3170/137482,LibriSpeech_3170,LibriSpeech_3170,1,39.32657976926143,maximum_decision_score
2,1234,3170-137482-0038,3170/137482,LibriSpeech_3170,LibriSpeech_3170,1,39.326614380308186,maximum_decision_score
3,1235,3170-137482-0039,3170/137482,LibriSpeech_3170,LibriSpeech_3170,1,39.32630599876166,maximum_decision_score
3,1236,3170-137482-0040,3170/137482,LibriSpeech_3170,LibriSpeech_3170,1,39.32621646099337,maximum_decision_score
1,1237,3170-137482-0041,3170/137482,LibriSpeech_3170,LibriSpeech_3170,1,39.326481514918214,maximum_decision_score
4,1238,3170-137482-0042,3170/137482,LibriSpeech_3170,LibriSpeech_3170,1,39.325902535321134,maximum_decision_score
5,1239,3170-137482-0043,3170/137482,LibriSpeech_3170,LibriSpeech_3170,1,39.32561036940509,maximum_decision_score
1,1240,3170-137482-0044,3170/137482,LibriSpeech_3170,LibriSpeech_3170,1,39.32625825086843,maximum_decision_score
4,1241,3170-137482-0045,3170/137482,LibriSpeech_3170,LibriSpeech_3170,1,39.32662133789793,maximum_decision_score
1,1242,3170-137482-0046,3170/137482,LibriSpeech_3170,LibriSpeech_3170,1,39.32645522649864,maximum_decision_score
1,1243,3170-137482-0047,3170/137482,LibriSpeech_3170,LibriSpeech_3170,1,39.32650430933287,maximum_decision_score
5,1244,3170-137482-0048,3170/137482,LibriSpeech_3170,LibriSpeech_3170,1,39.32593898174769,maximum_decision_score
1,1245,3536-23268-0000,3536/23268,LibriSpeech_3536,LibriSpeech_3536,1,39.32566962946841,maximum_decision_score
5,1246,3536-23268-0001,3536/23268,LibriSpeech_3536,LibriSpeech_3536,1,39.32676651490817,maximum_decision_score
2,1247,3536-23268-0002,3536/23268,LibriSpeech_3536,LibriSpeech_3536,1,39.32592007850182,maximum_decision_score
4,1248,3536-23268-0003,3536/23268,LibriSpeech_3536,LibriSpeech_3536,1,39.3259865579367,maximum_decision_score
3,1249,3536-23268-0004,3536/23268,LibriSpeech_3536,LibriSpeech_3536,1,39.32703920278233,maximum_decision_score
5,1250,3536-23268-0005,3536/23268,LibriSpeech_3536,LibriSpeech_3536,1,39.32585494412306,maximum_decision_score
3,1251,3536-23268-0006,3536/23268,LibriSpeech_3536,LibriSpeech_3536,1,39.3272415276761,maximum_decision_score
2,1252,3536-23268-0007,3536/23268,LibriSpeech_3536,LibriSpeech_3536,1,39.32659075965782,maximum_decision_score
4,1253,3536-23268-0008,3536/23268,LibriSpeech_3536,LibriSpeech_3536,1,39.32605232249264,maximum_decision_score
3,1254,3536-23268-0009,3536/23268,LibriSpeech_3536,LibriSpeech_3536,1,39.32654791898062,maximum_decision_score
4,1255,3536-23268-0010,3536/23268,LibriSpeech_3536,LibriSpeech_3536,1,39.325229418080156,maximum_decision_score
2,1256,3536-23268-0011,3536/23268,LibriSpeech_3536,LibriSpeech_3536,1,39.32629321352521,maximum_decision_score
4,1257,3536-23268-0012,3536/23268,LibriSpeech_3536,LibriSpeech_3536,1,39.32570674420481,maximum_decision_score
4,1258,3536-23268-0013,3536/23268,LibriSpeech_3536,LibriSpeech_3536,1,39.32574820673097,maximum_decision_score
4,1259,3536-23268-0014,3536/23268,LibriSpeech_3536,LibriSpeech_3536,1,39.3244898067358,maximum_decision_score
2,1260,3536-23268-0015,3536/23268,LibriSpeech_3536,LibriSpeech_3536,1,39.3264791862623,maximum_decision_score
3,1261,3536-23268-0016,3536/23268,LibriSpeech_3536,LibriSpeech_3536,1,39.325747455166734,maximum_decision_score
1,1262,3536-23268-0017,3536/23268,LibriSpeech_3536,LibriSpeech_3536,1,39.32622651238766,maximum_decision_score
3,1263,3536-23268-0018,3536/23268,LibriSpeech_3536,LibriSpeech_3536,1,39.326848984699524,maximum_decision_score
5,1264,3536-23268-0019,3536/23268,LibriSpeech_3536,LibriSpeech_3536,1,39.3253185508484,maximum_decision_score
1,1265,3536-23268-0020,3536/23268,LibriSpeech_3536,LibriSpeech_3536,1,39.32510664174842,maximum_decision_score
3,1266,3536-23268-0021,3536/23268,LibriSpeech_3536,LibriSpeech_3536,1,39.32547410833824,maximum_decision_score
5,1267,3536-23268-0022,3536/23268,LibriSpeech_3536,LibriSpeech_3536,1,39.326903019091446,maximum_decision_score
1,1268,3536-23268-0023,3536/23268,LibriSpeech_3536,LibriSpeech_3536,1,39.3245085112503,maximum_decision_score
2,1269,3536-23268-0024,3536/23268,LibriSpeech_3536,LibriSpeech_3536,1,39.32688546913105,maximum_decision_score
4,1270,3536-23268-0025,3536/23268,LibriSpeech_3536,LibriSpeech_3536,1,39.3252968269744,maximum_decision_score
1,1271,3536-23268-0026,3536/23268,LibriSpeech_3536,LibriSpeech_3536,1,39.325905066252375,maximum_decision_score
2,1272,3536-23268-0027,3536/23268,LibriSpeech_3536,LibriSpeech_3536,1,39.32639512677532,maximum_decision_score
1,1273,3536-23268-0028,3536/23268,LibriSpeech_3536,LibriSpeech_3536,1,39.325980587371525,maximum_decision_score
3,1274,3536-23268-0029,3536/23268,LibriSpeech_3536,LibriSpeech_3536,1,39.32617590164816,maximum_decision_score
1,1275,3536-23268-0030,3536/23268,LibriSpeech_3536,LibriSpeech_3536,1,39.324227558184965,maximum_decision_score
4,1276,3536-8226-0000,3536/8226,LibriSpeech_3536,LibriSpeech_3536,1,39.326212032344245,maximum_decision_score
2,1277,3536-8226-0001,3536/8226,LibriSpeech_3536,LibriSpeech_3536,1,39.32538331610682,maximum_decision_score
5,1278,3536-8226-0002,3536/8226,LibriSpeech_3536,LibriSpeech_3536,1,39.32602082186262,maximum_decision_score
5,1279,3536-8226-0003,3536/8226,LibriSpeech_3536,LibriSpeech_3536,1,39.326959494030916,maximum_decision_score
5,1280,3536-8226-0004,3536/8226,LibriSpeech_3536,LibriSpeech_3536,1,39.325816137611945,maximum_decision_score
3,1281,3536-8226-0005,3536/8226,LibriSpeech_3536,LibriSpeech_3536,1,39.32631976853197,maximum_decision_score
3,1282,3536-8226-0006,3536/8226,LibriSpeech_3536,LibriSpeech_3536,1,39.326373486959035,maximum_decision_score
2,1283,3536-8226-0007,3536/8226,LibriSpeech_3536,LibriSpeech_3536,1,39.32687219123529,maximum_decision_score
4,1284,3536-8226-0008,3536/8226,LibriSpeech_3536,LibriSpeech_3536,1,39.326059124076316,maximum_decision_score
2,1285,3536-8226-0009,3536/8226,LibriSpeech_3536,LibriSpeech_3536,1,39.325938238347206,maximum_decision_score
5,1286,3536-8226-0010,3536/8226,LibriSpeech_3536,LibriSpeech_3536,1,39.32577268672666,maximum_decision_score
1,1287,3536-8226-0011,3536/8226,LibriSpeech_3536,LibriSpeech_3536,1,39.326810027860994,maximum_decision_score
2,1288,3536-8226-0012,3536/8226,LibriSpeech_3536,LibriSpeech_3536,1,39.32633428882688,maximum_decision_score
1,1289,3536-8226-0013,3536/8226,LibriSpeech_3536,LibriSpeech_3536,1,39.32653867800014,maximum_decision_score
4,1290,3536-8226-0014,3536/8226,LibriSpeech_3536,LibriSpeech_3536,1,39.32546936348742,maximum_decision_score
5,1291,3536-8226-0015,3536/8226,LibriSpeech_3536,LibriSpeech_3536,1,39.32638299715709,maximum_decision_score
5,1292,3536-8226-0016,3536/8226,LibriSpeech_3536,LibriSpeech_3536,1,39.32549551362173,maximum_decision_score
1,1293,3536-8226-0017,3536/8226,LibriSpeech_3536,LibriSpeech_3536,1,39.3269078607002,maximum_decision_score
5,1294,3536-8226-0018,3536/8226,LibriSpeech_3536,LibriSpeech_3536,1,39.32658633042065,maximum_decision_score
3,1295,3536-8226-0019,3536/8226,LibriSpeech_3536,LibriSpeech_3536,1,39.326887856382534,maximum_decision_score
4,1296,3536-8226-0020,3536/8226,LibriSpeech_3536,LibriSpeech_3536,1,39.32658503343311,maximum_decision_score
3,1297,3536-8226-0021,3536/8226,LibriSpeech_3536,LibriSpeech_3536,1,39.32696220929724,maximum_decision_score
1,1298,3536-8226-0022,3536/8226,LibriSpeech_3536,LibriSpeech_3536,1,39.326274394008806,maximum_decision_score
1,1299,3536-8226-0023,3536/8226,LibriSpeech_3536,LibriSpeech_3536,1,39.32706264988401,maximum_decision_score
1,1300,3536-8226-0024,3536/8226,LibriSpeech_3536,LibriSpeech_3536,1,39.32530806218445,maximum_decision_score
3,1301,3536-8226-0025,3536/8226,LibriSpeech_3536,LibriSpeech_3536,1,39.32673638369631,maximum_decision_score
5,1302,3536-8226-0026,3536/8226,LibriSpeech_3536,LibriSpeech_3536,1,39.326182081947174,maximum_decision_score
2,1303,3536-8226-0027,3536/8226,LibriSpeech_3536,LibriSpeech_3536,1,39.327132674250166,maximum_decision_score
2,1304,3536-8226-0028,3536/8226,LibriSpeech_3536,LibriSpeech_3536,1,39.32617567051403,maximum_decision_score
5,1305,3536-8226-0029,3536/8226,LibriSpeech_3536,LibriSpeech_3536,1,39.321685705043166,maximum_decision_score
2,1306,3536-8226-0030,3536/8226,LibriSpeech_3536,LibriSpeech_3536,1,39.3268333780389,maximum_decision_score
3,1307,3536-8226-0031,3536/8226,LibriSpeech_3536,LibriSpeech_3536,1,39.32731883672413,maximum_decision_score
4,1308,3536-8226-0032,3536/8226,LibriSpeech_3536,LibriSpeech_3536,1,39.326215442486294,maximum_decision_score
3,1309,3576-138058-0000,3576/138058,LibriSpeech_3576,LibriSpeech_3576,1,39.32517388208423,maximum_decision_score
2,1310,3576-138058-0001,3576/138058,LibriSpeech_3576,LibriSpeech_3576,1,39.325822135998166,maximum_decision_score
2,1311,3576-138058-0002,3576/138058,LibriSpeech_3576,LibriSpeech_3576,1,39.32576327051297,maximum_decision_score
1,1312,3576-138058-0003,3576/138058,LibriSpeech_3576,LibriSpeech_3576,1,39.32579672600922,maximum_decision_score
3,1313,3576-138058-0004,3576/138058,LibriSpeech_3576,LibriSpeech_3576,1,39.32673638901678,maximum_decision_score
3,1314,3576-138058-0005,3576/138058,LibriSpeech_3576,LibriSpeech_3576,1,39.32504490498683,maximum_decision_score
2,1315,3576-138058-0006,3576/138058,LibriSpeech_3576,LibriSpeech_3576,1,39.326192763899535,maximum_decision_score
2,1316,3576-138058-0007,3576/138058,LibriSpeech_3576,LibriSpeech_3576,1,39.325411693123925,maximum_decision_score
4,1317,3576-138058-0008,3576/138058,LibriSpeech_3576,LibriSpeech_3853,0,39.32615300318499,maximum_decision_score
2,1318,3576-138058-0009,3576/138058,LibriSpeech_3576,LibriSpeech_3576,1,39.3264270651073,maximum_decision_score
4,1319,3576-138058-0010,3576/138058,LibriSpeech_3576,LibriSpeech_3576,1,39.325743798873674,maximum_decision_score
5,1320,3576-138058-0011,3576/138058,LibriSpeech_3576,LibriSpeech_3576,1,39.32594534797605,maximum_decision_score
3,1321,3576-138058-0012,3576/138058,LibriSpeech_3576,LibriSpeech_3576,1,39.3270147752907,maximum_decision_score
2,1322,3576-138058-0013,3576/138058,LibriSpeech_3576,LibriSpeech_3576,1,39.3269964966908,maximum_decision_score
4,1323,3576-138058-0014,3576/138058,LibriSpeech_3576,LibriSpeech_3576,1,39.325854913093394,maximum_decision_score
3,1324,3576-138058-0015,3576/138058,LibriSpeech_3576,LibriSpeech_3576,1,39.32526829086308,maximum_decision_score
4,1325,3576-138058-0016,3576/138058,LibriSpeech_3576,LibriSpeech_3576,1,39.32632539742342,maximum_decision_score
4,1326,3576-138058-0017,3576/138058,LibriSpeech_3576,LibriSpeech_3576,1,39.32554139460351,maximum_decision_score
1,1327,3576-138058-0018,3576/138058,LibriSpeech_3576,LibriSpeech_3576,1,39.32533663279283,maximum_decision_score
4,1328,3576-138058-0019,3576/138058,LibriSpeech_3576,LibriSpeech_3576,1,39.32633846338297,maximum_decision_score
5,1329,3576-138058-0020,3576/138058,LibriSpeech_3576,LibriSpeech_3576,1,39.32659833664969,maximum_decision_score
5,1330,3576-138058-0021,3576/138058,LibriSpeech_3576,LibriSpeech_3576,1,39.32617350914612,maximum_decision_score
1,1331,3576-138058-0022,3576/138058,LibriSpeech_3576,LibriSpeech_3576,1,39.32674649618408,maximum_decision_score
1,1332,3576-138058-0023,3576/138058,LibriSpeech_3576,LibriSpeech_3576,1,39.32631289596685,maximum_decision_score
4,1333,3576-138058-0024,3576/138058,LibriSpeech_3576,LibriSpeech_3576,1,39.326243087981126,maximum_decision_score
2,1334,3576-138058-0025,3576/138058,LibriSpeech_3576,LibriSpeech_3576,1,39.32548702232805,maximum_decision_score
5,1335,3576-138058-0026,3576/138058,LibriSpeech_3576,LibriSpeech_3576,1,39.32612435159208,maximum_decision_score
4,1336,3576-138058-0027,3576/138058,LibriSpeech_3576,LibriSpeech_3576,1,39.325749400400525,maximum_decision_score
5,1337,3576-138058-0028,3576/138058,LibriSpeech_3576,LibriSpeech_3576,1,39.32628308523725,maximum_decision_score
1,1338,3576-138058-0029,3576/138058,LibriSpeech_3576,LibriSpeech_3576,1,39.326133397252484,maximum_decision_score
5,1339,3576-138058-0030,3576/138058,LibriSpeech_3576,LibriSpeech_3576,1,39.32682440588858,maximum_decision_score
3,1340,3576-138058-0031,3576/138058,LibriSpeech_3576,LibriSpeech_84,0,39.32521268757035,maximum_decision_score
3,1341,3576-138058-0032,3576/138058,LibriSpeech_3576,LibriSpeech_3576,1,39.32594267544603,maximum_decision_score
1,1342,3576-138058-0033,3576/138058,LibriSpeech_3576,LibriSpeech_3576,1,39.326238967696405,maximum_decision_score
5,1343,3576-138058-0034,3576/138058,LibriSpeech_3576,LibriSpeech_3576,1,39.32637591437542,maximum_decision_score
1,1344,3576-138058-0035,3576/138058,LibriSpeech_3576,LibriSpeech_3576,1,39.3258846243257,maximum_decision_score
1,1345,3576-138058-0036,3576/138058,LibriSpeech_3576,LibriSpeech_3576,1,39.32535150046393,maximum_decision_score
5,1346,3576-138058-0037,3576/138058,LibriSpeech_3576,LibriSpeech_3576,1,39.325384178612396,maximum_decision_score
1,1347,3576-138058-0038,3576/138058,LibriSpeech_3576,LibriSpeech_3576,1,39.3257769082202,maximum_decision_score
3,1348,3576-138058-0039,3576/138058,LibriSpeech_3576,LibriSpeech_3576,1,39.32482822590406,maximum_decision_score
2,1349,3576-138058-0040,3576/138058,LibriSpeech_3576,LibriSpeech_3576,1,39.32616790314655,maximum_decision_score
2,1350,3752-4943-0000,3752/4943,LibriSpeech_3752,LibriSpeech_3752,1,39.326495587083414,maximum_decision_score
1,1351,3752-4943-0001,3752/4943,LibriSpeech_3752,LibriSpeech_3752,1,39.326275174858466,maximum_decision_score
1,1352,3752-4943-0002,3752/4943,LibriSpeech_3752,LibriSpeech_3752,1,39.32600505212157,maximum_decision_score
1,1353,3752-4943-0003,3752/4943,LibriSpeech_3752,LibriSpeech_3752,1,39.32709963516556,maximum_decision_score
1,1354,3752-4943-0004,3752/4943,LibriSpeech_3752,LibriSpeech_3752,1,39.32606842437468,maximum_decision_score
3,1355,3752-4943-0005,3752/4943,LibriSpeech_3752,LibriSpeech_3752,1,39.32551889697767,maximum_decision_score
2,1356,3752-4943-0006,3752/4943,LibriSpeech_3752,LibriSpeech_3752,1,39.3260746494525,maximum_decision_score
4,1357,3752-4943-0007,3752/4943,LibriSpeech_3752,LibriSpeech_3752,1,39.32638505428668,maximum_decision_score
2,1358,3752-4943-0008,3752/4943,LibriSpeech_3752,LibriSpeech_3752,1,39.32532211300527,maximum_decision_score
2,1359,3752-4943-0009,3752/4943,LibriSpeech_3752,LibriSpeech_3752,1,39.32639744158597,maximum_decision_score
4,1360,3752-4943-0010,3752/4943,LibriSpeech_3752,LibriSpeech_3752,1,39.32768165531093,maximum_decision_score
5,1361,3752-4943-0011,3752/4943,LibriSpeech_3752,LibriSpeech_3752,1,39.32606491150007,maximum_decision_score
5,1362,3752-4943-0012,3752/4943,LibriSpeech_3752,LibriSpeech_3752,1,39.325748955936156,maximum_decision_score
5,1363,3752-4943-0013,3752/4943,LibriSpeech_3752,LibriSpeech_3752,1,39.32484951253737,maximum_decision_score
1,1364,3752-4943-0014,3752/4943,LibriSpeech_3752,LibriSpeech_3752,1,39.32641941017247,maximum_decision_score
4,1365,3752-4943-0015,3752/4943,LibriSpeech_3752,LibriSpeech_3752,1,39.32678766446419,maximum_decision_score
3,1366,3752-4943-0016,3752/4943,LibriSpeech_3752,LibriSpeech_3752,1,39.327074802868005,maximum_decision_score
3,1367,3752-4943-0017,3752/4943,LibriSpeech_3752,LibriSpeech_3752,1,39.32586783045652,maximum_decision_score
2,1368,3752-4943-0018,3752/4943,LibriSpeech_3752,LibriSpeech_3752,1,39.32615866812149,maximum_decision_score
2,1369,3752-4943-0019,3752/4943,LibriSpeech_3752,LibriSpeech_8297,0,39.32529442187773,maximum_decision_score
2,1370,3752-4943-0020,3752/4943,LibriSpeech_3752,LibriSpeech_3752,1,39.327052705506645,maximum_decision_score
1,1371,3752-4943-0021,3752/4943,LibriSpeech_3752,LibriSpeech_3752,1,39.327297607493314,maximum_decision_score
2,1372,3752-4943-0022,3752/4943,LibriSpeech_3752,LibriSpeech_3752,1,39.32709548581919,maximum_decision_score
3,1373,3752-4943-0023,3752/4943,LibriSpeech_3752,LibriSpeech_3752,1,39.32647175687124,maximum_decision_score
1,1374,3752-4943-0024,3752/4943,LibriSpeech_3752,LibriSpeech_3752,1,39.326694502195714,maximum_decision_score
2,1375,3752-4943-0025,3752/4943,LibriSpeech_3752,LibriSpeech_3752,1,39.327040679214534,maximum_decision_score
4,1376,3752-4943-0026,3752/4943,LibriSpeech_3752,LibriSpeech_3752,1,39.32710414748723,maximum_decision_score
3,1377,3752-4943-0027,3752/4943,LibriSpeech_3752,LibriSpeech_2902,0,39.326682793814825,maximum_decision_score
2,1378,3752-4943-0028,3752/4943,LibriSpeech_3752,LibriSpeech_3752,1,39.32744341375354,maximum_decision_score
5,1379,3752-4943-0029,3752/4943,LibriSpeech_3752,LibriSpeech_3752,1,39.32657179338963,maximum_decision_score
5,1380,3752-4943-0030,3752/4943,LibriSpeech_3752,LibriSpeech_3752,1,39.326877653182905,maximum_decision_score
4,1381,3752-4944-0000,3752/4944,LibriSpeech_3752,LibriSpeech_3752,1,39.32603567544526,maximum_decision_score
4,1382,3752-4944-0001,3752/4944,LibriSpeech_3752,LibriSpeech_3752,1,39.32670656868748,maximum_decision_score
3,1383,3752-4944-0002,3752/4944,LibriSpeech_3752,LibriSpeech_3752,1,39.32636163155634,maximum_decision_score
1,1384,3752-4944-0003,3752/4944,LibriSpeech_3752,LibriSpeech_3752,1,39.32664834693877,maximum_decision_score
4,1385,3752-4944-0004,3752/4944,LibriSpeech_3752,LibriSpeech_3752,1,39.327336286571075,maximum_decision_score
4,1386,3752-4944-0005,3752/4944,LibriSpeech_3752,LibriSpeech_3752,1,39.327026184396765,maximum_decision_score
4,1387,3752-4944-0006,3752/4944,LibriSpeech_3752,LibriSpeech_3752,1,39.325809594435455,maximum_decision_score
5,1388,3752-4944-0007,3752/4944,LibriSpeech_3752,LibriSpeech_3752,1,39.32758450036345,maximum_decision_score
1,1389,3752-4944-0008,3752/4944,LibriSpeech_3752,LibriSpeech_3752,1,39.326725522722924,maximum_decision_score
4,1390,3752-4944-0009,3752/4944,LibriSpeech_3752,LibriSpeech_3752,1,39.325262288808425,maximum_decision_score
5,1391,3752-4944-0010,3752/4944,LibriSpeech_3752,LibriSpeech_3752,1,39.326838894931626,maximum_decision_score
3,1392,3752-4944-0011,3752/4944,LibriSpeech_3752,LibriSpeech_3752,1,39.3272416408147,maximum_decision_score
5,1393,3752-4944-0012,3752/4944,LibriSpeech_3752,LibriSpeech_3752,1,39.326645979910666,maximum_decision_score
1,1394,3752-4944-0013,3752/4944,LibriSpeech_3752,LibriSpeech_3752,1,39.32697175068246,maximum_decision_score
5,1395,3752-4944-0014,3752/4944,LibriSpeech_3752,LibriSpeech_3752,1,39.32656911250343,maximum_decision_score
3,1396,3752-4944-0015,3752/4944,LibriSpeech_3752,LibriSpeech_3752,1,39.32603033990594,maximum_decision_score
2,1397,3752-4944-0016,3752/4944,LibriSpeech_3752,LibriSpeech_3752,1,39.326764909464,maximum_decision_score
5,1398,3752-4944-0017,3752/4944,LibriSpeech_3752,LibriSpeech_3752,1,39.32611372761234,maximum_decision_score
2,1399,3752-4944-0018,3752/4944,LibriSpeech_3752,LibriSpeech_3752,1,39.32646602291565,maximum_decision_score
3,1400,3752-4944-0019,3752/4944,LibriSpeech_3752,LibriSpeech_3752,1,39.3268430836083,maximum_decision_score
2,1401,3752-4944-0020,3752/4944,LibriSpeech_3752,LibriSpeech_3752,1,39.326094118453845,maximum_decision_score
3,1402,3752-4944-0021,3752/4944,LibriSpeech_3752,LibriSpeech_3752,1,39.32631689367931,maximum_decision_score
3,1403,3752-4944-0022,3752/4944,LibriSpeech_3752,LibriSpeech_3752,1,39.326038924542694,maximum_decision_score
5,1404,3752-4944-0023,3752/4944,LibriSpeech_3752,LibriSpeech_3752,1,39.32701992676373,maximum_decision_score
4,1405,3752-4944-0024,3752/4944,LibriSpeech_3752,LibriSpeech_3752,1,39.327303549659945,maximum_decision_score
3,1406,3752-4944-0025,3752/4944,LibriSpeech_3752,LibriSpeech_3752,1,39.32745796707993,maximum_decision_score
1,1407,3752-4944-0026,3752/4944,LibriSpeech_3752,LibriSpeech_3752,1,39.32612280642492,maximum_decision_score
2,1408,3752-4944-0027,3752/4944,LibriSpeech_3752,LibriSpeech_3752,1,39.32617005525869,maximum_decision_score
4,1409,3752-4944-0028,3752/4944,LibriSpeech_3752,LibriSpeech_3752,1,39.32514168124197,maximum_decision_score
5,1410,3752-4944-0029,3752/4944,LibriSpeech_3752,LibriSpeech_3752,1,39.327235400921055,maximum_decision_score
3,1411,3752-4944-0030,3752/4944,LibriSpeech_3752,LibriSpeech_3752,1,39.32746172011734,maximum_decision_score
3,1412,3752-4944-0031,3752/4944,LibriSpeech_3752,LibriSpeech_3752,1,39.32672090932653,maximum_decision_score
1,1413,3752-4944-0032,3752/4944,LibriSpeech_3752,LibriSpeech_3752,1,39.32648809441564,maximum_decision_score
4,1414,3752-4944-0033,3752/4944,LibriSpeech_3752,LibriSpeech_3752,1,39.326212311299194,maximum_decision_score
3,1415,3752-4944-0034,3752/4944,LibriSpeech_3752,LibriSpeech_3752,1,39.32708249467788,maximum_decision_score
4,1416,3752-4944-0035,3752/4944,LibriSpeech_3752,LibriSpeech_3752,1,39.32580727231536,maximum_decision_score
1,1417,3752-4944-0036,3752/4944,LibriSpeech_3752,LibriSpeech_3752,1,39.32690338559629,maximum_decision_score
2,1418,3752-4944-0037,3752/4944,LibriSpeech_3752,LibriSpeech_3752,1,39.32635678484629,maximum_decision_score
1,1419,3752-4944-0038,3752/4944,LibriSpeech_3752,LibriSpeech_3752,1,39.32646606869197,maximum_decision_score
2,1420,3752-4944-0039,3752/4944,LibriSpeech_3752,LibriSpeech_3752,1,39.3273955909282,maximum_decision_score
1,1421,3752-4944-0040,3752/4944,LibriSpeech_3752,LibriSpeech_3752,1,39.32665850049037,maximum_decision_score
5,1422,3752-4944-0041,3752/4944,LibriSpeech_3752,LibriSpeech_3752,1,39.32556051814618,maximum_decision_score
4,1423,3752-4944-0042,3752/4944,LibriSpeech_3752,LibriSpeech_3752,1,39.32653525682129,maximum_decision_score
2,1424,3752-4944-0043,3752/4944,LibriSpeech_3752,LibriSpeech_3752,1,39.327150521513644,maximum_decision_score
5,1425,3752-4944-0044,3752/4944,LibriSpeech_3752,LibriSpeech_3752,1,39.327150996667946,maximum_decision_score
3,1426,3752-4944-0045,3752/4944,LibriSpeech_3752,LibriSpeech_3752,1,39.32758497557301,maximum_decision_score
5,1427,3752-4944-0046,3752/4944,LibriSpeech_3752,LibriSpeech_3752,1,39.32621497039724,maximum_decision_score
1,1428,3752-4944-0047,3752/4944,LibriSpeech_3752,LibriSpeech_3752,1,39.32614116844271,maximum_decision_score
4,1429,3752-4944-0048,3752/4944,LibriSpeech_3752,LibriSpeech_3752,1,39.32671779370572,maximum_decision_score
5,1430,3752-4944-0049,3752/4944,LibriSpeech_3752,LibriSpeech_3752,1,39.32638901624501,maximum_decision_score
1,1431,3752-4944-0050,3752/4944,LibriSpeech_3752,LibriSpeech_3752,1,39.32685839940105,maximum_decision_score
3,1432,3752-4944-0051,3752/4944,LibriSpeech_3752,LibriSpeech_3752,1,39.326736502910286,maximum_decision_score
2,1433,3752-4944-0052,3752/4944,LibriSpeech_3752,LibriSpeech_3752,1,39.3268908126942,maximum_decision_score
5,1434,3752-4944-0053,3752/4944,LibriSpeech_3752,LibriSpeech_3752,1,39.3265214197362,maximum_decision_score
5,1435,3752-4944-0054,3752/4944,LibriSpeech_3752,LibriSpeech_3752,1,39.32645972438109,maximum_decision_score
3,1436,3752-4944-0055,3752/4944,LibriSpeech_3752,LibriSpeech_3752,1,39.32618991422068,maximum_decision_score
1,1437,3752-4944-0056,3752/4944,LibriSpeech_3752,LibriSpeech_3752,1,39.325300543311364,maximum_decision_score
2,1438,3752-4944-0057,3752/4944,LibriSpeech_3752,LibriSpeech_3752,1,39.327394272811595,maximum_decision_score
1,1439,3752-4944-0058,3752/4944,LibriSpeech_3752,LibriSpeech_3752,1,39.32665012321034,maximum_decision_score
2,1440,3752-4944-0059,3752/4944,LibriSpeech_3752,LibriSpeech_3752,1,39.327400779092244,maximum_decision_score
4,1441,3752-4944-0060,3752/4944,LibriSpeech_3752,LibriSpeech_3752,1,39.32663700148503,maximum_decision_score
2,1442,3752-4944-0061,3752/4944,LibriSpeech_3752,LibriSpeech_3752,1,39.32575663892864,maximum_decision_score
3,1443,3752-4944-0062,3752/4944,LibriSpeech_3752,LibriSpeech_3752,1,39.32735330547589,maximum_decision_score
5,1444,3752-4944-0063,3752/4944,LibriSpeech_3752,LibriSpeech_3752,1,39.32697933382202,maximum_decision_score
1,1445,3752-4944-0064,3752/4944,LibriSpeech_3752,LibriSpeech_3752,1,39.32596422646345,maximum_decision_score
4,1446,3752-4944-0065,3752/4944,LibriSpeech_3752,LibriSpeech_3752,1,39.327321261950495,maximum_decision_score
4,1447,3752-4944-0066,3752/4944,LibriSpeech_3752,LibriSpeech_3752,1,39.325955572435845,maximum_decision_score
3,1448,3752-4944-0067,3752/4944,LibriSpeech_3752,LibriSpeech_3752,1,39.3267355324766,maximum_decision_score
4,1449,3752-4944-0068,3752/4944,LibriSpeech_3752,LibriSpeech_3752,1,39.32626598826836,maximum_decision_score
5,1450,3752-4944-0069,3752/4944,LibriSpeech_3752,LibriSpeech_3752,1,39.326506379802595,maximum_decision_score
5,1451,3853-163249-0000,3853/163249,LibriSpeech_3853,LibriSpeech_3853,1,39.327154136661925,maximum_decision_score
1,1452,3853-163249-0001,3853/163249,LibriSpeech_3853,LibriSpeech_3853,1,39.32670809913118,maximum_decision_score
4,1453,3853-163249-0002,3853/163249,LibriSpeech_3853,LibriSpeech_3853,1,39.32783886708163,maximum_decision_score
4,1454,3853-163249-0003,3853/163249,LibriSpeech_3853,LibriSpeech_3853,1,39.32691439774495,maximum_decision_score
2,1455,3853-163249-0004,3853/163249,LibriSpeech_3853,LibriSpeech_3853,1,39.32620216575583,maximum_decision_score
5,1456,3853-163249-0005,3853/163249,LibriSpeech_3853,LibriSpeech_3853,1,39.3273047190853,maximum_decision_score
3,1457,3853-163249-0006,3853/163249,LibriSpeech_3853,LibriSpeech_3853,1,39.32736844391888,maximum_decision_score
3,1458,3853-163249-0007,3853/163249,LibriSpeech_3853,LibriSpeech_3853,1,39.32641595430954,maximum_decision_score
1,1459,3853-163249-0008,3853/163249,LibriSpeech_3853,LibriSpeech_3853,1,39.327739778188395,maximum_decision_score
4,1460,3853-163249-0009,3853/163249,LibriSpeech_3853,LibriSpeech_3853,1,39.32693348668072,maximum_decision_score
4,1461,3853-163249-0010,3853/163249,LibriSpeech_3853,LibriSpeech_3853,1,39.327536844593425,maximum_decision_score
5,1462,3853-163249-0011,3853/163249,LibriSpeech_3853,LibriSpeech_3853,1,39.324943577636674,maximum_decision_score
5,1463,3853-163249-0012,3853/163249,LibriSpeech_3853,LibriSpeech_3853,1,39.32783381192007,maximum_decision_score
3,1464,3853-163249-0013,3853/163249,LibriSpeech_3853,LibriSpeech_3853,1,39.327201536498066,maximum_decision_score
2,1465,3853-163249-0014,3853/163249,LibriSpeech_3853,LibriSpeech_3853,1,39.32731290945389,maximum_decision_score
1,1466,3853-163249-0015,3853/163249,LibriSpeech_3853,LibriSpeech_3853,1,39.32635875185869,maximum_decision_score
1,1467,3853-163249-0016,3853/163249,LibriSpeech_3853,LibriSpeech_3853,1,39.327183752225565,maximum_decision_score
1,1468,3853-163249-0017,3853/163249,LibriSpeech_3853,LibriSpeech_3853,1,39.32732000346499,maximum_decision_score
4,1469,3853-163249-0018,3853/163249,LibriSpeech_3853,LibriSpeech_3853,1,39.32729535014943,maximum_decision_score
5,1470,3853-163249-0019,3853/163249,LibriSpeech_3853,LibriSpeech_3853,1,39.326242156824335,maximum_decision_score
3,1471,3853-163249-0020,3853/163249,LibriSpeech_3853,LibriSpeech_3853,1,39.327390805076284,maximum_decision_score
4,1472,3853-163249-0021,3853/163249,LibriSpeech_3853,LibriSpeech_3853,1,39.325997812265776,maximum_decision_score
1,1473,3853-163249-0022,3853/163249,LibriSpeech_3853,LibriSpeech_3853,1,39.3276188585962,maximum_decision_score
5,1474,3853-163249-0023,3853/163249,LibriSpeech_3853,LibriSpeech_3853,1,39.32587924702956,maximum_decision_score
3,1475,3853-163249-0024,3853/163249,LibriSpeech_3853,LibriSpeech_3853,1,39.326335797560446,maximum_decision_score
4,1476,3853-163249-0025,3853/163249,LibriSpeech_3853,LibriSpeech_3853,1,39.32681641135537,maximum_decision_score
1,1477,3853-163249-0026,3853/163249,LibriSpeech_3853,LibriSpeech_3853,1,39.325614758842036,maximum_decision_score
1,1478,3853-163249-0027,3853/163249,LibriSpeech_3853,LibriSpeech_3853,1,39.326834266268776,maximum_decision_score
3,1479,3853-163249-0028,3853/163249,LibriSpeech_3853,LibriSpeech_3853,1,39.32635990591373,maximum_decision_score
4,1480,3853-163249-0029,3853/163249,LibriSpeech_3853,LibriSpeech_3853,1,39.323406670485014,maximum_decision_score
5,1481,3853-163249-0030,3853/163249,LibriSpeech_3853,LibriSpeech_3853,1,39.32751970171197,maximum_decision_score
4,1482,3853-163249-0031,3853/163249,LibriSpeech_3853,LibriSpeech_3853,1,39.32722642998763,maximum_decision_score
2,1483,3853-163249-0032,3853/163249,LibriSpeech_3853,LibriSpeech_3853,1,39.325279088384775,maximum_decision_score
5,1484,3853-163249-0033,3853/163249,LibriSpeech_3853,LibriSpeech_3853,1,39.32608280940149,maximum_decision_score
2,1485,3853-163249-0034,3853/163249,LibriSpeech_3853,LibriSpeech_3853,1,39.326840629864435,maximum_decision_score
5,1486,3853-163249-0035,3853/163249,LibriSpeech_3853,LibriSpeech_3853,1,39.32613816191983,maximum_decision_score
1,1487,3853-163249-0036,3853/163249,LibriSpeech_3853,LibriSpeech_3853,1,39.32766124816238,maximum_decision_score
3,1488,3853-163249-0037,3853/163249,LibriSpeech_3853,LibriSpeech_3853,1,39.3273366558932,maximum_decision_score
3,1489,3853-163249-0038,3853/163249,LibriSpeech_3853,LibriSpeech_3853,1,39.32657783403081,maximum_decision_score
5,1490,3853-163249-0039,3853/163249,LibriSpeech_3853,LibriSpeech_3853,1,39.32624737301586,maximum_decision_score
2,1491,3853-163249-0040,3853/163249,LibriSpeech_3853,LibriSpeech_84,0,39.32568984845872,maximum_decision_score
3,1492,3853-163249-0041,3853/163249,LibriSpeech_3853,LibriSpeech_3853,1,39.326439698436126,maximum_decision_score
2,1493,3853-163249-0042,3853/163249,LibriSpeech_3853,LibriSpeech_3853,1,39.3273893955877,maximum_decision_score
4,1494,3853-163249-0043,3853/163249,LibriSpeech_3853,LibriSpeech_3853,1,39.32693103795774,maximum_decision_score
3,1495,3853-163249-0044,3853/163249,LibriSpeech_3853,LibriSpeech_3853,1,39.326809859141974,maximum_decision_score
4,1496,3853-163249-0045,3853/163249,LibriSpeech_3853,LibriSpeech_3853,1,39.32640650973971,maximum_decision_score
1,1497,3853-163249-0046,3853/163249,LibriSpeech_3853,LibriSpeech_3853,1,39.32655641159248,maximum_decision_score
2,1498,3853-163249-0047,3853/163249,LibriSpeech_3853,LibriSpeech_3853,1,39.32662341672947,maximum_decision_score
1,1499,3853-163249-0048,3853/163249,LibriSpeech_3853,LibriSpeech_3853,1,39.32667095684291,maximum_decision_score
4,1500,3853-163249-0049,3853/163249,LibriSpeech_3853,LibriSpeech_3853,1,39.327277620088665,maximum_decision_score
2,1501,3853-163249-0050,3853/163249,LibriSpeech_3853,LibriSpeech_3853,1,39.323498686818795,maximum_decision_score
5,1502,3853-163249-0051,3853/163249,LibriSpeech_3853,LibriSpeech_3853,1,39.32655042791069,maximum_decision_score
3,1503,3853-163249-0052,3853/163249,LibriSpeech_3853,LibriSpeech_3853,1,39.32664695371496,maximum_decision_score
3,1504,3853-163249-0053,3853/163249,LibriSpeech_3853,LibriSpeech_3853,1,39.327644534266014,maximum_decision_score
2,1505,3853-163249-0054,3853/163249,LibriSpeech_3853,LibriSpeech_3853,1,39.32771820804613,maximum_decision_score
2,1506,3853-163249-0055,3853/163249,LibriSpeech_3853,LibriSpeech_3853,1,39.3258464287585,maximum_decision_score
2,1507,3853-163249-0056,3853/163249,LibriSpeech_3853,LibriSpeech_3853,1,39.326381844699426,maximum_decision_score
4,1508,422-122949-0000,422/122949,LibriSpeech_422,LibriSpeech_422,1,39.325966386466916,maximum_decision_score
5,1509,422-122949-0001,422/122949,LibriSpeech_422,LibriSpeech_422,1,39.32545730002144,maximum_decision_score
2,1510,422-122949-0002,422/122949,LibriSpeech_422,LibriSpeech_422,1,39.32469626407353,maximum_decision_score
3,1511,422-122949-0003,422/122949,LibriSpeech_422,LibriSpeech_422,1,39.326447681273706,maximum_decision_score
4,1512,422-122949-0004,422/122949,LibriSpeech_422,LibriSpeech_422,1,39.326281700954034,maximum_decision_score
3,1513,422-122949-0005,422/122949,LibriSpeech_422,LibriSpeech_422,1,39.32591732373479,maximum_decision_score
3,1514,422-122949-0006,422/122949,LibriSpeech_422,LibriSpeech_422,1,39.325895660349516,maximum_decision_score
5,1515,422-122949-0007,422/122949,LibriSpeech_422,LibriSpeech_422,1,39.32621692788769,maximum_decision_score
3,1516,422-122949-0008,422/122949,LibriSpeech_422,LibriSpeech_422,1,39.32572979312722,maximum_decision_score
2,1517,422-122949-0009,422/122949,LibriSpeech_422,LibriSpeech_422,1,39.325151776875444,maximum_decision_score
3,1518,422-122949-0010,422/122949,LibriSpeech_422,LibriSpeech_422,1,39.32596481115386,maximum_decision_score
4,1519,422-122949-0011,422/122949,LibriSpeech_422,LibriSpeech_422,1,39.325673918736236,maximum_decision_score
2,1520,422-122949-0012,422/122949,LibriSpeech_422,LibriSpeech_422,1,39.326090710368874,maximum_decision_score
4,1521,422-122949-0013,422/122949,LibriSpeech_422,LibriSpeech_422,1,39.32558937917029,maximum_decision_score
5,1522,422-122949-0014,422/122949,LibriSpeech_422,LibriSpeech_422,1,39.32567925930046,maximum_decision_score
5,1523,422-122949-0015,422/122949,LibriSpeech_422,LibriSpeech_422,1,39.32566105482946,maximum_decision_score
4,1524,422-122949-0016,422/122949,LibriSpeech_422,LibriSpeech_422,1,39.32465119644924,maximum_decision_score
2,1525,422-122949-0017,422/122949,LibriSpeech_422,LibriSpeech_422,1,39.32452660194324,maximum_decision_score
4,1526,422-122949-0018,422/122949,LibriSpeech_422,LibriSpeech_422,1,39.32559625000402,maximum_decision_score
2,1527,422-122949-0019,422/122949,LibriSpeech_422,LibriSpeech_422,1,39.32590834219587,maximum_decision_score
2,1528,422-122949-0020,422/122949,LibriSpeech_422,LibriSpeech_422,1,39.32553374041786,maximum_decision_score
1,1529,422-122949-0021,422/122949,LibriSpeech_422,LibriSpeech_422,1,39.326327894662185,maximum_decision_score
1,1530,422-122949-0022,422/122949,LibriSpeech_422,LibriSpeech_422,1,39.32596461845898,maximum_decision_score
1,1531,422-122949-0023,422/122949,LibriSpeech_422,LibriSpeech_422,1,39.32620966626375,maximum_decision_score
1,1532,422-122949-0024,422/122949,LibriSpeech_422,LibriSpeech_422,1,39.32622978612142,maximum_decision_score
3,1533,422-122949-0025,422/122949,LibriSpeech_422,LibriSpeech_422,1,39.325803775971295,maximum_decision_score
5,1534,422-122949-0026,422/122949,LibriSpeech_422,LibriSpeech_422,1,39.32640536062812,maximum_decision_score
3,1535,422-122949-0027,422/122949,LibriSpeech_422,LibriSpeech_422,1,39.32615136604504,maximum_decision_score
1,1536,422-122949-0028,422/122949,LibriSpeech_422,LibriSpeech_422,1,39.32587417055907,maximum_decision_score
1,1537,422-122949-0029,422/122949,LibriSpeech_422,LibriSpeech_422,1,39.32572621212333,maximum_decision_score
4,1538,422-122949-0030,422/122949,LibriSpeech_422,LibriSpeech_422,1,39.32437875750549,maximum_decision_score
2,1539,422-122949-0031,422/122949,LibriSpeech_422,LibriSpeech_422,1,39.324675521666386,maximum_decision_score
4,1540,422-122949-0032,422/122949,LibriSpeech_422,LibriSpeech_422,1,39.32607213015386,maximum_decision_score
5,1541,422-122949-0033,422/122949,LibriSpeech_422,LibriSpeech_422,1,39.326109504304725,maximum_decision_score
5,1542,422-122949-0034,422/122949,LibriSpeech_422,LibriSpeech_422,1,39.3261610534031,maximum_decision_score
1,1543,422-122949-0035,422/122949,LibriSpeech_422,LibriSpeech_422,1,39.32534808619658,maximum_decision_score
3,1544,5338-24615-0000,5338/24615,LibriSpeech_5338,LibriSpeech_5338,1,39.3273239809746,maximum_decision_score
1,1545,5338-24615-0001,5338/24615,LibriSpeech_5338,LibriSpeech_5338,1,39.32788894179559,maximum_decision_score
4,1546,5338-24615-0002,5338/24615,LibriSpeech_5338,LibriSpeech_5338,1,39.32639465491234,maximum_decision_score
4,1547,5338-24615-0003,5338/24615,LibriSpeech_5338,LibriSpeech_5338,1,39.32645661687106,maximum_decision_score
2,1548,5338-24615-0004,5338/24615,LibriSpeech_5338,LibriSpeech_5338,1,39.32636943623075,maximum_decision_score
1,1549,5338-24615-0005,5338/24615,LibriSpeech_5338,LibriSpeech_5338,1,39.326662721155415,maximum_decision_score
3,1550,5338-24615-0006,5338/24615,LibriSpeech_5338,LibriSpeech_5338,1,39.326700117249835,maximum_decision_score
1,1551,5338-24615-0007,5338/24615,LibriSpeech_5338,LibriSpeech_5338,1,39.32729239097835,maximum_decision_score
1,1552,5338-24615-0008,5338/24615,LibriSpeech_5338,LibriSpeech_5338,1,39.32622054969588,maximum_decision_score
1,1553,5338-24615-0009,5338/24615,LibriSpeech_5338,LibriSpeech_5338,1,39.32573426779839,maximum_decision_score
4,1554,5338-24615-0010,5338/24615,LibriSpeech_5338,LibriSpeech_5338,1,39.32651554096072,maximum_decision_score
2,1555,5338-24615-0011,5338/24615,LibriSpeech_5338,LibriSpeech_5338,1,39.32692715238134,maximum_decision_score
1,1556,5338-24615-0012,5338/24615,LibriSpeech_5338,LibriSpeech_5338,1,39.32648872397338,maximum_decision_score
2,1557,5338-24615-0013,5338/24615,LibriSpeech_5338,LibriSpeech_5338,1,39.32726202091206,maximum_decision_score
3,1558,5338-24615-0014,5338/24615,LibriSpeech_5338,LibriSpeech_5338,1,39.32634772097255,maximum_decision_score
4,1559,5338-24640-0000,5338/24640,LibriSpeech_5338,LibriSpeech_5338,1,39.32559905092097,maximum_decision_score
5,1560,5338-24640-0001,5338/24640,LibriSpeech_5338,LibriSpeech_5338,1,39.32500685270802,maximum_decision_score
1,1561,5338-24640-0002,5338/24640,LibriSpeech_5338,LibriSpeech_5338,1,39.32619570986107,maximum_decision_score
4,1562,5338-24640-0003,5338/24640,LibriSpeech_5338,LibriSpeech_5338,1,39.32535735373997,maximum_decision_score
2,1563,5338-24640-0004,5338/24640,LibriSpeech_5338,LibriSpeech_5338,1,39.32602375329203,maximum_decision_score
1,1564,5338-24640-0005,5338/24640,LibriSpeech_5338,LibriSpeech_5338,1,39.325936466410575,maximum_decision_score
1,1565,5338-24640-0006,5338/24640,LibriSpeech_5338,LibriSpeech_5338,1,39.32547523195888,maximum_decision_score
3,1566,5338-24640-0007,5338/24640,LibriSpeech_5338,LibriSpeech_5338,1,39.325727209178304,maximum_decision_score
5,1567,5338-24640-0008,5338/24640,LibriSpeech_5338,LibriSpeech_5338,1,39.325162291329995,maximum_decision_score
4,1568,5338-24640-0009,5338/24640,LibriSpeech_5338,LibriSpeech_5338,1,39.325487650276926,maximum_decision_score
3,1569,5338-284437-0000,5338/284437,LibriSpeech_5338,LibriSpeech_5338,1,39.326975692476566,maximum_decision_score
5,1570,5338-284437-0001,5338/284437,LibriSpeech_5338,LibriSpeech_5338,1,39.326067676597226,maximum_decision_score
2,1571,5338-284437-0002,5338/284437,LibriSpeech_5338,LibriSpeech_5338,1,39.32505669262644,maximum_decision_score
2,1572,5338-284437-0003,5338/284437,LibriSpeech_5338,LibriSpeech_5338,1,39.324482018249576,maximum_decision_score
5,1573,5338-284437-0004,5338/284437,LibriSpeech_5338,LibriSpeech_5338,1,39.32663972888757,maximum_decision_score
5,1574,5338-284437-0005,5338/284437,LibriSpeech_5338,LibriSpeech_5338,1,39.32625462022297,maximum_decision_score
4,1575,5338-284437-0006,5338/284437,LibriSpeech_5338,LibriSpeech_5338,1,39.32713089161847,maximum_decision_score
4,1576,5338-284437-0007,5338/284437,LibriSpeech_5338,LibriSpeech_5338,1,39.32716535153649,maximum_decision_score
3,1577,5338-284437-0008,5338/284437,LibriSpeech_5338,LibriSpeech_5338,1,39.32662553546132,maximum_decision_score
5,1578,5338-284437-0009,5338/284437,LibriSpeech_5338,LibriSpeech_5338,1,39.32505031421297,maximum_decision_score
3,1579,5338-284437-0010,5338/284437,LibriSpeech_5338,LibriSpeech_5338,1,39.32691620621452,maximum_decision_score
3,1580,5338-284437-0011,5338/284437,LibriSpeech_5338,LibriSpeech_5338,1,39.325194988694506,maximum_decision_score
1,1581,5338-284437-0012,5338/284437,LibriSpeech_5338,LibriSpeech_5338,1,39.32707294124501,maximum_decision_score
2,1582,5338-284437-0013,5338/284437,LibriSpeech_5338,LibriSpeech_5338,1,39.325731920222694,maximum_decision_score
5,1583,5338-284437-0014,5338/284437,LibriSpeech_5338,LibriSpeech_6345,0,39.322859313629955,maximum_decision_score
4,1584,5338-284437-0015,5338/284437,LibriSpeech_5338,LibriSpeech_5338,1,39.32646064868434,maximum_decision_score
1,1585,5338-284437-0016,5338/284437,LibriSpeech_5338,LibriSpeech_5338,1,39.32754394723724,maximum_decision_score
5,1586,5338-284437-0017,5338/284437,LibriSpeech_5338,LibriSpeech_5338,1,39.32585956539642,maximum_decision_score
3,1587,5338-284437-0018,5338/284437,LibriSpeech_5338,LibriSpeech_5338,1,39.32597408383134,maximum_decision_score
2,1588,5338-284437-0019,5338/284437,LibriSpeech_5338,LibriSpeech_5338,1,39.32701002948036,maximum_decision_score
3,1589,5338-284437-0020,5338/284437,LibriSpeech_5338,LibriSpeech_5338,1,39.32576589425302,maximum_decision_score
4,1590,5338-284437-0021,5338/284437,LibriSpeech_5338,LibriSpeech_5338,1,39.32668073177941,maximum_decision_score
3,1591,5338-284437-0022,5338/284437,LibriSpeech_5338,LibriSpeech_5338,1,39.32659930211677,maximum_decision_score
2,1592,5338-284437-0023,5338/284437,LibriSpeech_5338,LibriSpeech_5338,1,39.32789310454967,maximum_decision_score
1,1593,5338-284437-0024,5338/284437,LibriSpeech_5338,LibriSpeech_5338,1,39.32655253044827,maximum_decision_score
2,1594,5338-284437-0025,5338/284437,LibriSpeech_5338,LibriSpeech_5338,1,39.32513637240325,maximum_decision_score
5,1595,5338-284437-0026,5338/284437,LibriSpeech_5338,LibriSpeech_5338,1,39.3261255467072,maximum_decision_score
2,1596,5338-284437-0027,5338/284437,LibriSpeech_5338,LibriSpeech_5338,1,39.3275429712549,maximum_decision_score
5,1597,5338-284437-0028,5338/284437,LibriSpeech_5338,LibriSpeech_5338,1,39.326338933720706,maximum_decision_score
5,1598,5338-284437-0029,5338/284437,LibriSpeech_5338,LibriSpeech_5338,1,39.32675170200893,maximum_decision_score
2,1599,5338-284437-0030,5338/284437,LibriSpeech_5338,LibriSpeech_5338,1,39.32749538548661,maximum_decision_score
3,1600,5338-284437-0031,5338/284437,LibriSpeech_5338,LibriSpeech_5338,1,39.32643833473427,maximum_decision_score
4,1601,5338-284437-0032,5338/284437,LibriSpeech_5338,LibriSpeech_5338,1,39.32692228419386,maximum_decision_score
5,1602,5338-284437-0033,5338/284437,LibriSpeech_5338,LibriSpeech_5338,1,39.326692629880654,maximum_decision_score
4,1603,5536-43358-0000,5536/43358,LibriSpeech_5536,LibriSpeech_5536,1,39.326438251108165,maximum_decision_score
3,1604,5536-43358-0001,5536/43358,LibriSpeech_5536,LibriSpeech_5536,1,39.32667801199454,maximum_decision_score
1,1605,5536-43358-0002,5536/43358,LibriSpeech_5536,LibriSpeech_5536,1,39.326721557065724,maximum_decision_score
4,1606,5536-43358-0003,5536/43358,LibriSpeech_5536,LibriSpeech_5536,1,39.326505645612166,maximum_decision_score
5,1607,5536-43358-0004,5536/43358,LibriSpeech_5536,LibriSpeech_5536,1,39.32601250150097,maximum_decision_score
3,1608,5536-43358-0005,5536/43358,LibriSpeech_5536,LibriSpeech_5536,1,39.32622500417252,maximum_decision_score
5,1609,5536-43358-0006,5536/43358,LibriSpeech_5536,LibriSpeech_5536,1,39.32598337587001,maximum_decision_score
4,1610,5536-43358-0007,5536/43358,LibriSpeech_5536,LibriSpeech_5536,1,39.32636939833081,maximum_decision_score
3,1611,5536-43358-0008,5536/43358,LibriSpeech_5536,LibriSpeech_5536,1,39.32630169729114,maximum_decision_score
1,1612,5536-43358-0009,5536/43358,LibriSpeech_5536,LibriSpeech_5536,1,39.32614837099897,maximum_decision_score
2,1613,5536-43358-0010,5536/43358,LibriSpeech_5536,LibriSpeech_5536,1,39.32698857474683,maximum_decision_score
4,1614,5536-43358-0011,5536/43358,LibriSpeech_5536,LibriSpeech_5536,1,39.327061303177274,maximum_decision_score
3,1615,5536-43358-0012,5536/43358,LibriSpeech_5536,LibriSpeech_5536,1,39.32674280597162,maximum_decision_score
5,1616,5536-43358-0013,5536/43358,LibriSpeech_5536,LibriSpeech_5536,1,39.32654588645162,maximum_decision_score
2,1617,5536-43358-0014,5536/43358,LibriSpeech_5536,LibriSpeech_5536,1,39.326398085576166,maximum_decision_score
3,1618,5536-43358-0015,5536/43358,LibriSpeech_5536,LibriSpeech_777,0,39.325220473155966,maximum_decision_score
4,1619,5536-43358-0016,5536/43358,LibriSpeech_5536,LibriSpeech_5536,1,39.32612518178872,maximum_decision_score
3,1620,5536-43358-0017,5536/43358,LibriSpeech_5536,LibriSpeech_5536,1,39.326947298273744,maximum_decision_score
4,1621,5536-43358-0018,5536/43358,LibriSpeech_5536,LibriSpeech_5536,1,39.32631615172598,maximum_decision_score
4,1622,5536-43358-0019,5536/43358,LibriSpeech_5536,LibriSpeech_5536,1,39.32707117121975,maximum_decision_score
5,1623,5536-43359-0000,5536/43359,LibriSpeech_5536,LibriSpeech_5536,1,39.325857457954726,maximum_decision_score
2,1624,5536-43359-0001,5536/43359,LibriSpeech_5536,LibriSpeech_5536,1,39.3257247040882,maximum_decision_score
2,1625,5536-43359-0002,5536/43359,LibriSpeech_5536,LibriSpeech_5536,1,39.325697455776364,maximum_decision_score
1,1626,5536-43359-0003,5536/43359,LibriSpeech_5536,LibriSpeech_5536,1,39.32624503343877,maximum_decision_score
2,1627,5536-43359-0004,5536/43359,LibriSpeech_5536,LibriSpeech_5536,1,39.32602824100786,maximum_decision_score
1,1628,5536-43359-0005,5536/43359,LibriSpeech_5536,LibriSpeech_5536,1,39.326224381579344,maximum_decision_score
1,1629,5536-43359-0006,5536/43359,LibriSpeech_5536,LibriSpeech_5536,1,39.32672415194254,maximum_decision_score
2,1630,5536-43359-0007,5536/43359,LibriSpeech_5536,LibriSpeech_5536,1,39.32548795210124,maximum_decision_score
4,1631,5536-43359-0008,5536/43359,LibriSpeech_5536,LibriSpeech_5536,1,39.32453407668644,maximum_decision_score
5,1632,5536-43359-0009,5536/43359,LibriSpeech_5536,LibriSpeech_5536,1,39.32638029604044,maximum_decision_score
5,1633,5536-43359-0010,5536/43359,LibriSpeech_5536,LibriSpeech_5536,1,39.324553061093866,maximum_decision_score
3,1634,5536-43359-0011,5536/43359,LibriSpeech_5536,LibriSpeech_5536,1,39.32563453490187,maximum_decision_score
4,1635,5536-43359-0012,5536/43359,LibriSpeech_5536,LibriSpeech_5536,1,39.3251062328696,maximum_decision_score
2,1636,5536-43359-0013,5536/43359,LibriSpeech_5536,LibriSpeech_5536,1,39.326319912855794,maximum_decision_score
3,1637,5536-43359-0014,5536/43359,LibriSpeech_5536,LibriSpeech_5536,1,39.3254462604781,maximum_decision_score
4,1638,5536-43359-0015,5536/43359,LibriSpeech_5536,LibriSpeech_5536,1,39.32596634530841,maximum_decision_score
3,1639,5536-43359-0016,5536/43359,LibriSpeech_5536,LibriSpeech_5536,1,39.32688788387548,maximum_decision_score
2,1640,5536-43359-0017,5536/43359,LibriSpeech_5536,LibriSpeech_5536,1,39.32640569396743,maximum_decision_score
5,1641,5536-43359-0018,5536/43359,LibriSpeech_5536,LibriSpeech_5536,1,39.32639111927605,maximum_decision_score
3,1642,5536-43363-0000,5536/43363,LibriSpeech_5536,LibriSpeech_5536,1,39.3268356524892,maximum_decision_score
4,1643,5536-43363-0001,5536/43363,LibriSpeech_5536,LibriSpeech_5536,1,39.326621493806236,maximum_decision_score
2,1644,5536-43363-0002,5536/43363,LibriSpeech_5536,LibriSpeech_5536,1,39.32673934585085,maximum_decision_score
5,1645,5536-43363-0003,5536/43363,LibriSpeech_5536,LibriSpeech_5536,1,39.32675865689649,maximum_decision_score
4,1646,5536-43363-0004,5536/43363,LibriSpeech_5536,LibriSpeech_5536,1,39.326659129080014,maximum_decision_score
1,1647,5536-43363-0005,5536/43363,LibriSpeech_5536,LibriSpeech_5536,1,39.32610802612021,maximum_decision_score
1,1648,5536-43363-0006,5536/43363,LibriSpeech_5536,LibriSpeech_5536,1,39.326259084079226,maximum_decision_score
5,1649,5536-43363-0007,5536/43363,LibriSpeech_5536,LibriSpeech_5536,1,39.326640207878974,maximum_decision_score
5,1650,5536-43363-0008,5536/43363,LibriSpeech_5536,LibriSpeech_5536,1,39.326520584688936,maximum_decision_score
3,1651,5536-43363-0009,5536/43363,LibriSpeech_5536,LibriSpeech_5536,1,39.32628347349248,maximum_decision_score
5,1652,5536-43363-0010,5536/43363,LibriSpeech_5536,LibriSpeech_5536,1,39.32707315607548,maximum_decision_score
1,1653,5536-43363-0011,5536/43363,LibriSpeech_5536,LibriSpeech_5536,1,39.32535262902472,maximum_decision_score
1,1654,5536-43363-0012,5536/43363,LibriSpeech_5536,LibriSpeech_5536,1,39.32578355711585,maximum_decision_score
3,1655,5536-43363-0013,5536/43363,LibriSpeech_5536,LibriSpeech_5536,1,39.3266113765601,maximum_decision_score
1,1656,5536-43363-0014,5536/43363,LibriSpeech_5536,LibriSpeech_5536,1,39.32654132879546,maximum_decision_score
2,1657,5536-43363-0015,5536/43363,LibriSpeech_5536,LibriSpeech_5536,1,39.325894558533996,maximum_decision_score
1,1658,5536-43363-0016,5536/43363,LibriSpeech_5536,LibriSpeech_5536,1,39.32658745088905,maximum_decision_score
1,1659,5536-43363-0017,5536/43363,LibriSpeech_5536,LibriSpeech_5536,1,39.32563619409269,maximum_decision_score
2,1660,5536-43363-0018,5536/43363,LibriSpeech_5536,LibriSpeech_5536,1,39.32567971592183,maximum_decision_score
2,1661,5536-43363-0019,5536/43363,LibriSpeech_5536,LibriSpeech_5536,1,39.32501670998632,maximum_decision_score
5,1662,5694-64025-0000,5694/64025,LibriSpeech_5694,LibriSpeech_5694,1,39.32501477515153,maximum_decision_score
5,1663,5694-64025-0001,5694/64025,LibriSpeech_5694,LibriSpeech_5694,1,39.326647522077984,maximum_decision_score
1,1664,5694-64025-0002,5694/64025,LibriSpeech_5694,LibriSpeech_5694,1,39.32674907158399,maximum_decision_score
3,1665,5694-64025-0003,5694/64025,LibriSpeech_5694,LibriSpeech_5694,1,39.3266078824281,maximum_decision_score
4,1666,5694-64025-0004,5694/64025,LibriSpeech_5694,LibriSpeech_5694,1,39.327465593844316,maximum_decision_score
2,1667,5694-64025-0005,5694/64025,LibriSpeech_5694,LibriSpeech_5694,1,39.32711057910126,maximum_decision_score
5,1668,5694-64025-0006,5694/64025,LibriSpeech_5694,LibriSpeech_5694,1,39.32792442438637,maximum_decision_score
3,1669,5694-64025-0007,5694/64025,LibriSpeech_5694,LibriSpeech_5694,1,39.326598751161065,maximum_decision_score
3,1670,5694-64025-0008,5694/64025,LibriSpeech_5694,LibriSpeech_5694,1,39.323480766202515,maximum_decision_score
1,1671,5694-64025-0009,5694/64025,LibriSpeech_5694,LibriSpeech_5694,1,39.327472223963056,maximum_decision_score
1,1672,5694-64025-0010,5694/64025,LibriSpeech_5694,LibriSpeech_5694,1,39.32686945338461,maximum_decision_score
1,1673,5694-64025-0011,5694/64025,LibriSpeech_5694,LibriSpeech_5694,1,39.32761144584486,maximum_decision_score
2,1674,5694-64025-0012,5694/64025,LibriSpeech_5694,LibriSpeech_5694,1,39.32603632543211,maximum_decision_score
2,1675,5694-64025-0013,5694/64025,LibriSpeech_5694,LibriSpeech_5694,1,39.32669654991807,maximum_decision_score
3,1676,5694-64025-0014,5694/64025,LibriSpeech_5694,LibriSpeech_5694,1,39.32655226249189,maximum_decision_score
4,1677,5694-64025-0015,5694/64025,LibriSpeech_5694,LibriSpeech_5694,1,39.327149665474984,maximum_decision_score
5,1678,5694-64025-0016,5694/64025,LibriSpeech_5694,LibriSpeech_5694,1,39.32644175966389,maximum_decision_score
5,1679,5694-64025-0017,5694/64025,LibriSpeech_5694,LibriSpeech_5694,1,39.32789947402094,maximum_decision_score
4,1680,5694-64025-0018,5694/64025,LibriSpeech_5694,LibriSpeech_5694,1,39.327952409169676,maximum_decision_score
1,1681,5694-64025-0019,5694/64025,LibriSpeech_5694,LibriSpeech_5694,1,39.32688587903767,maximum_decision_score
4,1682,5694-64025-0020,5694/64025,LibriSpeech_5694,LibriSpeech_5694,1,39.327283709921055,maximum_decision_score
1,1683,5694-64025-0021,5694/64025,LibriSpeech_5694,LibriSpeech_5694,1,39.32648903505045,maximum_decision_score
4,1684,5694-64025-0022,5694/64025,LibriSpeech_5694,LibriSpeech_5694,1,39.32650763958197,maximum_decision_score
4,1685,5694-64025-0023,5694/64025,LibriSpeech_5694,LibriSpeech_5694,1,39.32674013525843,maximum_decision_score
4,1686,5694-64029-0000,5694/64029,LibriSpeech_5694,LibriSpeech_5694,1,39.327110311947884,maximum_decision_score
2,1687,5694-64029-0001,5694/64029,LibriSpeech_5694,LibriSpeech_5694,1,39.32650931902694,maximum_decision_score
3,1688,5694-64029-0002,5694/64029,LibriSpeech_5694,LibriSpeech_5694,1,39.32475706318493,maximum_decision_score
5,1689,5694-64029-0003,5694/64029,LibriSpeech_5694,LibriSpeech_5694,1,39.326584473251074,maximum_decision_score
2,1690,5694-64029-0004,5694/64029,LibriSpeech_5694,LibriSpeech_5694,1,39.32597762072407,maximum_decision_score
1,1691,5694-64029-0005,5694/64029,LibriSpeech_5694,LibriSpeech_5694,1,39.325820002030845,maximum_decision_score
2,1692,5694-64029-0006,5694/64029,LibriSpeech_5694,LibriSpeech_5694,1,39.32594481713837,maximum_decision_score
1,1693,5694-64029-0007,5694/64029,LibriSpeech_5694,LibriSpeech_5694,1,39.327275886824914,maximum_decision_score
5,1694,5694-64029-0008,5694/64029,LibriSpeech_5694,LibriSpeech_5694,1,39.326681497158354,maximum_decision_score
3,1695,5694-64029-0009,5694/64029,LibriSpeech_5694,LibriSpeech_5694,1,39.32697470179032,maximum_decision_score
4,1696,5694-64029-0010,5694/64029,LibriSpeech_5694,LibriSpeech_5694,1,39.326041063103155,maximum_decision_score
2,1697,5694-64029-0011,5694/64029,LibriSpeech_5694,LibriSpeech_5694,1,39.32663059462876,maximum_decision_score
4,1698,5694-64029-0012,5694/64029,LibriSpeech_5694,LibriSpeech_5694,1,39.3261843573602,maximum_decision_score
3,1699,5694-64029-0013,5694/64029,LibriSpeech_5694,LibriSpeech_5694,1,39.325790015201825,maximum_decision_score
3,1700,5694-64029-0014,5694/64029,LibriSpeech_5694,LibriSpeech_5694,1,39.32676227414094,maximum_decision_score
3,1701,5694-64029-0015,5694/64029,LibriSpeech_5694,LibriSpeech_5694,1,39.32645254579647,maximum_decision_score
2,1702,5694-64029-0016,5694/64029,LibriSpeech_5694,LibriSpeech_5694,1,39.326384636634785,maximum_decision_score
1,1703,5694-64029-0017,5694/64029,LibriSpeech_5694,LibriSpeech_5694,1,39.32788923296824,maximum_decision_score
4,1704,5694-64029-0018,5694/64029,LibriSpeech_5694,LibriSpeech_5694,1,39.32621322418395,maximum_decision_score
4,1705,5694-64029-0019,5694/64029,LibriSpeech_5694,LibriSpeech_5694,1,39.325965839684336,maximum_decision_score
2,1706,5694-64029-0020,5694/64029,LibriSpeech_5694,LibriSpeech_5694,1,39.32534782599059,maximum_decision_score
2,1707,5694-64029-0021,5694/64029,LibriSpeech_5694,LibriSpeech_5694,1,39.32461477332903,maximum_decision_score
2,1708,5694-64029-0022,5694/64029,LibriSpeech_5694,LibriSpeech_5694,1,39.324054939613305,maximum_decision_score
5,1709,5694-64029-0023,5694/64029,LibriSpeech_5694,LibriSpeech_5694,1,39.326397858590376,maximum_decision_score
5,1710,5694-64029-0024,5694/64029,LibriSpeech_5694,LibriSpeech_5694,1,39.326095236039336,maximum_decision_score
3,1711,5694-64029-0025,5694/64029,LibriSpeech_5694,LibriSpeech_5694,1,39.32672218359883,maximum_decision_score
1,1712,5694-64029-0026,5694/64029,LibriSpeech_5694,LibriSpeech_5694,1,39.32572281350282,maximum_decision_score
5,1713,5694-64029-0027,5694/64029,LibriSpeech_5694,LibriSpeech_5694,1,39.327208514871614,maximum_decision_score
2,1714,5694-64029-0028,5694/64029,LibriSpeech_5694,LibriSpeech_5694,1,39.326171603411204,maximum_decision_score
1,1715,5694-64029-0029,5694/64029,LibriSpeech_5694,LibriSpeech_5694,1,39.32691357741739,maximum_decision_score
2,1716,5694-64029-0030,5694/64029,LibriSpeech_5694,LibriSpeech_5694,1,39.32651145837799,maximum_decision_score
5,1717,5694-64029-0031,5694/64029,LibriSpeech_5694,LibriSpeech_5694,1,39.32652033258125,maximum_decision_score
1,1718,5694-64029-0032,5694/64029,LibriSpeech_5694,LibriSpeech_5694,1,39.3277022989516,maximum_decision_score
2,1719,5694-64038-0000,5694/64038,LibriSpeech_5694,LibriSpeech_5694,1,39.32772808109982,maximum_decision_score
5,1720,5694-64038-0001,5694/64038,LibriSpeech_5694,LibriSpeech_5694,1,39.32800916083902,maximum_decision_score
1,1721,5694-64038-0002,5694/64038,LibriSpeech_5694,LibriSpeech_5694,1,39.32683270255606,maximum_decision_score
4,1722,5694-64038-0003,5694/64038,LibriSpeech_5694,LibriSpeech_5694,1,39.32677629787472,maximum_decision_score
2,1723,5694-64038-0004,5694/64038,LibriSpeech_5694,LibriSpeech_5694,1,39.32715270063227,maximum_decision_score
4,1724,5694-64038-0005,5694/64038,LibriSpeech_5694,LibriSpeech_5694,1,39.32631269679811,maximum_decision_score
5,1725,5694-64038-0006,5694/64038,LibriSpeech_5694,LibriSpeech_5694,1,39.327883529117855,maximum_decision_score
3,1726,5694-64038-0007,5694/64038,LibriSpeech_5694,LibriSpeech_5694,1,39.32665646810324,maximum_decision_score
3,1727,5694-64038-0008,5694/64038,LibriSpeech_5694,LibriSpeech_5694,1,39.327479985719656,maximum_decision_score
1,1728,5694-64038-0009,5694/64038,LibriSpeech_5694,LibriSpeech_5694,1,39.3278482494579,maximum_decision_score
3,1729,5694-64038-0010,5694/64038,LibriSpeech_5694,LibriSpeech_5694,1,39.32661006591854,maximum_decision_score
3,1730,5694-64038-0011,5694/64038,LibriSpeech_5694,LibriSpeech_5694,1,39.32776447088578,maximum_decision_score
3,1731,5694-64038-0012,5694/64038,LibriSpeech_5694,LibriSpeech_5694,1,39.32753135735233,maximum_decision_score
4,1732,5694-64038-0013,5694/64038,LibriSpeech_5694,LibriSpeech_5694,1,39.32672913248079,maximum_decision_score
4,1733,5694-64038-0014,5694/64038,LibriSpeech_5694,LibriSpeech_5694,1,39.32581178287019,maximum_decision_score
5,1734,5694-64038-0015,5694/64038,LibriSpeech_5694,LibriSpeech_5694,1,39.327113733704934,maximum_decision_score
3,1735,5694-64038-0016,5694/64038,LibriSpeech_5694,LibriSpeech_5694,1,39.32729343576525,maximum_decision_score
1,1736,5694-64038-0017,5694/64038,LibriSpeech_5694,LibriSpeech_5694,1,39.325535539215544,maximum_decision_score
5,1737,5694-64038-0018,5694/64038,LibriSpeech_5694,LibriSpeech_5694,1,39.3259037955159,maximum_decision_score
4,1738,5694-64038-0019,5694/64038,LibriSpeech_5694,LibriSpeech_5694,1,39.326701405758605,maximum_decision_score
1,1739,5694-64038-0020,5694/64038,LibriSpeech_5694,LibriSpeech_5694,1,39.327391505841845,maximum_decision_score
3,1740,5694-64038-0021,5694/64038,LibriSpeech_5694,LibriSpeech_5694,1,39.326742791419136,maximum_decision_score
2,1741,5694-64038-0022,5694/64038,LibriSpeech_5694,LibriSpeech_5694,1,39.32594238934543,maximum_decision_score
2,1742,5694-64038-0023,5694/64038,LibriSpeech_5694,LibriSpeech_5694,1,39.32747135250387,maximum_decision_score
5,1743,5694-64038-0024,5694/64038,LibriSpeech_5694,LibriSpeech_5694,1,39.32676392009376,maximum_decision_score
4,1744,5694-64038-0025,5694/64038,LibriSpeech_5694,LibriSpeech_5694,1,39.32671309800151,maximum_decision_score
5,1745,5895-34615-0000,5895/34615,LibriSpeech_5895,LibriSpeech_5895,1,39.32727369012357,maximum_decision_score
5,1746,5895-34615-0001,5895/34615,LibriSpeech_5895,LibriSpeech_5895,1,39.326767763971986,maximum_decision_score
3,1747,5895-34615-0002,5895/34615,LibriSpeech_5895,LibriSpeech_5895,1,39.326723550458354,maximum_decision_score
5,1748,5895-34615-0003,5895/34615,LibriSpeech_5895,LibriSpeech_5895,1,39.32700550581738,maximum_decision_score
2,1749,5895-34615-0004,5895/34615,LibriSpeech_5895,LibriSpeech_5895,1,39.32539238824498,maximum_decision_score
2,1750,5895-34615-0005,5895/34615,LibriSpeech_5895,LibriSpeech_5895,1,39.32676422800195,maximum_decision_score
1,1751,5895-34615-0006,5895/34615,LibriSpeech_5895,LibriSpeech_5895,1,39.32757804391723,maximum_decision_score
5,1752,5895-34615-0007,5895/34615,LibriSpeech_5895,LibriSpeech_5895,1,39.32729298676873,maximum_decision_score
2,1753,5895-34615-0008,5895/34615,LibriSpeech_5895,LibriSpeech_5895,1,39.32617147186493,maximum_decision_score
5,1754,5895-34615-0009,5895/34615,LibriSpeech_5895,LibriSpeech_5895,1,39.32630245124146,maximum_decision_score
3,1755,5895-34615-0010,5895/34615,LibriSpeech_5895,LibriSpeech_5895,1,39.326353819112825,maximum_decision_score
2,1756,5895-34615-0011,5895/34615,LibriSpeech_5895,LibriSpeech_5895,1,39.327294063419615,maximum_decision_score
4,1757,5895-34615-0012,5895/34615,LibriSpeech_5895,LibriSpeech_5895,1,39.326403158026885,maximum_decision_score
3,1758,5895-34615-0013,5895/34615,LibriSpeech_5895,LibriSpeech_5895,1,39.32678869302085,maximum_decision_score
1,1759,5895-34615-0014,5895/34615,LibriSpeech_5895,LibriSpeech_5895,1,39.32685073067249,maximum_decision_score
2,1760,5895-34615-0015,5895/34615,LibriSpeech_5895,LibriSpeech_5895,1,39.32606184431527,maximum_decision_score
4,1761,5895-34615-0016,5895/34615,LibriSpeech_5895,LibriSpeech_5895,1,39.32570482249915,maximum_decision_score
2,1762,5895-34615-0017,5895/34615,LibriSpeech_5895,LibriSpeech_5895,1,39.325562174720375,maximum_decision_score
1,1763,5895-34615-0018,5895/34615,LibriSpeech_5895,LibriSpeech_5895,1,39.32691955224944,maximum_decision_score
5,1764,5895-34615-0019,5895/34615,LibriSpeech_5895,LibriSpeech_5895,1,39.32568293717087,maximum_decision_score
4,1765,5895-34615-0020,5895/34615,LibriSpeech_5895,LibriSpeech_5895,1,39.326751342371004,maximum_decision_score
4,1766,5895-34615-0021,5895/34615,LibriSpeech_5895,LibriSpeech_5895,1,39.32727227116664,maximum_decision_score
1,1767,5895-34622-0000,5895/34622,LibriSpeech_5895,LibriSpeech_5895,1,39.32786938782487,maximum_decision_score
4,1768,5895-34622-0001,5895/34622,LibriSpeech_5895,LibriSpeech_5895,1,39.32595356572583,maximum_decision_score
4,1769,5895-34622-0002,5895/34622,LibriSpeech_5895,LibriSpeech_6319,0,38.32574492591421,maximum_decision_score
5,1770,5895-34622-0003,5895/34622,LibriSpeech_5895,LibriSpeech_5895,1,39.32613137384371,maximum_decision_score
1,1771,5895-34622-0004,5895/34622,LibriSpeech_5895,LibriSpeech_5895,1,39.32689149540674,maximum_decision_score
2,1772,5895-34622-0005,5895/34622,LibriSpeech_5895,LibriSpeech_5895,1,39.32703092098061,maximum_decision_score
5,1773,5895-34622-0006,5895/34622,LibriSpeech_5895,LibriSpeech_5895,1,39.327091088142424,maximum_decision_score
2,1774,5895-34622-0007,5895/34622,LibriSpeech_5895,LibriSpeech_5895,1,39.326392778285,maximum_decision_score
3,1775,5895-34622-0008,5895/34622,LibriSpeech_5895,LibriSpeech_5895,1,39.3264603523607,maximum_decision_score
4,1776,5895-34622-0009,5895/34622,LibriSpeech_5895,LibriSpeech_5895,1,39.32535157900749,maximum_decision_score
5,1777,5895-34622-0010,5895/34622,LibriSpeech_5895,LibriSpeech_7850,0,39.32599304129259,maximum_decision_score
2,1778,5895-34622-0011,5895/34622,LibriSpeech_5895,LibriSpeech_5895,1,39.326423216325,maximum_decision_score
4,1779,5895-34622-0012,5895/34622,LibriSpeech_5895,LibriSpeech_5895,1,39.326927873583095,maximum_decision_score
5,1780,5895-34622-0013,5895/34622,LibriSpeech_5895,LibriSpeech_5895,1,39.32655258605159,maximum_decision_score
3,1781,5895-34622-0014,5895/34622,LibriSpeech_5895,LibriSpeech_5895,1,39.326208795303856,maximum_decision_score
4,1782,5895-34622-0015,5895/34622,LibriSpeech_5895,LibriSpeech_5895,1,39.327230493705095,maximum_decision_score
5,1783,5895-34622-0016,5895/34622,LibriSpeech_5895,LibriSpeech_5895,1,39.32620834860369,maximum_decision_score
1,1784,5895-34622-0017,5895/34622,LibriSpeech_5895,LibriSpeech_5895,1,39.326282025839696,maximum_decision_score
1,1785,5895-34622-0018,5895/34622,LibriSpeech_5895,LibriSpeech_5895,1,39.327185555678845,maximum_decision_score
3,1786,5895-34622-0019,5895/34622,LibriSpeech_5895,LibriSpeech_5895,1,39.32647521618539,maximum_decision_score
1,1787,5895-34622-0020,5895/34622,LibriSpeech_5895,LibriSpeech_5895,1,39.32668437300048,maximum_decision_score
3,1788,5895-34622-0021,5895/34622,LibriSpeech_5895,LibriSpeech_5895,1,39.32388611063419,maximum_decision_score
1,1789,5895-34622-0022,5895/34622,LibriSpeech_5895,LibriSpeech_5895,1,39.32638041304041,maximum_decision_score
2,1790,5895-34622-0023,5895/34622,LibriSpeech_5895,LibriSpeech_5895,1,39.32733365766558,maximum_decision_score
3,1791,5895-34629-0000,5895/34629,LibriSpeech_5895,LibriSpeech_5895,1,39.32644476850513,maximum_decision_score
1,1792,5895-34629-0001,5895/34629,LibriSpeech_5895,LibriSpeech_5895,1,39.326369622732486,maximum_decision_score
1,1793,5895-34629-0002,5895/34629,LibriSpeech_5895,LibriSpeech_5895,1,39.32670422373349,maximum_decision_score
5,1794,5895-34629-0003,5895/34629,LibriSpeech_5895,LibriSpeech_5895,1,39.32763658754494,maximum_decision_score
3,1795,5895-34629-0004,5895/34629,LibriSpeech_5895,LibriSpeech_5895,1,39.326937556370304,maximum_decision_score
4,1796,5895-34629-0005,5895/34629,LibriSpeech_5895,LibriSpeech_5895,1,39.327919838548716,maximum_decision_score
5,1797,5895-34629-0006,5895/34629,LibriSpeech_5895,LibriSpeech_5895,1,39.32690728049051,maximum_decision_score
4,1798,5895-34629-0007,5895/34629,LibriSpeech_5895,LibriSpeech_5895,1,39.325445315334456,maximum_decision_score
2,1799,5895-34629-0008,5895/34629,LibriSpeech_5895,LibriSpeech_5895,1,39.326349439251736,maximum_decision_score
3,1800,5895-34629-0009,5895/34629,LibriSpeech_5895,LibriSpeech_5895,1,39.32765847506272,maximum_decision_score
3,1801,5895-34629-0010,5895/34629,LibriSpeech_5895,LibriSpeech_5895,1,39.32719670337176,maximum_decision_score
4,1802,5895-34629-0011,5895/34629,LibriSpeech_5895,LibriSpeech_5895,1,39.32666388804715,maximum_decision_score
4,1803,5895-34629-0012,5895/34629,LibriSpeech_5895,LibriSpeech_5895,1,39.326864749189674,maximum_decision_score
2,1804,5895-34629-0013,5895/34629,LibriSpeech_5895,LibriSpeech_5895,1,39.3259678944118,maximum_decision_score
2,1805,5895-34629-0014,5895/34629,LibriSpeech_5895,LibriSpeech_5895,1,39.32629795449855,maximum_decision_score
3,1806,5895-34629-0015,5895/34629,LibriSpeech_5895,LibriSpeech_5895,1,39.32663655726488,maximum_decision_score
2,1807,5895-34629-0016,5895/34629,LibriSpeech_5895,LibriSpeech_5895,1,39.32696450319691,maximum_decision_score
5,1808,5895-34629-0017,5895/34629,LibriSpeech_5895,LibriSpeech_5895,1,39.326796293442065,maximum_decision_score
1,1809,5895-34629-0018,5895/34629,LibriSpeech_5895,LibriSpeech_5895,1,39.32764311766911,maximum_decision_score
4,1810,5895-34629-0019,5895/34629,LibriSpeech_5895,LibriSpeech_5895,1,39.32803095972313,maximum_decision_score
5,1811,5895-34629-0020,5895/34629,LibriSpeech_5895,LibriSpeech_5895,1,39.327368623988505,maximum_decision_score
4,1812,5895-34629-0021,5895/34629,LibriSpeech_5895,LibriSpeech_5895,1,39.3256839121606,maximum_decision_score
4,1813,5895-34629-0022,5895/34629,LibriSpeech_5895,LibriSpeech_5895,1,39.32619012345273,maximum_decision_score
1,1814,5895-34629-0023,5895/34629,LibriSpeech_5895,LibriSpeech_5895,1,39.32675509397457,maximum_decision_score
2,1815,5895-34629-0024,5895/34629,LibriSpeech_5895,LibriSpeech_5895,1,39.32644943668736,maximum_decision_score
3,1816,5895-34629-0025,5895/34629,LibriSpeech_5895,LibriSpeech_5895,1,39.32653742403232,maximum_decision_score
1,1817,5895-34629-0026,5895/34629,LibriSpeech_5895,LibriSpeech_5895,1,39.32647968639945,maximum_decision_score
1,1818,5895-34629-0027,5895/34629,LibriSpeech_5895,LibriSpeech_5895,1,39.32627966005646,maximum_decision_score
3,1819,5895-34629-0028,5895/34629,LibriSpeech_5895,LibriSpeech_5895,1,39.32505371502465,maximum_decision_score
5,1820,5895-34629-0029,5895/34629,LibriSpeech_5895,LibriSpeech_5895,1,39.326766348730956,maximum_decision_score
3,1821,5895-34629-0030,5895/34629,LibriSpeech_5895,LibriSpeech_5895,1,39.32642120307817,maximum_decision_score
1,1822,5895-34629-0031,5895/34629,LibriSpeech_5895,LibriSpeech_5895,1,39.32649906123656,maximum_decision_score
3,1823,5895-34629-0032,5895/34629,LibriSpeech_5895,LibriSpeech_5895,1,39.327102370792765,maximum_decision_score
2,1824,5895-34629-0033,5895/34629,LibriSpeech_5895,LibriSpeech_5895,1,39.32700087720335,maximum_decision_score
1,1825,6241-61943-0000,6241/61943,LibriSpeech_6241,LibriSpeech_6241,1,39.32659082852692,maximum_decision_score
3,1826,6241-61943-0001,6241/61943,LibriSpeech_6241,LibriSpeech_6241,1,39.325272947272296,maximum_decision_score
3,1827,6241-61943-0002,6241/61943,LibriSpeech_6241,LibriSpeech_6241,1,39.32649906329718,maximum_decision_score
2,1828,6241-61943-0003,6241/61943,LibriSpeech_6241,LibriSpeech_6241,1,39.325994752397506,maximum_decision_score
4,1829,6241-61943-0004,6241/61943,LibriSpeech_6241,LibriSpeech_6241,1,39.326219392197835,maximum_decision_score
4,1830,6241-61943-0005,6241/61943,LibriSpeech_6241,LibriSpeech_6241,1,39.326567365688895,maximum_decision_score
2,1831,6241-61943-0006,6241/61943,LibriSpeech_6241,LibriSpeech_6241,1,39.32567717103193,maximum_decision_score
2,1832,6241-61943-0007,6241/61943,LibriSpeech_6241,LibriSpeech_6241,1,39.32573012967829,maximum_decision_score
4,1833,6241-61943-0008,6241/61943,LibriSpeech_6241,LibriSpeech_6241,1,39.325494482443084,maximum_decision_score
3,1834,6241-61943-0009,6241/61943,LibriSpeech_6241,LibriSpeech_6241,1,39.326590732837445,maximum_decision_score
5,1835,6241-61943-0010,6241/61943,LibriSpeech_6241,LibriSpeech_6241,1,39.325539446662496,maximum_decision_score
1,1836,6241-61943-0011,6241/61943,LibriSpeech_6241,LibriSpeech_6241,1,39.32519204234265,maximum_decision_score
4,1837,6241-61943-0012,6241/61943,LibriSpeech_6241,LibriSpeech_6241,1,39.32613880305146,maximum_decision_score
2,1838,6241-61943-0013,6241/61943,LibriSpeech_6241,LibriSpeech_6241,1,39.325809357010144,maximum_decision_score
3,1839,6241-61943-0014,6241/61943,LibriSpeech_6241,LibriSpeech_6241,1,39.32576029539647,maximum_decision_score
1,1840,6241-61943-0015,6241/61943,LibriSpeech_6241,LibriSpeech_6241,1,39.32617594435306,maximum_decision_score
1,1841,6241-61943-0016,6241/61943,LibriSpeech_6241,LibriSpeech_6241,1,39.325470277612226,maximum_decision_score
5,1842,6241-61943-0017,6241/61943,LibriSpeech_6241,LibriSpeech_6241,1,39.326193467436326,maximum_decision_score
4,1843,6241-61943-0018,6241/61943,LibriSpeech_6241,LibriSpeech_6241,1,39.326484920526006,maximum_decision_score
4,1844,6241-61943-0019,6241/61943,LibriSpeech_6241,LibriSpeech_6241,1,39.32493488330935,maximum_decision_score
2,1845,6241-61943-0020,6241/61943,LibriSpeech_6241,LibriSpeech_6241,1,39.326564765863885,maximum_decision_score
5,1846,6241-61943-0021,6241/61943,LibriSpeech_6241,LibriSpeech_6241,1,39.32584246807307,maximum_decision_score
4,1847,6241-61943-0022,6241/61943,LibriSpeech_6241,LibriSpeech_6241,1,39.3256571372277,maximum_decision_score
4,1848,6241-61943-0023,6241/61943,LibriSpeech_6241,LibriSpeech_6241,1,39.32595473050202,maximum_decision_score
1,1849,6241-61943-0024,6241/61943,LibriSpeech_6241,LibriSpeech_6241,1,39.32644154752056,maximum_decision_score
1,1850,6241-61943-0025,6241/61943,LibriSpeech_6241,LibriSpeech_6241,1,39.32586370047262,maximum_decision_score
5,1851,6241-61943-0026,6241/61943,LibriSpeech_6241,LibriSpeech_6241,1,39.326094514366936,maximum_decision_score
3,1852,6241-61943-0027,6241/61943,LibriSpeech_6241,LibriSpeech_6241,1,39.32601628274604,maximum_decision_score
5,1853,6241-61946-0000,6241/61946,LibriSpeech_6241,LibriSpeech_6241,1,39.3264024417827,maximum_decision_score
4,1854,6241-61946-0001,6241/61946,LibriSpeech_6241,LibriSpeech_6241,1,39.326159477494876,maximum_decision_score
3,1855,6241-61946-0002,6241/61946,LibriSpeech_6241,LibriSpeech_6241,1,39.326359681930235,maximum_decision_score
4,1856,6241-61946-0003,6241/61946,LibriSpeech_6241,LibriSpeech_6241,1,39.325851691616855,maximum_decision_score
2,1857,6241-61946-0004,6241/61946,LibriSpeech_6241,LibriSpeech_6241,1,39.32655939683301,maximum_decision_score
4,1858,6241-61946-0005,6241/61946,LibriSpeech_6241,LibriSpeech_6241,1,39.32678774309457,maximum_decision_score
3,1859,6241-61946-0006,6241/61946,LibriSpeech_6241,LibriSpeech_6241,1,39.32697387121754,maximum_decision_score
1,1860,6241-61946-0007,6241/61946,LibriSpeech_6241,LibriSpeech_6241,1,39.326308861800875,maximum_decision_score
2,1861,6241-61946-0008,6241/61946,LibriSpeech_6241,LibriSpeech_6241,1,39.327261818823054,maximum_decision_score
5,1862,6241-61946-0009,6241/61946,LibriSpeech_6241,LibriSpeech_6241,1,39.325912905389465,maximum_decision_score
3,1863,6241-61946-0010,6241/61946,LibriSpeech_6241,LibriSpeech_6241,1,39.32631524870978,maximum_decision_score
5,1864,6241-61946-0011,6241/61946,LibriSpeech_6241,LibriSpeech_6241,1,39.327014618542165,maximum_decision_score
5,1865,6241-61946-0012,6241/61946,LibriSpeech_6241,LibriSpeech_6241,1,39.327141748212455,maximum_decision_score
5,1866,6241-61946-0013,6241/61946,LibriSpeech_6241,LibriSpeech_6241,1,39.32616601115881,maximum_decision_score
1,1867,6241-61946-0014,6241/61946,LibriSpeech_6241,LibriSpeech_6241,1,39.32597602777741,maximum_decision_score
4,1868,6241-61946-0015,6241/61946,LibriSpeech_6241,LibriSpeech_6241,1,39.325408210070705,maximum_decision_score
4,1869,6241-61946-0016,6241/61946,LibriSpeech_6241,LibriSpeech_6241,1,39.326328194255595,maximum_decision_score
1,1870,6241-61946-0017,6241/61946,LibriSpeech_6241,LibriSpeech_6241,1,39.32696527716642,maximum_decision_score
1,1871,6241-61946-0018,6241/61946,LibriSpeech_6241,LibriSpeech_6241,1,39.327145237225494,maximum_decision_score
2,1872,6241-61946-0019,6241/61946,LibriSpeech_6241,LibriSpeech_6241,1,39.327871178088955,maximum_decision_score
2,1873,6241-61946-0020,6241/61946,LibriSpeech_6241,LibriSpeech_6241,1,39.32557583853962,maximum_decision_score
1,1874,6241-61946-0021,6241/61946,LibriSpeech_6241,LibriSpeech_6241,1,39.32695411443185,maximum_decision_score
5,1875,6241-61946-0022,6241/61946,LibriSpeech_6241,LibriSpeech_6241,1,39.326926546645446,maximum_decision_score
4,1876,6241-61946-0023,6241/61946,LibriSpeech_6241,LibriSpeech_6241,1,39.326970832523756,maximum_decision_score
1,1877,6241-66616-0000,6241/66616,LibriSpeech_6241,LibriSpeech_6241,1,39.32677259534312,maximum_decision_score
5,1878,6241-66616-0001,6241/66616,LibriSpeech_6241,LibriSpeech_6241,1,39.326737395332955,maximum_decision_score
2,1879,6241-66616-0002,6241/66616,LibriSpeech_6241,LibriSpeech_6241,1,39.325348739146875,maximum_decision_score
2,1880,6241-66616-0003,6241/66616,LibriSpeech_6241,LibriSpeech_6241,1,39.32479815899259,maximum_decision_score
2,1881,6241-66616-0004,6241/66616,LibriSpeech_6241,LibriSpeech_6241,1,39.326708310390124,maximum_decision_score
5,1882,6241-66616-0005,6241/66616,LibriSpeech_6241,LibriSpeech_6241,1,39.326868218811434,maximum_decision_score
5,1883,6241-66616-0006,6241/66616,LibriSpeech_6241,LibriSpeech_6241,1,39.326922759619656,maximum_decision_score
3,1884,6241-66616-0007,6241/66616,LibriSpeech_6241,LibriSpeech_6241,1,39.32648468346577,maximum_decision_score
3,1885,6241-66616-0008,6241/66616,LibriSpeech_6241,LibriSpeech_6241,1,39.32648692529145,maximum_decision_score
1,1886,6241-66616-0009,6241/66616,LibriSpeech_6241,LibriSpeech_6241,1,39.3271368282193,maximum_decision_score
2,1887,6241-66616-0010,6241/66616,LibriSpeech_6241,LibriSpeech_6241,1,39.327195283601995,maximum_decision_score
3,1888,6241-66616-0011,6241/66616,LibriSpeech_6241,LibriSpeech_6241,1,39.32726476271383,maximum_decision_score
2,1889,6241-66616-0012,6241/66616,LibriSpeech_6241,LibriSpeech_6241,1,39.32704354941761,maximum_decision_score
1,1890,6241-66616-0013,6241/66616,LibriSpeech_6241,LibriSpeech_6241,1,39.326731863897,maximum_decision_score
1,1891,6241-66616-0014,6241/66616,LibriSpeech_6241,LibriSpeech_6241,1,39.32666617074397,maximum_decision_score
4,1892,6241-66616-0015,6241/66616,LibriSpeech_6241,LibriSpeech_6241,1,39.326979955341486,maximum_decision_score
5,1893,6241-66616-0016,6241/66616,LibriSpeech_6241,LibriSpeech_6241,1,39.32747982361064,maximum_decision_score
2,1894,6241-66616-0017,6241/66616,LibriSpeech_6241,LibriSpeech_6241,1,39.32656137753862,maximum_decision_score
5,1895,6241-66616-0018,6241/66616,LibriSpeech_6241,LibriSpeech_6241,1,39.32710093431821,maximum_decision_score
5,1896,6241-66616-0019,6241/66616,LibriSpeech_6241,LibriSpeech_6241,1,39.327017388345915,maximum_decision_score
4,1897,6241-66616-0020,6241/66616,LibriSpeech_6241,LibriSpeech_6241,1,39.32716282900843,maximum_decision_score
3,1898,6241-66616-0021,6241/66616,LibriSpeech_6241,LibriSpeech_6241,1,39.326569896652806,maximum_decision_score
3,1899,6241-66616-0022,6241/66616,LibriSpeech_6241,LibriSpeech_6241,1,39.32633756639621,maximum_decision_score
1,1900,6241-66616-0023,6241/66616,LibriSpeech_6241,LibriSpeech_6241,1,39.32725797402699,maximum_decision_score
3,1901,6241-66616-0024,6241/66616,LibriSpeech_6241,LibriSpeech_6241,1,39.32709973627054,maximum_decision_score
3,1902,6241-66616-0025,6241/66616,LibriSpeech_6241,LibriSpeech_6241,1,39.32690994219632,maximum_decision_score
1,1903,6295-244435-0000,6295/244435,LibriSpeech_6295,LibriSpeech_251,0,39.325508814780115,maximum_decision_score
4,1904,6295-244435-0001,6295/244435,LibriSpeech_6295,LibriSpeech_6295,1,39.327080303474474,maximum_decision_score
4,1905,6295-244435-0002,6295/244435,LibriSpeech_6295,LibriSpeech_6295,1,39.32699911705432,maximum_decision_score
5,1906,6295-244435-0003,6295/244435,LibriSpeech_6295,LibriSpeech_6295,1,39.32684527401345,maximum_decision_score
1,1907,6295-244435-0004,6295/244435,LibriSpeech_6295,LibriSpeech_6295,1,39.327257697273936,maximum_decision_score
3,1908,6295-244435-0005,6295/244435,LibriSpeech_6295,LibriSpeech_6295,1,39.32697302255746,maximum_decision_score
2,1909,6295-244435-0006,6295/244435,LibriSpeech_6295,LibriSpeech_6295,1,39.32701475514396,maximum_decision_score
4,1910,6295-244435-0007,6295/244435,LibriSpeech_6295,LibriSpeech_6295,1,39.327137814673584,maximum_decision_score
2,1911,6295-244435-0008,6295/244435,LibriSpeech_6295,LibriSpeech_6295,1,39.32646950836723,maximum_decision_score
5,1912,6295-244435-0009,6295/244435,LibriSpeech_6295,LibriSpeech_6295,1,39.32627937016324,maximum_decision_score
3,1913,6295-244435-0010,6295/244435,LibriSpeech_6295,LibriSpeech_6295,1,39.32577381453009,maximum_decision_score
4,1914,6295-244435-0011,6295/244435,LibriSpeech_6295,LibriSpeech_6295,1,39.326601580955085,maximum_decision_score
3,1915,6295-244435-0012,6295/244435,LibriSpeech_6295,LibriSpeech_6295,1,39.3249085556707,maximum_decision_score
2,1916,6295-244435-0013,6295/244435,LibriSpeech_6295,LibriSpeech_6295,1,39.32632346124143,maximum_decision_score
4,1917,6295-244435-0014,6295/244435,LibriSpeech_6295,LibriSpeech_6295,1,39.32611735349722,maximum_decision_score
5,1918,6295-244435-0015,6295/244435,LibriSpeech_6295,LibriSpeech_6295,1,39.32486332337802,maximum_decision_score
1,1919,6295-244435-0016,6295/244435,LibriSpeech_6295,LibriSpeech_6295,1,39.32652240861664,maximum_decision_score
1,1920,6295-244435-0017,6295/244435,LibriSpeech_6295,LibriSpeech_6295,1,39.32639553499115,maximum_decision_score
1,1921,6295-244435-0018,6295/244435,LibriSpeech_6295,LibriSpeech_6295,1,39.32714336022086,maximum_decision_score
5,1922,6295-244435-0019,6295/244435,LibriSpeech_6295,LibriSpeech_6295,1,39.326489111464525,maximum_decision_score
3,1923,6295-244435-0020,6295/244435,LibriSpeech_6295,LibriSpeech_6295,1,39.327127899961084,maximum_decision_score
2,1924,6295-244435-0021,6295/244435,LibriSpeech_6295,LibriSpeech_6295,1,39.32659321253893,maximum_decision_score
1,1925,6295-244435-0022,6295/244435,LibriSpeech_6295,LibriSpeech_6295,1,39.32663631841116,maximum_decision_score
5,1926,6295-244435-0023,6295/244435,LibriSpeech_6295,LibriSpeech_6295,1,39.326042315128106,maximum_decision_score
1,1927,6295-244435-0024,6295/244435,LibriSpeech_6295,LibriSpeech_6295,1,39.32616771303312,maximum_decision_score
1,1928,6295-244435-0025,6295/244435,LibriSpeech_6295,LibriSpeech_6295,1,39.3267114212715,maximum_decision_score
3,1929,6295-244435-0026,6295/244435,LibriSpeech_6295,LibriSpeech_6295,1,39.327203191710225,maximum_decision_score
1,1930,6295-244435-0027,6295/244435,LibriSpeech_6295,LibriSpeech_6295,1,39.32695094044561,maximum_decision_score
5,1931,6295-244435-0028,6295/244435,LibriSpeech_6295,LibriSpeech_6295,1,39.32681345615017,maximum_decision_score
5,1932,6295-244435-0029,6295/244435,LibriSpeech_6295,LibriSpeech_6295,1,39.326183574053665,maximum_decision_score
1,1933,6295-244435-0030,6295/244435,LibriSpeech_6295,LibriSpeech_6295,1,39.32676527952705,maximum_decision_score
2,1934,6295-244435-0031,6295/244435,LibriSpeech_6295,LibriSpeech_6295,1,39.32616530463082,maximum_decision_score
2,1935,6295-244435-0032,6295/244435,LibriSpeech_6295,LibriSpeech_6295,1,39.32629825597838,maximum_decision_score
2,1936,6295-244435-0033,6295/244435,LibriSpeech_6295,LibriSpeech_6295,1,39.32716759644041,maximum_decision_score
1,1937,6295-244435-0034,6295/244435,LibriSpeech_6295,LibriSpeech_6295,1,39.3259045086208,maximum_decision_score
3,1938,6295-244435-0035,6295/244435,LibriSpeech_6295,LibriSpeech_6295,1,39.327391979831134,maximum_decision_score
2,1939,6295-244435-0036,6295/244435,LibriSpeech_6295,LibriSpeech_6295,1,39.326918523013234,maximum_decision_score
4,1940,6295-244435-0037,6295/244435,LibriSpeech_6295,LibriSpeech_6295,1,39.32672339067446,maximum_decision_score
5,1941,6295-244435-0038,6295/244435,LibriSpeech_6295,LibriSpeech_6295,1,39.3260009896047,maximum_decision_score
5,1942,6295-244435-0039,6295/244435,LibriSpeech_6295,LibriSpeech_6295,1,39.327123384086555,maximum_decision_score
2,1943,6295-244435-0040,6295/244435,LibriSpeech_6295,LibriSpeech_6295,1,39.32603643419187,maximum_decision_score
2,1944,6295-64301-0000,6295/64301,LibriSpeech_6295,LibriSpeech_6295,1,39.32621614178967,maximum_decision_score
4,1945,6295-64301-0001,6295/64301,LibriSpeech_6295,LibriSpeech_6295,1,39.32613942363189,maximum_decision_score
3,1946,6295-64301-0002,6295/64301,LibriSpeech_6295,LibriSpeech_6295,1,39.326451019256275,maximum_decision_score
1,1947,6295-64301-0003,6295/64301,LibriSpeech_6295,LibriSpeech_6295,1,39.32609381271205,maximum_decision_score
3,1948,6295-64301-0004,6295/64301,LibriSpeech_6295,LibriSpeech_6295,1,39.32699994517514,maximum_decision_score
5,1949,6295-64301-0005,6295/64301,LibriSpeech_6295,LibriSpeech_6295,1,39.32688608694407,maximum_decision_score
5,1950,6295-64301-0006,6295/64301,LibriSpeech_6295,LibriSpeech_6295,1,39.32632744767231,maximum_decision_score
1,1951,6295-64301-0007,6295/64301,LibriSpeech_6295,LibriSpeech_6295,1,39.32714215247313,maximum_decision_score
4,1952,6295-64301-0008,6295/64301,LibriSpeech_6295,LibriSpeech_6295,1,39.32644874748491,maximum_decision_score
4,1953,6295-64301-0009,6295/64301,LibriSpeech_6295,LibriSpeech_6295,1,39.32537171731392,maximum_decision_score
2,1954,6295-64301-0010,6295/64301,LibriSpeech_6295,LibriSpeech_6295,1,39.326298475756715,maximum_decision_score
4,1955,6295-64301-0011,6295/64301,LibriSpeech_6295,LibriSpeech_6295,1,39.3264639636279,maximum_decision_score
4,1956,6295-64301-0012,6295/64301,LibriSpeech_6295,LibriSpeech_6295,1,39.326978659974785,maximum_decision_score
2,1957,6295-64301-0013,6295/64301,LibriSpeech_6295,LibriSpeech_6295,1,39.32632907087891,maximum_decision_score
3,1958,6295-64301-0014,6295/64301,LibriSpeech_6295,LibriSpeech_6295,1,39.32678702454204,maximum_decision_score
5,1959,6295-64301-0015,6295/64301,LibriSpeech_6295,LibriSpeech_6295,1,39.32634900868846,maximum_decision_score
1,1960,6295-64301-0016,6295/64301,LibriSpeech_6295,LibriSpeech_6295,1,39.32721835058103,maximum_decision_score
5,1961,6295-64301-0017,6295/64301,LibriSpeech_6295,LibriSpeech_6295,1,39.32596900329661,maximum_decision_score
4,1962,6295-64301-0018,6295/64301,LibriSpeech_6295,LibriSpeech_6295,1,39.32665382459074,maximum_decision_score
2,1963,6295-64301-0019,6295/64301,LibriSpeech_6295,LibriSpeech_6295,1,39.326274161643354,maximum_decision_score
2,1964,6295-64301-0020,6295/64301,LibriSpeech_6295,LibriSpeech_6295,1,39.32636536416719,maximum_decision_score
3,1965,6295-64301-0021,6295/64301,LibriSpeech_6295,LibriSpeech_6295,1,39.32698253633775,maximum_decision_score
4,1966,6295-64301-0022,6295/64301,LibriSpeech_6295,LibriSpeech_6295,1,39.325996221309744,maximum_decision_score
1,1967,6295-64301-0023,6295/64301,LibriSpeech_6295,LibriSpeech_6295,1,39.32666227680621,maximum_decision_score
3,1968,6295-64301-0024,6295/64301,LibriSpeech_6295,LibriSpeech_6295,1,39.32515670130471,maximum_decision_score
5,1969,6295-64301-0025,6295/64301,LibriSpeech_6295,LibriSpeech_6295,1,39.32534605995455,maximum_decision_score
4,1970,6295-64301-0026,6295/64301,LibriSpeech_6295,LibriSpeech_6295,1,39.32604463076243,maximum_decision_score
3,1971,6295-64301-0027,6295/64301,LibriSpeech_6295,LibriSpeech_6295,1,39.32617929605744,maximum_decision_score
2,1972,6295-64301-0028,6295/64301,LibriSpeech_6295,LibriSpeech_6295,1,39.327071907796416,maximum_decision_score
5,1973,6295-64301-0029,6295/64301,LibriSpeech_6295,LibriSpeech_6295,1,39.325872687507825,maximum_decision_score
3,1974,6295-64301-0030,6295/64301,LibriSpeech_6295,LibriSpeech_6295,1,39.32442304154228,maximum_decision_score
3,1975,6295-64301-0031,6295/64301,LibriSpeech_6295,LibriSpeech_6295,1,39.32670020179952,maximum_decision_score
3,1976,6295-64301-0032,6295/64301,LibriSpeech_6295,LibriSpeech_6295,1,39.32351554151324,maximum_decision_score
2,1977,6313-66125-0000,6313/66125,LibriSpeech_6313,LibriSpeech_6313,1,39.32625726571612,maximum_decision_score
1,1978,6313-66125-0001,6313/66125,LibriSpeech_6313,LibriSpeech_6313,1,39.326841312385206,maximum_decision_score
2,1979,6313-66125-0002,6313/66125,LibriSpeech_6313,LibriSpeech_6313,1,39.32654536202543,maximum_decision_score
4,1980,6313-66125-0003,6313/66125,LibriSpeech_6313,LibriSpeech_6313,1,39.32711362352572,maximum_decision_score
2,1981,6313-66125-0004,6313/66125,LibriSpeech_6313,LibriSpeech_6313,1,39.32753567525931,maximum_decision_score
4,1982,6313-66125-0005,6313/66125,LibriSpeech_6313,LibriSpeech_6313,1,39.3268808752608,maximum_decision_score
5,1983,6313-66125-0006,6313/66125,LibriSpeech_6313,LibriSpeech_6313,1,39.32551652073102,maximum_decision_score
2,1984,6313-66125-0007,6313/66125,LibriSpeech_6313,LibriSpeech_6313,1,39.32612245370204,maximum_decision_score
2,1985,6313-66125-0008,6313/66125,LibriSpeech_6313,LibriSpeech_6313,1,39.32767721512391,maximum_decision_score
2,1986,6313-66125-0009,6313/66125,LibriSpeech_6313,LibriSpeech_6313,1,39.32699379555988,maximum_decision_score
5,1987,6313-66125-0010,6313/66125,LibriSpeech_6313,LibriSpeech_6313,1,39.32717184102693,maximum_decision_score
1,1988,6313-66125-0011,6313/66125,LibriSpeech_6313,LibriSpeech_6313,1,39.32708475113939,maximum_decision_score
2,1989,6313-66125-0012,6313/66125,LibriSpeech_6313,LibriSpeech_6313,1,39.327341743362254,maximum_decision_score
3,1990,6313-66125-0013,6313/66125,LibriSpeech_6313,LibriSpeech_6313,1,39.32782916581803,maximum_decision_score
4,1991,6313-66125-0014,6313/66125,LibriSpeech_6313,LibriSpeech_6313,1,39.3260755517358,maximum_decision_score
5,1992,6313-66125-0015,6313/66125,LibriSpeech_6313,LibriSpeech_6313,1,39.32632198885522,maximum_decision_score
5,1993,6313-66125-0016,6313/66125,LibriSpeech_6313,LibriSpeech_6313,1,39.32687156840309,maximum_decision_score
2,1994,6313-66125-0017,6313/66125,LibriSpeech_6313,LibriSpeech_6313,1,39.32687194684691,maximum_decision_score
1,1995,6313-66125-0018,6313/66125,LibriSpeech_6313,LibriSpeech_6313,1,39.326710650552414,maximum_decision_score
1,1996,6313-66125-0019,6313/66125,LibriSpeech_6313,LibriSpeech_6313,1,39.32688712547659,maximum_decision_score
2,1997,6313-66125-0020,6313/66125,LibriSpeech_6313,LibriSpeech_6313,1,39.327605441697465,maximum_decision_score
5,1998,6313-66125-0021,6313/66125,LibriSpeech_6313,LibriSpeech_6313,1,39.32647539191683,maximum_decision_score
5,1999,6313-66125-0022,6313/66125,LibriSpeech_6313,LibriSpeech_6313,1,39.32718816354243,maximum_decision_score
1,2000,6313-66125-0023,6313/66125,LibriSpeech_6313,LibriSpeech_6313,1,39.32600596515366,maximum_decision_score
4,2001,6313-66125-0024,6313/66125,LibriSpeech_6313,LibriSpeech_6313,1,39.32695101750915,maximum_decision_score
4,2002,6313-66125-0025,6313/66125,LibriSpeech_6313,LibriSpeech_6313,1,39.326700390493315,maximum_decision_score
3,2003,6313-66125-0026,6313/66125,LibriSpeech_6313,LibriSpeech_6313,1,39.32694154352557,maximum_decision_score
3,2004,6313-66125-0027,6313/66125,LibriSpeech_6313,LibriSpeech_6313,1,39.3259894511562,maximum_decision_score
3,2005,6313-66129-0000,6313/66129,LibriSpeech_6313,LibriSpeech_6313,1,39.32727484700017,maximum_decision_score
5,2006,6313-66129-0001,6313/66129,LibriSpeech_6313,LibriSpeech_6313,1,39.32636553514635,maximum_decision_score
2,2007,6313-66129-0002,6313/66129,LibriSpeech_6313,LibriSpeech_6313,1,39.32687100263702,maximum_decision_score
1,2008,6313-66129-0003,6313/66129,LibriSpeech_6313,LibriSpeech_6313,1,39.32600215107733,maximum_decision_score
3,2009,6313-66129-0004,6313/66129,LibriSpeech_6313,LibriSpeech_6313,1,39.32716891720059,maximum_decision_score
2,2010,6313-66129-0005,6313/66129,LibriSpeech_6313,LibriSpeech_6313,1,39.326444682135126,maximum_decision_score
1,2011,6313-66129-0006,6313/66129,LibriSpeech_6313,LibriSpeech_6313,1,39.32800351044897,maximum_decision_score
2,2012,6313-66129-0007,6313/66129,LibriSpeech_6313,LibriSpeech_6313,1,39.325491247651925,maximum_decision_score
5,2013,6313-66129-0008,6313/66129,LibriSpeech_6313,LibriSpeech_6313,1,39.32660732414737,maximum_decision_score
4,2014,6313-66129-0009,6313/66129,LibriSpeech_6313,LibriSpeech_6313,1,39.32647562731333,maximum_decision_score
4,2015,6313-66129-0010,6313/66129,LibriSpeech_6313,LibriSpeech_6313,1,39.32683279024047,maximum_decision_score
5,2016,6313-66129-0011,6313/66129,LibriSpeech_6313,LibriSpeech_6313,1,39.32703966839298,maximum_decision_score
2,2017,6313-66129-0012,6313/66129,LibriSpeech_6313,LibriSpeech_6313,1,39.32573545866602,maximum_decision_score
5,2018,6313-66129-0013,6313/66129,LibriSpeech_6313,LibriSpeech_6313,1,39.326468776499645,maximum_decision_score
1,2019,6313-66129-0014,6313/66129,LibriSpeech_6313,LibriSpeech_6313,1,39.32659623416971,maximum_decision_score
3,2020,6313-66129-0015,6313/66129,LibriSpeech_6313,LibriSpeech_6313,1,39.327023006692094,maximum_decision_score
3,2021,6313-66129-0016,6313/66129,LibriSpeech_6313,LibriSpeech_6313,1,39.327216217446754,maximum_decision_score
3,2022,6313-66129-0017,6313/66129,LibriSpeech_6313,LibriSpeech_6313,1,39.32615802160427,maximum_decision_score
2,2023,6313-66129-0018,6313/66129,LibriSpeech_6313,LibriSpeech_6313,1,39.32652910314914,maximum_decision_score
1,2024,6313-66129-0019,6313/66129,LibriSpeech_6313,LibriSpeech_6313,1,39.32703596604078,maximum_decision_score
5,2025,6313-66129-0020,6313/66129,LibriSpeech_6313,LibriSpeech_6313,1,39.32630460455357,maximum_decision_score
1,2026,6313-66129-0021,6313/66129,LibriSpeech_6313,LibriSpeech_6313,1,39.32567635733632,maximum_decision_score
5,2027,6313-66129-0022,6313/66129,LibriSpeech_6313,LibriSpeech_6313,1,39.32665223020513,maximum_decision_score
3,2028,6313-66129-0023,6313/66129,LibriSpeech_6313,LibriSpeech_6313,1,39.32714236237594,maximum_decision_score
3,2029,6313-66129-0024,6313/66129,LibriSpeech_6313,LibriSpeech_6313,1,39.326967906766534,maximum_decision_score
1,2030,6313-66129-0025,6313/66129,LibriSpeech_6313,LibriSpeech_6313,1,39.32766891436083,maximum_decision_score
1,2031,6313-66129-0026,6313/66129,LibriSpeech_6313,LibriSpeech_6313,1,39.326797256814146,maximum_decision_score
4,2032,6313-66129-0027,6313/66129,LibriSpeech_6313,LibriSpeech_6313,1,39.327167204526205,maximum_decision_score
1,2033,6313-66129-0028,6313/66129,LibriSpeech_6313,LibriSpeech_6313,1,39.325343911772414,maximum_decision_score
1,2034,6313-66129-0029,6313/66129,LibriSpeech_6313,LibriSpeech_6313,1,39.32678995517713,maximum_decision_score
4,2035,6313-66129-0030,6313/66129,LibriSpeech_6313,LibriSpeech_6313,1,39.32624832879849,maximum_decision_score
5,2036,6313-66129-0031,6313/66129,LibriSpeech_6313,LibriSpeech_6313,1,39.32550069169995,maximum_decision_score
1,2037,6313-66129-0032,6313/66129,LibriSpeech_6313,LibriSpeech_6313,1,39.32740110936245,maximum_decision_score
1,2038,6313-66129-0033,6313/66129,LibriSpeech_6313,LibriSpeech_6313,1,39.32715568982611,maximum_decision_score
2,2039,6313-66129-0034,6313/66129,LibriSpeech_6313,LibriSpeech_6313,1,39.32634210354197,maximum_decision_score
3,2040,6313-66129-0035,6313/66129,LibriSpeech_6313,LibriSpeech_6313,1,39.32638924127873,maximum_decision_score
4,2041,6313-76958-0000,6313/76958,LibriSpeech_6313,LibriSpeech_6313,1,39.32690013610393,maximum_decision_score
1,2042,6313-76958-0001,6313/76958,LibriSpeech_6313,LibriSpeech_6313,1,39.32694567185225,maximum_decision_score
3,2043,6313-76958-0002,6313/76958,LibriSpeech_6313,LibriSpeech_6313,1,39.325605792978955,maximum_decision_score
3,2044,6313-76958-0003,6313/76958,LibriSpeech_6313,LibriSpeech_6313,1,39.3278285130892,maximum_decision_score
1,2045,6313-76958-0004,6313/76958,LibriSpeech_6313,LibriSpeech_6313,1,39.32650988536636,maximum_decision_score
4,2046,6313-76958-0005,6313/76958,LibriSpeech_6313,LibriSpeech_6313,1,39.32681024883039,maximum_decision_score
2,2047,6313-76958-0006,6313/76958,LibriSpeech_6313,LibriSpeech_6313,1,39.327035158830334,maximum_decision_score
4,2048,6313-76958-0007,6313/76958,LibriSpeech_6313,LibriSpeech_6313,1,39.32711038300898,maximum_decision_score
3,2049,6313-76958-0008,6313/76958,LibriSpeech_6313,LibriSpeech_6313,1,39.32761831909496,maximum_decision_score
2,2050,6313-76958-0009,6313/76958,LibriSpeech_6313,LibriSpeech_6313,1,39.32665269365613,maximum_decision_score
4,2051,6313-76958-0010,6313/76958,LibriSpeech_6313,LibriSpeech_6313,1,39.32751998995559,maximum_decision_score
4,2052,6313-76958-0011,6313/76958,LibriSpeech_6313,LibriSpeech_6313,1,39.327919057194755,maximum_decision_score
4,2053,6313-76958-0012,6313/76958,LibriSpeech_6313,LibriSpeech_6313,1,39.32713792622024,maximum_decision_score
4,2054,6313-76958-0013,6313/76958,LibriSpeech_6313,LibriSpeech_6313,1,39.32672098979891,maximum_decision_score
5,2055,6313-76958-0014,6313/76958,LibriSpeech_6313,LibriSpeech_6313,1,39.32683436267021,maximum_decision_score
5,2056,6313-76958-0015,6313/76958,LibriSpeech_6313,LibriSpeech_6313,1,39.32556989214649,maximum_decision_score
3,2057,6313-76958-0016,6313/76958,LibriSpeech_6313,LibriSpeech_6313,1,39.32769148604027,maximum_decision_score
3,2058,6313-76958-0017,6313/76958,LibriSpeech_6313,LibriSpeech_6313,1,39.32608056694678,maximum_decision_score
2,2059,6313-76958-0018,6313/76958,LibriSpeech_6313,LibriSpeech_6313,1,39.32740814117227,maximum_decision_score
5,2060,6313-76958-0019,6313/76958,LibriSpeech_6313,LibriSpeech_6313,1,39.32727336008551,maximum_decision_score
2,2061,6313-76958-0020,6313/76958,LibriSpeech_6313,LibriSpeech_6313,1,39.32739236796994,maximum_decision_score
3,2062,6313-76958-0021,6313/76958,LibriSpeech_6313,LibriSpeech_6313,1,39.32737881116953,maximum_decision_score
5,2063,6313-76958-0022,6313/76958,LibriSpeech_6313,LibriSpeech_6313,1,39.32643798150136,maximum_decision_score
3,2064,6313-76958-0023,6313/76958,LibriSpeech_6313,LibriSpeech_6319,0,39.32657138787853,maximum_decision_score
4,2065,6313-76958-0024,6313/76958,LibriSpeech_6313,LibriSpeech_6313,1,39.32717861221714,maximum_decision_score
5,2066,6313-76958-0025,6313/76958,LibriSpeech_6313,LibriSpeech_6313,1,39.32635616662296,maximum_decision_score
4,2067,6313-76958-0026,6313/76958,LibriSpeech_6313,LibriSpeech_6313,1,39.327081655787175,maximum_decision_score
1,2068,6313-76958-0027,6313/76958,LibriSpeech_6313,LibriSpeech_6313,1,39.3275416607022,maximum_decision_score
1,2069,6313-76958-0028,6313/76958,LibriSpeech_6313,LibriSpeech_6313,1,39.326699915780324,maximum_decision_score
4,2070,6313-76958-0029,6313/76958,LibriSpeech_6313,LibriSpeech_6313,1,39.32697864529384,maximum_decision_score
3,2071,6313-76958-0030,6313/76958,LibriSpeech_6313,LibriSpeech_6313,1,39.32696720961823,maximum_decision_score
5,2072,6313-76958-0031,6313/76958,LibriSpeech_6313,LibriSpeech_6313,1,39.326249752707014,maximum_decision_score
2,2073,6319-275224-0000,6319/275224,LibriSpeech_6319,LibriSpeech_6319,1,39.32680037535869,maximum_decision_score
5,2074,6319-275224-0001,6319/275224,LibriSpeech_6319,LibriSpeech_6319,1,39.32708909283377,maximum_decision_score
1,2075,6319-275224-0002,6319/275224,LibriSpeech_6319,LibriSpeech_6319,1,39.32580766580696,maximum_decision_score
2,2076,6319-275224-0003,6319/275224,LibriSpeech_6319,LibriSpeech_6319,1,39.3272455376964,maximum_decision_score
4,2077,6319-275224-0004,6319/275224,LibriSpeech_6319,LibriSpeech_6313,0,39.32134502154299,maximum_decision_score
1,2078,6319-275224-0005,6319/275224,LibriSpeech_6319,LibriSpeech_6319,1,39.326566632558574,maximum_decision_score
1,2079,6319-275224-0006,6319/275224,LibriSpeech_6319,LibriSpeech_6319,1,39.325695662610094,maximum_decision_score
5,2080,6319-275224-0007,6319/275224,LibriSpeech_6319,LibriSpeech_6319,1,39.324396257986145,maximum_decision_score
2,2081,6319-275224-0008,6319/275224,LibriSpeech_6319,LibriSpeech_6319,1,39.32601456416563,maximum_decision_score
1,2082,6319-275224-0009,6319/275224,LibriSpeech_6319,LibriSpeech_6319,1,39.32543085247199,maximum_decision_score
3,2083,6319-275224-0010,6319/275224,LibriSpeech_6319,LibriSpeech_6319,1,39.327021344464335,maximum_decision_score
5,2084,6319-275224-0011,6319/275224,LibriSpeech_6319,LibriSpeech_6319,1,39.326332673140215,maximum_decision_score
3,2085,6319-275224-0012,6319/275224,LibriSpeech_6319,LibriSpeech_6319,1,39.32681186388544,maximum_decision_score
1,2086,6319-275224-0013,6319/275224,LibriSpeech_6319,LibriSpeech_6319,1,39.3249728682659,maximum_decision_score
3,2087,6319-275224-0014,6319/275224,LibriSpeech_6319,LibriSpeech_6319,1,39.325916700354824,maximum_decision_score
1,2088,6319-275224-0015,6319/275224,LibriSpeech_6319,LibriSpeech_6319,1,39.32565156799174,maximum_decision_score
3,2089,6319-275224-0016,6319/275224,LibriSpeech_6319,LibriSpeech_6319,1,39.32618877202772,maximum_decision_score
1,2090,6319-275224-0017,6319/275224,LibriSpeech_6319,LibriSpeech_6319,1,39.32657536498298,maximum_decision_score
1,2091,6319-275224-0018,6319/275224,LibriSpeech_6319,LibriSpeech_6319,1,39.32560611088483,maximum_decision_score
2,2092,6319-275224-0019,6319/275224,LibriSpeech_6319,LibriSpeech_6319,1,39.32651055234613,maximum_decision_score
3,2093,6319-275224-0020,6319/275224,LibriSpeech_6319,LibriSpeech_6319,1,39.325830908505424,maximum_decision_score
4,2094,6319-57405-0000,6319/57405,LibriSpeech_6319,LibriSpeech_6319,1,39.32594936004223,maximum_decision_score
3,2095,6319-57405-0001,6319/57405,LibriSpeech_6319,LibriSpeech_6319,1,39.32650587929882,maximum_decision_score
3,2096,6319-57405-0002,6319/57405,LibriSpeech_6319,LibriSpeech_6319,1,39.32690279637551,maximum_decision_score
1,2097,6319-57405-0003,6319/57405,LibriSpeech_6319,LibriSpeech_6319,1,39.32689885675339,maximum_decision_score
1,2098,6319-57405-0004,6319/57405,LibriSpeech_6319,LibriSpeech_6319,1,39.32635196096847,maximum_decision_score
1,2099,6319-57405-0005,6319/57405,LibriSpeech_6319,LibriSpeech_6319,1,39.32732986782275,maximum_decision_score
4,2100,6319-57405-0006,6319/57405,LibriSpeech_6319,LibriSpeech_6319,1,39.32702473602874,maximum_decision_score
4,2101,6319-57405-0007,6319/57405,LibriSpeech_6319,LibriSpeech_6319,1,39.32598256005064,maximum_decision_score
4,2102,6319-57405-0008,6319/57405,LibriSpeech_6319,LibriSpeech_6319,1,39.32680587667848,maximum_decision_score
2,2103,6319-57405-0009,6319/57405,LibriSpeech_6319,LibriSpeech_6319,1,39.3260272549941,maximum_decision_score
5,2104,6319-57405-0010,6319/57405,LibriSpeech_6319,LibriSpeech_6319,1,39.32713241887491,maximum_decision_score
5,2105,6319-57405-0011,6319/57405,LibriSpeech_6319,LibriSpeech_6319,1,39.32739140847477,maximum_decision_score
4,2106,6319-57405-0012,6319/57405,LibriSpeech_6319,LibriSpeech_6319,1,39.32751435280528,maximum_decision_score
5,2107,6319-64726-0000,6319/64726,LibriSpeech_6319,LibriSpeech_6319,1,39.325753707296336,maximum_decision_score
5,2108,6319-64726-0001,6319/64726,LibriSpeech_6319,LibriSpeech_6319,1,39.3264978194527,maximum_decision_score
4,2109,6319-64726-0002,6319/64726,LibriSpeech_6319,LibriSpeech_6319,1,39.326880051761286,maximum_decision_score
4,2110,6319-64726-0003,6319/64726,LibriSpeech_6319,LibriSpeech_6319,1,39.32675794262611,maximum_decision_score
4,2111,6319-64726-0004,6319/64726,LibriSpeech_6319,LibriSpeech_6319,1,39.326523604115984,maximum_decision_score
3,2112,6319-64726-0005,6319/64726,LibriSpeech_6319,LibriSpeech_6319,1,39.326318612624966,maximum_decision_score
2,2113,6319-64726-0006,6319/64726,LibriSpeech_6319,LibriSpeech_6319,1,39.327265798846966,maximum_decision_score
5,2114,6319-64726-0007,6319/64726,LibriSpeech_6319,LibriSpeech_6319,1,39.326451964803184,maximum_decision_score
4,2115,6319-64726-0008,6319/64726,LibriSpeech_6319,LibriSpeech_6319,1,39.32748367615244,maximum_decision_score
3,2116,6319-64726-0009,6319/64726,LibriSpeech_6319,LibriSpeech_6319,1,39.32665533108271,maximum_decision_score
5,2117,6319-64726-0010,6319/64726,LibriSpeech_6319,LibriSpeech_6319,1,39.32557446928791,maximum_decision_score
2,2118,6319-64726-0011,6319/64726,LibriSpeech_6319,LibriSpeech_6319,1,39.327108802229716,maximum_decision_score
2,2119,6319-64726-0012,6319/64726,LibriSpeech_6319,LibriSpeech_6319,1,39.32743572639032,maximum_decision_score
2,2120,6319-64726-0013,6319/64726,LibriSpeech_6319,LibriSpeech_6319,1,39.32648300606642,maximum_decision_score
2,2121,6319-64726-0014,6319/64726,LibriSpeech_6319,LibriSpeech_6319,1,39.32713934420922,maximum_decision_score
5,2122,6319-64726-0015,6319/64726,LibriSpeech_6319,LibriSpeech_6319,1,39.326227119650945,maximum_decision_score
3,2123,6319-64726-0016,6319/64726,LibriSpeech_6319,LibriSpeech_6319,1,39.326211624248145,maximum_decision_score
3,2124,6319-64726-0017,6319/64726,LibriSpeech_6319,LibriSpeech_6319,1,39.32595514358885,maximum_decision_score
5,2125,6319-64726-0018,6319/64726,LibriSpeech_6319,LibriSpeech_6319,1,39.326644774422654,maximum_decision_score
4,2126,6319-64726-0019,6319/64726,LibriSpeech_6319,LibriSpeech_6319,1,39.32717429941339,maximum_decision_score
2,2127,6319-64726-0020,6319/64726,LibriSpeech_6319,LibriSpeech_6319,1,39.32550370676122,maximum_decision_score
4,2128,6345-64257-0000,6345/64257,LibriSpeech_6345,LibriSpeech_6345,1,39.32651845810585,maximum_decision_score
5,2129,6345-64257-0001,6345/64257,LibriSpeech_6345,LibriSpeech_6345,1,39.32606064583894,maximum_decision_score
1,2130,6345-64257-0002,6345/64257,LibriSpeech_6345,LibriSpeech_6345,1,39.32672276039938,maximum_decision_score
1,2131,6345-64257-0003,6345/64257,LibriSpeech_6345,LibriSpeech_6345,1,39.325699094833986,maximum_decision_score
1,2132,6345-64257-0004,6345/64257,LibriSpeech_6345,LibriSpeech_6345,1,39.326736970851584,maximum_decision_score
3,2133,6345-64257-0005,6345/64257,LibriSpeech_6345,LibriSpeech_6345,1,39.32618748636397,maximum_decision_score
2,2134,6345-64257-0006,6345/64257,LibriSpeech_6345,LibriSpeech_6345,1,39.32635222147535,maximum_decision_score
2,2135,6345-64257-0007,6345/64257,LibriSpeech_6345,LibriSpeech_6345,1,39.32707214244988,maximum_decision_score
2,2136,6345-64257-0008,6345/64257,LibriSpeech_6345,LibriSpeech_6345,1,39.325831314142334,maximum_decision_score
2,2137,6345-64257-0009,6345/64257,LibriSpeech_6345,LibriSpeech_6345,1,39.32697547048404,maximum_decision_score
1,2138,6345-64257-0010,6345/64257,LibriSpeech_6345,LibriSpeech_6345,1,39.327537740562576,maximum_decision_score
5,2139,6345-64257-0011,6345/64257,LibriSpeech_6345,LibriSpeech_6345,1,39.32667934544152,maximum_decision_score
2,2140,6345-64257-0012,6345/64257,LibriSpeech_6345,LibriSpeech_6345,1,39.32695462535843,maximum_decision_score
4,2141,6345-64257-0013,6345/64257,LibriSpeech_6345,LibriSpeech_6345,1,39.32620190071257,maximum_decision_score
2,2142,6345-64257-0014,6345/64257,LibriSpeech_6345,LibriSpeech_6345,1,39.32646782147826,maximum_decision_score
5,2143,6345-64257-0015,6345/64257,LibriSpeech_6345,LibriSpeech_6345,1,39.32546447138491,maximum_decision_score
1,2144,6345-64257-0016,6345/64257,LibriSpeech_6345,LibriSpeech_6345,1,39.32635285997613,maximum_decision_score
4,2145,6345-64257-0017,6345/64257,LibriSpeech_6345,LibriSpeech_6345,1,39.326862884560384,maximum_decision_score
5,2146,6345-64257-0018,6345/64257,LibriSpeech_6345,LibriSpeech_6345,1,39.3262458379859,maximum_decision_score
1,2147,6345-64257-0019,6345/64257,LibriSpeech_6345,LibriSpeech_6345,1,39.32658015841936,maximum_decision_score
2,2148,6345-64257-0020,6345/64257,LibriSpeech_6345,LibriSpeech_6345,1,39.32515426922197,maximum_decision_score
4,2149,6345-93302-0000,6345/93302,LibriSpeech_6345,LibriSpeech_6345,1,39.32638230237685,maximum_decision_score
5,2150,6345-93302-0001,6345/93302,LibriSpeech_6345,LibriSpeech_6345,1,39.325800330325094,maximum_decision_score
1,2151,6345-93302-0002,6345/93302,LibriSpeech_6345,LibriSpeech_6345,1,39.3260999319724,maximum_decision_score
3,2152,6345-93302-0003,6345/93302,LibriSpeech_6345,LibriSpeech_6345,1,39.32613356588101,maximum_decision_score
3,2153,6345-93302-0004,6345/93302,LibriSpeech_6345,LibriSpeech_6345,1,39.32613079923686,maximum_decision_score
2,2154,6345-93302-0005,6345/93302,LibriSpeech_6345,LibriSpeech_6345,1,39.32472418940029,maximum_decision_score
2,2155,6345-93302-0006,6345/93302,LibriSpeech_6345,LibriSpeech_6345,1,39.326408031927755,maximum_decision_score
3,2156,6345-93302-0007,6345/93302,LibriSpeech_6345,LibriSpeech_6345,1,39.3268161635419,maximum_decision_score
1,2157,6345-93302-0008,6345/93302,LibriSpeech_6345,LibriSpeech_6345,1,39.32660478050016,maximum_decision_score
4,2158,6345-93302-0009,6345/93302,LibriSpeech_6345,LibriSpeech_6345,1,39.32695789599943,maximum_decision_score
4,2159,6345-93302-0010,6345/93302,LibriSpeech_6345,LibriSpeech_6345,1,39.32767903148348,maximum_decision_score
1,2160,6345-93302-0011,6345/93302,LibriSpeech_6345,LibriSpeech_6345,1,39.326851985152686,maximum_decision_score
1,2161,6345-93302-0012,6345/93302,LibriSpeech_6345,LibriSpeech_6345,1,39.32679112835532,maximum_decision_score
3,2162,6345-93302-0013,6345/93302,LibriSpeech_6345,LibriSpeech_6345,1,39.326227153592235,maximum_decision_score
3,2163,6345-93302-0014,6345/93302,LibriSpeech_6345,LibriSpeech_6345,1,39.326449403973015,maximum_decision_score
3,2164,6345-93302-0015,6345/93302,LibriSpeech_6345,LibriSpeech_6345,1,39.32754198666229,maximum_decision_score
4,2165,6345-93302-0016,6345/93302,LibriSpeech_6345,LibriSpeech_6345,1,39.326547115283816,maximum_decision_score
4,2166,6345-93302-0017,6345/93302,LibriSpeech_6345,LibriSpeech_6345,1,39.326781143723004,maximum_decision_score
4,2167,6345-93302-0018,6345/93302,LibriSpeech_6345,LibriSpeech_6345,1,39.32654077478647,maximum_decision_score
5,2168,6345-93302-0019,6345/93302,LibriSpeech_6345,LibriSpeech_6345,1,39.32565617441957,maximum_decision_score
4,2169,6345-93302-0020,6345/93302,LibriSpeech_6345,LibriSpeech_6345,1,39.32523023357151,maximum_decision_score
2,2170,6345-93302-0021,6345/93302,LibriSpeech_6345,LibriSpeech_7976,0,39.32595720081322,maximum_decision_score
5,2171,6345-93302-0022,6345/93302,LibriSpeech_6345,LibriSpeech_6345,1,39.32703595544059,maximum_decision_score
5,2172,6345-93302-0023,6345/93302,LibriSpeech_6345,LibriSpeech_6345,1,39.32726886532249,maximum_decision_score
4,2173,6345-93302-0024,6345/93302,LibriSpeech_6345,LibriSpeech_6345,1,39.32826767730956,maximum_decision_score
3,2174,6345-93302-0025,6345/93302,LibriSpeech_6345,LibriSpeech_6345,1,39.324302512290316,maximum_decision_score
5,2175,6345-93302-0026,6345/93302,LibriSpeech_6345,LibriSpeech_6345,1,39.326025386417875,maximum_decision_score
3,2176,6345-93302-0027,6345/93302,LibriSpeech_6345,LibriSpeech_6345,1,39.32556090400876,maximum_decision_score
5,2177,6345-93302-0028,6345/93302,LibriSpeech_6345,LibriSpeech_6345,1,39.327878846249234,maximum_decision_score
2,2178,6345-93302-0029,6345/93302,LibriSpeech_6345,LibriSpeech_6345,1,39.327070581830064,maximum_decision_score
5,2179,6345-93306-0000,6345/93306,LibriSpeech_6345,LibriSpeech_6345,1,39.32641996499193,maximum_decision_score
5,2180,6345-93306-0001,6345/93306,LibriSpeech_6345,LibriSpeech_6345,1,39.325396220755266,maximum_decision_score
4,2181,6345-93306-0002,6345/93306,LibriSpeech_6345,LibriSpeech_6345,1,39.327384116222056,maximum_decision_score
5,2182,6345-93306-0003,6345/93306,LibriSpeech_6345,LibriSpeech_6345,1,39.327630717262,maximum_decision_score
2,2183,6345-93306-0004,6345/93306,LibriSpeech_6345,LibriSpeech_6345,1,39.32775789629616,maximum_decision_score
1,2184,6345-93306-0005,6345/93306,LibriSpeech_6345,LibriSpeech_6345,1,39.32807545212876,maximum_decision_score
1,2185,6345-93306-0006,6345/93306,LibriSpeech_6345,LibriSpeech_6345,1,39.326838573028056,maximum_decision_score
3,2186,6345-93306-0007,6345/93306,LibriSpeech_6345,LibriSpeech_6345,1,39.32700472409388,maximum_decision_score
5,2187,6345-93306-0008,6345/93306,LibriSpeech_6345,LibriSpeech_6345,1,39.32700983440177,maximum_decision_score
4,2188,6345-93306-0009,6345/93306,LibriSpeech_6345,LibriSpeech_6345,1,39.32773740000578,maximum_decision_score
3,2189,6345-93306-0010,6345/93306,LibriSpeech_6345,LibriSpeech_6345,1,39.32750117779763,maximum_decision_score
2,2190,6345-93306-0011,6345/93306,LibriSpeech_6345,LibriSpeech_6345,1,39.32675009527378,maximum_decision_score
3,2191,6345-93306-0012,6345/93306,LibriSpeech_6345,LibriSpeech_6345,1,39.3275805479312,maximum_decision_score
2,2192,6345-93306-0013,6345/93306,LibriSpeech_6345,LibriSpeech_6345,1,39.32720975788163,maximum_decision_score
5,2193,6345-93306-0014,6345/93306,LibriSpeech_6345,LibriSpeech_6345,1,39.326582110908,maximum_decision_score
3,2194,6345-93306-0015,6345/93306,LibriSpeech_6345,LibriSpeech_6345,1,39.32745114745077,maximum_decision_score
2,2195,6345-93306-0016,6345/93306,LibriSpeech_6345,LibriSpeech_6345,1,39.32770478777438,maximum_decision_score
4,2196,6345-93306-0017,6345/93306,LibriSpeech_6345,LibriSpeech_6345,1,39.32714296632371,maximum_decision_score
1,2197,6345-93306-0018,6345/93306,LibriSpeech_6345,LibriSpeech_6345,1,39.32548447311845,maximum_decision_score
4,2198,6345-93306-0019,6345/93306,LibriSpeech_6345,LibriSpeech_6345,1,39.326104577490355,maximum_decision_score
4,2199,6345-93306-0020,6345/93306,LibriSpeech_6345,LibriSpeech_6345,1,39.32756766149609,maximum_decision_score
3,2200,6345-93306-0021,6345/93306,LibriSpeech_6345,LibriSpeech_6345,1,39.32811824492273,maximum_decision_score
3,2201,6345-93306-0022,6345/93306,LibriSpeech_6345,LibriSpeech_6345,1,39.32740360798952,maximum_decision_score
1,2202,6345-93306-0023,6345/93306,LibriSpeech_6345,LibriSpeech_6345,1,39.32634300883085,maximum_decision_score
1,2203,6345-93306-0024,6345/93306,LibriSpeech_6345,LibriSpeech_6345,1,39.327087509180735,maximum_decision_score
3,2204,6345-93306-0025,6345/93306,LibriSpeech_6345,LibriSpeech_6345,1,39.32744234976898,maximum_decision_score
1,2205,652-129742-0000,652/129742,LibriSpeech_652,LibriSpeech_652,1,39.325862062407204,maximum_decision_score
1,2206,652-129742-0001,652/129742,LibriSpeech_652,LibriSpeech_652,1,39.32618852486926,maximum_decision_score
3,2207,652-129742-0002,652/129742,LibriSpeech_652,LibriSpeech_652,1,39.325945322680184,maximum_decision_score
4,2208,652-129742-0003,652/129742,LibriSpeech_652,LibriSpeech_652,1,39.32584442022866,maximum_decision_score
4,2209,652-129742-0004,652/129742,LibriSpeech_652,LibriSpeech_652,1,39.32647758478747,maximum_decision_score
4,2210,652-129742-0005,652/129742,LibriSpeech_652,LibriSpeech_652,1,39.32610940140356,maximum_decision_score
4,2211,652-129742-0006,652/129742,LibriSpeech_652,LibriSpeech_652,1,39.32553328160192,maximum_decision_score
3,2212,652-129742-0007,652/129742,LibriSpeech_652,LibriSpeech_652,1,39.32638102898428,maximum_decision_score
3,2213,652-129742-0008,652/129742,LibriSpeech_652,LibriSpeech_652,1,39.326368888892176,maximum_decision_score
5,2214,652-129742-0009,652/129742,LibriSpeech_652,LibriSpeech_652,1,39.32511897239407,maximum_decision_score
5,2215,652-129742-0010,652/129742,LibriSpeech_652,LibriSpeech_652,1,39.327337041216175,maximum_decision_score
5,2216,652-129742-0011,652/129742,LibriSpeech_652,LibriSpeech_652,1,39.326737449892,maximum_decision_score
2,2217,652-129742-0012,652/129742,LibriSpeech_652,LibriSpeech_652,1,39.326119837632795,maximum_decision_score
1,2218,652-129742-0013,652/129742,LibriSpeech_652,LibriSpeech_652,1,39.32604956506655,maximum_decision_score
5,2219,652-129742-0014,652/129742,LibriSpeech_652,LibriSpeech_652,1,39.326972435294586,maximum_decision_score
5,2220,652-129742-0015,652/129742,LibriSpeech_652,LibriSpeech_652,1,39.32415367897769,maximum_decision_score
3,2221,652-129742-0016,652/129742,LibriSpeech_652,LibriSpeech_652,1,39.325777456292876,maximum_decision_score
4,2222,652-129742-0017,652/129742,LibriSpeech_652,LibriSpeech_652,1,39.32649917673818,maximum_decision_score
4,2223,652-129742-0018,652/129742,LibriSpeech_652,LibriSpeech_652,1,39.32572118203662,maximum_decision_score
2,2224,652-129742-0019,652/129742,LibriSpeech_652,LibriSpeech_652,1,39.32690417182355,maximum_decision_score
5,2225,652-129742-0020,652/129742,LibriSpeech_652,LibriSpeech_652,1,39.326262272699566,maximum_decision_score
3,2226,652-130726-0000,652/130726,LibriSpeech_652,LibriSpeech_652,1,39.32701915190314,maximum_decision_score
5,2227,652-130726-0001,652/130726,LibriSpeech_652,LibriSpeech_652,1,39.32646327358643,maximum_decision_score
5,2228,652-130726-0002,652/130726,LibriSpeech_652,LibriSpeech_652,1,39.32600076719855,maximum_decision_score
2,2229,652-130726-0003,652/130726,LibriSpeech_652,LibriSpeech_652,1,39.32626235025924,maximum_decision_score
4,2230,652-130726-0004,652/130726,LibriSpeech_652,LibriSpeech_652,1,39.32637023421148,maximum_decision_score
1,2231,652-130726-0005,652/130726,LibriSpeech_652,LibriSpeech_652,1,39.326242717938264,maximum_decision_score
2,2232,652-130726-0006,652/130726,LibriSpeech_652,LibriSpeech_652,1,39.32598081977405,maximum_decision_score
5,2233,652-130726-0007,652/130726,LibriSpeech_652,LibriSpeech_652,1,39.32644151583354,maximum_decision_score
5,2234,652-130726-0008,652/130726,LibriSpeech_652,LibriSpeech_652,1,39.32570119426798,maximum_decision_score
5,2235,652-130726-0009,652/130726,LibriSpeech_652,LibriSpeech_652,1,39.32606995769016,maximum_decision_score
1,2236,652-130726-0010,652/130726,LibriSpeech_652,LibriSpeech_652,1,39.32608572454729,maximum_decision_score
3,2237,652-130726-0011,652/130726,LibriSpeech_652,LibriSpeech_652,1,39.32631824667954,maximum_decision_score
1,2238,652-130726-0012,652/130726,LibriSpeech_652,LibriSpeech_652,1,39.32603773226186,maximum_decision_score
4,2239,652-130726-0013,652/130726,LibriSpeech_652,LibriSpeech_652,1,39.32594953530075,maximum_decision_score
2,2240,652-130726-0014,652/130726,LibriSpeech_652,LibriSpeech_652,1,39.32632630752215,maximum_decision_score
5,2241,652-130726-0015,652/130726,LibriSpeech_652,LibriSpeech_652,1,39.32563729470249,maximum_decision_score
3,2242,652-130726-0016,652/130726,LibriSpeech_652,LibriSpeech_652,1,39.326172864568136,maximum_decision_score
2,2243,652-130726-0017,652/130726,LibriSpeech_652,LibriSpeech_652,1,39.325817694904764,maximum_decision_score
1,2244,652-130726-0018,652/130726,LibriSpeech_652,LibriSpeech_652,1,39.32678810972681,maximum_decision_score
2,2245,652-130726-0019,652/130726,LibriSpeech_652,LibriSpeech_652,1,39.32685461136113,maximum_decision_score
4,2246,652-130726-0020,652/130726,LibriSpeech_652,LibriSpeech_652,1,39.32611226208163,maximum_decision_score
1,2247,652-130726-0021,652/130726,LibriSpeech_652,LibriSpeech_652,1,39.32497510867973,maximum_decision_score
3,2248,652-130726-0022,652/130726,LibriSpeech_652,LibriSpeech_652,1,39.32605830978837,maximum_decision_score
3,2249,652-130726-0023,652/130726,LibriSpeech_652,LibriSpeech_652,1,39.3270460493643,maximum_decision_score
3,2250,652-130726-0024,652/130726,LibriSpeech_652,LibriSpeech_652,1,39.32621448402799,maximum_decision_score
1,2251,652-130726-0025,652/130726,LibriSpeech_652,LibriSpeech_652,1,39.326757078685645,maximum_decision_score
2,2252,652-130726-0026,652/130726,LibriSpeech_652,LibriSpeech_652,1,39.326292765723,maximum_decision_score
1,2253,652-130726-0027,652/130726,LibriSpeech_652,LibriSpeech_652,1,39.326315923535645,maximum_decision_score
4,2254,652-130726-0028,652/130726,LibriSpeech_652,LibriSpeech_652,1,39.32590241333429,maximum_decision_score
2,2255,652-130726-0029,652/130726,LibriSpeech_652,LibriSpeech_652,1,39.3266374766842,maximum_decision_score
1,2256,652-130726-0030,652/130726,LibriSpeech_652,LibriSpeech_652,1,39.32547576861032,maximum_decision_score
3,2257,652-130726-0031,652/130726,LibriSpeech_652,LibriSpeech_652,1,39.326400162091225,maximum_decision_score
2,2258,652-130726-0032,652/130726,LibriSpeech_652,LibriSpeech_652,1,39.32588825664936,maximum_decision_score
3,2259,652-130726-0033,652/130726,LibriSpeech_652,LibriSpeech_652,1,39.32636747709049,maximum_decision_score
2,2260,652-130726-0034,652/130726,LibriSpeech_652,LibriSpeech_652,1,39.32643430928743,maximum_decision_score
4,2261,652-130726-0035,652/130726,LibriSpeech_652,LibriSpeech_652,1,39.32592697889637,maximum_decision_score
1,2262,652-130737-0000,652/130737,LibriSpeech_652,LibriSpeech_652,1,39.326757576502736,maximum_decision_score
4,2263,652-130737-0001,652/130737,LibriSpeech_652,LibriSpeech_652,1,39.325079628701566,maximum_decision_score
4,2264,652-130737-0002,652/130737,LibriSpeech_652,LibriSpeech_652,1,39.326498348890574,maximum_decision_score
2,2265,652-130737-0003,652/130737,LibriSpeech_652,LibriSpeech_652,1,39.326181125034026,maximum_decision_score
2,2266,652-130737-0004,652/130737,LibriSpeech_652,LibriSpeech_652,1,39.32665333056046,maximum_decision_score
2,2267,652-130737-0005,652/130737,LibriSpeech_652,LibriSpeech_652,1,39.32569589751029,maximum_decision_score
4,2268,652-130737-0006,652/130737,LibriSpeech_652,LibriSpeech_652,1,39.32709621701506,maximum_decision_score
1,2269,652-130737-0007,652/130737,LibriSpeech_652,LibriSpeech_652,1,39.32641796973035,maximum_decision_score
5,2270,652-130737-0008,652/130737,LibriSpeech_652,LibriSpeech_652,1,39.326251489819526,maximum_decision_score
4,2271,652-130737-0009,652/130737,LibriSpeech_652,LibriSpeech_652,1,39.32598551650821,maximum_decision_score
3,2272,652-130737-0010,652/130737,LibriSpeech_652,LibriSpeech_652,1,39.32640779638303,maximum_decision_score
3,2273,652-130737-0011,652/130737,LibriSpeech_652,LibriSpeech_652,1,39.32640114473613,maximum_decision_score
5,2274,652-130737-0012,652/130737,LibriSpeech_652,LibriSpeech_652,1,39.32452153394287,maximum_decision_score
1,2275,652-130737-0013,652/130737,LibriSpeech_652,LibriSpeech_652,1,39.3245818554701,maximum_decision_score
4,2276,777-126732-0000,777/126732,LibriSpeech_777,LibriSpeech_6241,0,39.32568617280069,maximum_decision_score
4,2277,777-126732-0001,777/126732,LibriSpeech_777,LibriSpeech_777,1,39.32790916398372,maximum_decision_score
1,2278,777-126732-0002,777/126732,LibriSpeech_777,LibriSpeech_777,1,39.32742522659424,maximum_decision_score
5,2279,777-126732-0003,777/126732,LibriSpeech_777,LibriSpeech_777,1,39.32739446050507,maximum_decision_score
4,2280,777-126732-0004,777/126732,LibriSpeech_777,LibriSpeech_777,1,39.32780929891096,maximum_decision_score
1,2281,777-126732-0005,777/126732,LibriSpeech_777,LibriSpeech_777,1,39.32707036066522,maximum_decision_score
5,2282,777-126732-0006,777/126732,LibriSpeech_777,LibriSpeech_777,1,39.32555047856824,maximum_decision_score
1,2283,777-126732-0007,777/126732,LibriSpeech_777,LibriSpeech_777,1,39.326761386866885,maximum_decision_score
4,2284,777-126732-0008,777/126732,LibriSpeech_777,LibriSpeech_777,1,39.32668558081221,maximum_decision_score
1,2285,777-126732-0009,777/126732,LibriSpeech_777,LibriSpeech_777,1,39.3271057140184,maximum_decision_score
3,2286,777-126732-0010,777/126732,LibriSpeech_777,LibriSpeech_777,1,39.325274125693646,maximum_decision_score
4,2287,777-126732-0011,777/126732,LibriSpeech_777,LibriSpeech_777,1,39.327236003391754,maximum_decision_score
4,2288,777-126732-0012,777/126732,LibriSpeech_777,LibriSpeech_777,1,39.32718411380188,maximum_decision_score
4,2289,777-126732-0013,777/126732,LibriSpeech_777,LibriSpeech_777,1,39.3273375799052,maximum_decision_score
5,2290,777-126732-0014,777/126732,LibriSpeech_777,LibriSpeech_777,1,39.325170471659575,maximum_decision_score
3,2291,777-126732-0015,777/126732,LibriSpeech_777,LibriSpeech_777,1,39.32669725183612,maximum_decision_score
5,2292,777-126732-0016,777/126732,LibriSpeech_777,LibriSpeech_777,1,39.32680338182398,maximum_decision_score
4,2293,777-126732-0017,777/126732,LibriSpeech_777,LibriSpeech_8297,0,39.32564836558528,maximum_decision_score
5,2294,777-126732-0018,777/126732,LibriSpeech_777,LibriSpeech_777,1,39.32687369286612,maximum_decision_score
2,2295,777-126732-0019,777/126732,LibriSpeech_777,LibriSpeech_777,1,39.32648381234339,maximum_decision_score
3,2296,777-126732-0020,777/126732,LibriSpeech_777,LibriSpeech_777,1,39.325069528843486,maximum_decision_score
5,2297,777-126732-0021,777/126732,LibriSpeech_777,LibriSpeech_777,1,39.3274379473687,maximum_decision_score
2,2298,777-126732-0022,777/126732,LibriSpeech_777,LibriSpeech_777,1,39.326755809327935,maximum_decision_score
5,2299,777-126732-0023,777/126732,LibriSpeech_777,LibriSpeech_777,1,39.326869451821075,maximum_decision_score
4,2300,777-126732-0024,777/126732,LibriSpeech_777,LibriSpeech_777,1,39.32674954401684,maximum_decision_score
2,2301,777-126732-0025,777/126732,LibriSpeech_777,LibriSpeech_777,1,39.32715811019232,maximum_decision_score
3,2302,777-126732-0026,777/126732,LibriSpeech_777,LibriSpeech_777,1,39.32689731248202,maximum_decision_score
2,2303,777-126732-0027,777/126732,LibriSpeech_777,LibriSpeech_777,1,39.32738140483718,maximum_decision_score
4,2304,777-126732-0028,777/126732,LibriSpeech_777,LibriSpeech_777,1,39.326850484333676,maximum_decision_score
5,2305,777-126732-0029,777/126732,LibriSpeech_777,LibriSpeech_777,1,39.32674897488964,maximum_decision_score
1,2306,777-126732-0030,777/126732,LibriSpeech_777,LibriSpeech_777,1,39.32682795619016,maximum_decision_score
1,2307,777-126732-0031,777/126732,LibriSpeech_777,LibriSpeech_777,1,39.32722911744528,maximum_decision_score
3,2308,777-126732-0032,777/126732,LibriSpeech_777,LibriSpeech_777,1,39.326752007939746,maximum_decision_score
1,2309,777-126732-0033,777/126732,LibriSpeech_777,LibriSpeech_777,1,39.326527587709656,maximum_decision_score
4,2310,777-126732-0034,777/126732,LibriSpeech_777,LibriSpeech_777,1,39.32593040130936,maximum_decision_score
4,2311,777-126732-0035,777/126732,LibriSpeech_777,LibriSpeech_777,1,39.32699116238271,maximum_decision_score
1,2312,777-126732-0036,777/126732,LibriSpeech_777,LibriSpeech_777,1,39.32651308087929,maximum_decision_score
3,2313,777-126732-0037,777/126732,LibriSpeech_777,LibriSpeech_777,1,39.32706785899707,maximum_decision_score
5,2314,777-126732-0038,777/126732,LibriSpeech_777,LibriSpeech_777,1,39.32681218986772,maximum_decision_score
2,2315,777-126732-0039,777/126732,LibriSpeech_777,LibriSpeech_777,1,39.326904531618254,maximum_decision_score
3,2316,777-126732-0040,777/126732,LibriSpeech_777,LibriSpeech_777,1,39.32655548089245,maximum_decision_score
2,2317,777-126732-0041,777/126732,LibriSpeech_777,LibriSpeech_777,1,39.32690955349053,maximum_decision_score
2,2318,777-126732-0042,777/126732,LibriSpeech_777,LibriSpeech_777,1,39.32711144906623,maximum_decision_score
3,2319,777-126732-0043,777/126732,LibriSpeech_777,LibriSpeech_777,1,39.32727920369433,maximum_decision_score
1,2320,777-126732-0044,777/126732,LibriSpeech_777,LibriSpeech_777,1,39.32709053942551,maximum_decision_score
1,2321,777-126732-0045,777/126732,LibriSpeech_777,LibriSpeech_777,1,39.326978611367494,maximum_decision_score
4,2322,777-126732-0046,777/126732,LibriSpeech_777,LibriSpeech_777,1,39.32827744510181,maximum_decision_score
5,2323,777-126732-0047,777/126732,LibriSpeech_777,LibriSpeech_777,1,39.32616964659403,maximum_decision_score
3,2324,777-126732-0048,777/126732,LibriSpeech_777,LibriSpeech_777,1,39.32657724310003,maximum_decision_score
2,2325,777-126732-0049,777/126732,LibriSpeech_777,LibriSpeech_777,1,39.32608401265562,maximum_decision_score
5,2326,777-126732-0050,777/126732,LibriSpeech_777,LibriSpeech_777,1,39.32721545297301,maximum_decision_score
2,2327,777-126732-0051,777/126732,LibriSpeech_777,LibriSpeech_777,1,39.32700290799316,maximum_decision_score
2,2328,777-126732-0052,777/126732,LibriSpeech_777,LibriSpeech_777,1,39.32774484523763,maximum_decision_score
5,2329,777-126732-0053,777/126732,LibriSpeech_777,LibriSpeech_777,1,39.32732958529229,maximum_decision_score
5,2330,777-126732-0054,777/126732,LibriSpeech_777,LibriSpeech_777,1,39.325835973778275,maximum_decision_score
3,2331,777-126732-0055,777/126732,LibriSpeech_777,LibriSpeech_777,1,39.32616727214577,maximum_decision_score
5,2332,777-126732-0056,777/126732,LibriSpeech_777,LibriSpeech_777,1,39.32719338473974,maximum_decision_score
4,2333,777-126732-0057,777/126732,LibriSpeech_777,LibriSpeech_777,1,39.327073536712575,maximum_decision_score
2,2334,777-126732-0058,777/126732,LibriSpeech_777,LibriSpeech_777,1,39.32680659267332,maximum_decision_score
3,2335,777-126732-0059,777/126732,LibriSpeech_777,LibriSpeech_777,1,39.32775418656296,maximum_decision_score
1,2336,777-126732-0060,777/126732,LibriSpeech_777,LibriSpeech_777,1,39.32720637462134,maximum_decision_score
3,2337,777-126732-0061,777/126732,LibriSpeech_777,LibriSpeech_777,1,39.32713098489407,maximum_decision_score
2,2338,777-126732-0062,777/126732,LibriSpeech_777,LibriSpeech_777,1,39.327347875631936,maximum_decision_score
3,2339,777-126732-0063,777/126732,LibriSpeech_777,LibriSpeech_777,1,39.32735460454144,maximum_decision_score
2,2340,777-126732-0064,777/126732,LibriSpeech_777,LibriSpeech_777,1,39.3270872771055,maximum_decision_score
1,2341,777-126732-0065,777/126732,LibriSpeech_777,LibriSpeech_777,1,39.32603557067594,maximum_decision_score
4,2342,777-126732-0066,777/126732,LibriSpeech_777,LibriSpeech_777,1,39.32624124260088,maximum_decision_score
3,2343,777-126732-0067,777/126732,LibriSpeech_777,LibriSpeech_777,1,39.327114119978056,maximum_decision_score
5,2344,777-126732-0068,777/126732,LibriSpeech_777,LibriSpeech_777,1,39.325592920329804,maximum_decision_score
1,2345,777-126732-0069,777/126732,LibriSpeech_777,LibriSpeech_777,1,39.32604745344003,maximum_decision_score
4,2346,777-126732-0070,777/126732,LibriSpeech_777,LibriSpeech_777,1,39.32629263013995,maximum_decision_score
3,2347,777-126732-0071,777/126732,LibriSpeech_777,LibriSpeech_777,1,39.326553299576446,maximum_decision_score
2,2348,777-126732-0072,777/126732,LibriSpeech_777,LibriSpeech_777,1,39.32524429301021,maximum_decision_score
1,2349,777-126732-0073,777/126732,LibriSpeech_777,LibriSpeech_8297,0,39.32436189213843,maximum_decision_score
1,2350,777-126732-0074,777/126732,LibriSpeech_777,LibriSpeech_777,1,39.32722939584278,maximum_decision_score
5,2351,777-126732-0075,777/126732,LibriSpeech_777,LibriSpeech_777,1,39.32712573292441,maximum_decision_score
1,2352,777-126732-0076,777/126732,LibriSpeech_777,LibriSpeech_777,1,39.32714457147979,maximum_decision_score
2,2353,777-126732-0077,777/126732,LibriSpeech_777,LibriSpeech_777,1,39.32676605415355,maximum_decision_score
1,2354,777-126732-0078,777/126732,LibriSpeech_777,LibriSpeech_777,1,39.32733213770472,maximum_decision_score
5,2355,777-126732-0079,777/126732,LibriSpeech_777,LibriSpeech_777,1,39.32684015476158,maximum_decision_score
2,2356,777-126732-0080,777/126732,LibriSpeech_777,LibriSpeech_777,1,39.32725805089232,maximum_decision_score
3,2357,777-126732-0081,777/126732,LibriSpeech_777,LibriSpeech_777,1,39.32607541234375,maximum_decision_score
2,2358,7850-111771-0000,7850/111771,LibriSpeech_7850,LibriSpeech_7850,1,39.326426795348134,maximum_decision_score
5,2359,7850-111771-0001,7850/111771,LibriSpeech_7850,LibriSpeech_7850,1,39.32573495005158,maximum_decision_score
1,2360,7850-111771-0002,7850/111771,LibriSpeech_7850,LibriSpeech_7850,1,39.32705582586274,maximum_decision_score
4,2361,7850-111771-0003,7850/111771,LibriSpeech_7850,LibriSpeech_7850,1,39.32606813355174,maximum_decision_score
4,2362,7850-111771-0004,7850/111771,LibriSpeech_7850,LibriSpeech_7850,1,39.326689086373676,maximum_decision_score
5,2363,7850-111771-0005,7850/111771,LibriSpeech_7850,LibriSpeech_7850,1,39.32649279905819,maximum_decision_score
3,2364,7850-111771-0006,7850/111771,LibriSpeech_7850,LibriSpeech_7850,1,39.326742711251,maximum_decision_score
4,2365,7850-111771-0007,7850/111771,LibriSpeech_7850,LibriSpeech_7850,1,39.32629087907383,maximum_decision_score
4,2366,7850-111771-0008,7850/111771,LibriSpeech_7850,LibriSpeech_7850,1,39.32638691379546,maximum_decision_score
4,2367,7850-111771-0009,7850/111771,LibriSpeech_7850,LibriSpeech_7850,1,39.32680024355835,maximum_decision_score
3,2368,7850-281318-0000,7850/281318,LibriSpeech_7850,LibriSpeech_7850,1,39.32643251624106,maximum_decision_score
5,2369,7850-281318-0001,7850/281318,LibriSpeech_7850,LibriSpeech_7850,1,39.32618667666126,maximum_decision_score
1,2370,7850-281318-0002,7850/281318,LibriSpeech_7850,LibriSpeech_7850,1,39.32688182377853,maximum_decision_score
3,2371,7850-281318-0003,7850/281318,LibriSpeech_7850,LibriSpeech_7850,1,39.32704369654561,maximum_decision_score
1,2372,7850-281318-0004,7850/281318,LibriSpeech_7850,LibriSpeech_7850,1,39.3271890717392,maximum_decision_score
1,2373,7850-281318-0005,7850/281318,LibriSpeech_7850,LibriSpeech_5895,0,39.326342186308445,maximum_decision_score
2,2374,7850-281318-0006,7850/281318,LibriSpeech_7850,LibriSpeech_7850,1,39.326641549709755,maximum_decision_score
2,2375,7850-281318-0007,7850/281318,LibriSpeech_7850,LibriSpeech_7850,1,39.32660696221334,maximum_decision_score
5,2376,7850-281318-0008,7850/281318,LibriSpeech_7850,LibriSpeech_7850,1,39.3271186038672,maximum_decision_score
5,2377,7850-281318-0009,7850/281318,LibriSpeech_7850,LibriSpeech_7850,1,39.326526297256024,maximum_decision_score
2,2378,7850-281318-0010,7850/281318,LibriSpeech_7850,LibriSpeech_7850,1,39.32701803236153,maximum_decision_score
3,2379,7850-281318-0011,7850/281318,LibriSpeech_7850,LibriSpeech_7850,1,39.326747136400364,maximum_decision_score
3,2380,7850-281318-0012,7850/281318,LibriSpeech_7850,LibriSpeech_7850,1,39.32688708539064,maximum_decision_score
2,2381,7850-281318-0013,7850/281318,LibriSpeech_7850,LibriSpeech_7850,1,39.32690362069003,maximum_decision_score
1,2382,7850-281318-0014,7850/281318,LibriSpeech_7850,LibriSpeech_7850,1,39.32734394041473,maximum_decision_score
5,2383,7850-281318-0015,7850/281318,LibriSpeech_7850,LibriSpeech_7850,1,39.32561522069993,maximum_decision_score
3,2384,7850-281318-0016,7850/281318,LibriSpeech_7850,LibriSpeech_7850,1,39.32713016176221,maximum_decision_score
2,2385,7850-281318-0017,7850/281318,LibriSpeech_7850,LibriSpeech_7850,1,39.3269470447323,maximum_decision_score
5,2386,7850-281318-0018,7850/281318,LibriSpeech_7850,LibriSpeech_7850,1,39.327292949467456,maximum_decision_score
4,2387,7850-281318-0019,7850/281318,LibriSpeech_7850,LibriSpeech_7850,1,39.32631607386758,maximum_decision_score
1,2388,7850-281318-0020,7850/281318,LibriSpeech_7850,LibriSpeech_7850,1,39.325495049586834,maximum_decision_score
5,2389,7850-281318-0021,7850/281318,LibriSpeech_7850,LibriSpeech_7850,1,39.32684578689982,maximum_decision_score
1,2390,7850-281318-0022,7850/281318,LibriSpeech_7850,LibriSpeech_7850,1,39.32639169723979,maximum_decision_score
1,2391,7850-281318-0023,7850/281318,LibriSpeech_7850,LibriSpeech_7850,1,39.32699561832486,maximum_decision_score
2,2392,7850-286674-0000,7850/286674,LibriSpeech_7850,LibriSpeech_7850,1,39.32728629472667,maximum_decision_score
2,2393,7850-286674-0001,7850/286674,LibriSpeech_7850,LibriSpeech_3853,0,38.322766080029346,maximum_decision_score
3,2394,7850-286674-0002,7850/286674,LibriSpeech_7850,LibriSpeech_7850,1,39.32658572926466,maximum_decision_score
2,2395,7850-286674-0003,7850/286674,LibriSpeech_7850,LibriSpeech_7850,1,39.32674418764492,maximum_decision_score
4,2396,7850-286674-0004,7850/286674,LibriSpeech_7850,LibriSpeech_7850,1,39.32750845013428,maximum_decision_score
1,2397,7850-286674-0005,7850/286674,LibriSpeech_7850,LibriSpeech_7850,1,39.32749108432945,maximum_decision_score
5,2398,7850-286674-0006,7850/286674,LibriSpeech_7850,LibriSpeech_7850,1,39.3269798551259,maximum_decision_score
5,2399,7850-286674-0007,7850/286674,LibriSpeech_7850,LibriSpeech_7850,1,39.327674863674105,maximum_decision_score
3,2400,7850-286674-0008,7850/286674,LibriSpeech_7850,LibriSpeech_7850,1,39.32759045632654,maximum_decision_score
3,2401,7850-286674-0009,7850/286674,LibriSpeech_7850,LibriSpeech_7850,1,39.326584209967415,maximum_decision_score
5,2402,7850-286674-0010,7850/286674,LibriSpeech_7850,LibriSpeech_7850,1,39.32687321710572,maximum_decision_score
2,2403,7850-286674-0011,7850/286674,LibriSpeech_7850,LibriSpeech_7850,1,39.327033926729655,maximum_decision_score
5,2404,7850-286674-0012,7850/286674,LibriSpeech_7850,LibriSpeech_7850,1,39.32680056649857,maximum_decision_score
5,2405,7850-286674-0013,7850/286674,LibriSpeech_7850,LibriSpeech_7850,1,39.326835132514816,maximum_decision_score
5,2406,7850-286674-0014,7850/286674,LibriSpeech_7850,LibriSpeech_7850,1,39.32689656335497,maximum_decision_score
2,2407,7850-286674-0015,7850/286674,LibriSpeech_7850,LibriSpeech_7850,1,39.326987500981964,maximum_decision_score
4,2408,7850-286674-0016,7850/286674,LibriSpeech_7850,LibriSpeech_7850,1,39.327070260495255,maximum_decision_score
1,2409,7850-286674-0017,7850/286674,LibriSpeech_7850,LibriSpeech_7850,1,39.32685779744969,maximum_decision_score
3,2410,7850-73752-0000,7850/73752,LibriSpeech_7850,LibriSpeech_7850,1,39.32694298573804,maximum_decision_score
3,2411,7850-73752-0001,7850/73752,LibriSpeech_7850,LibriSpeech_7850,1,39.327056470048326,maximum_decision_score
1,2412,7850-73752-0002,7850/73752,LibriSpeech_7850,LibriSpeech_7850,1,39.32748502508899,maximum_decision_score
4,2413,7850-73752-0003,7850/73752,LibriSpeech_7850,LibriSpeech_7850,1,39.32669539863328,maximum_decision_score
4,2414,7850-73752-0004,7850/73752,LibriSpeech_7850,LibriSpeech_7850,1,39.32606317190943,maximum_decision_score
1,2415,7850-73752-0005,7850/73752,LibriSpeech_7850,LibriSpeech_7850,1,39.32646810341099,maximum_decision_score
1,2416,7850-73752-0006,7850/73752,LibriSpeech_7850,LibriSpeech_7850,1,39.32665975422467,maximum_decision_score
4,2417,7850-73752-0007,7850/73752,LibriSpeech_7850,LibriSpeech_7850,1,39.32598535515736,maximum_decision_score
1,2418,7850-73752-0008,7850/73752,LibriSpeech_7850,LibriSpeech_7850,1,39.32630859466288,maximum_decision_score
1,2419,7850-73752-0009,7850/73752,LibriSpeech_7850,LibriSpeech_7850,1,39.32640388974419,maximum_decision_score
4,2420,7850-73752-0010,7850/73752,LibriSpeech_7850,LibriSpeech_7850,1,39.32686804417778,maximum_decision_score
2,2421,7850-73752-0011,7850/73752,LibriSpeech_7850,LibriSpeech_7850,1,39.326600318783846,maximum_decision_score
2,2422,7850-73752-0012,7850/73752,LibriSpeech_7850,LibriSpeech_7850,1,39.32705092437589,maximum_decision_score
3,2423,7850-73752-0013,7850/73752,LibriSpeech_7850,LibriSpeech_7850,1,39.324805834868165,maximum_decision_score
3,2424,7850-73752-0014,7850/73752,LibriSpeech_7850,LibriSpeech_5338,0,39.320444462251245,maximum_decision_score
4,2425,7850-73752-0015,7850/73752,LibriSpeech_7850,LibriSpeech_7850,1,39.32593269313124,maximum_decision_score
2,2426,7850-73752-0016,7850/73752,LibriSpeech_7850,LibriSpeech_7850,1,39.32587234305856,maximum_decision_score
3,2427,7850-73752-0017,7850/73752,LibriSpeech_7850,LibriSpeech_7850,1,39.32585513568673,maximum_decision_score
4,2428,7850-73752-0018,7850/73752,LibriSpeech_7850,LibriSpeech_7850,1,39.32644989029094,maximum_decision_score
2,2429,7850-73752-0019,7850/73752,LibriSpeech_7850,LibriSpeech_7850,1,39.32491449205338,maximum_decision_score
5,2430,7976-105575-0000,7976/105575,LibriSpeech_7976,LibriSpeech_7976,1,39.327326470555874,maximum_decision_score
5,2431,7976-105575-0001,7976/105575,LibriSpeech_7976,LibriSpeech_7976,1,39.32678832111386,maximum_decision_score
2,2432,7976-105575-0002,7976/105575,LibriSpeech_7976,LibriSpeech_7976,1,39.32703577417475,maximum_decision_score
1,2433,7976-105575-0003,7976/105575,LibriSpeech_7976,LibriSpeech_7976,1,39.326828067257345,maximum_decision_score
5,2434,7976-105575-0004,7976/105575,LibriSpeech_7976,LibriSpeech_7976,1,39.326692567293215,maximum_decision_score
2,2435,7976-105575-0005,7976/105575,LibriSpeech_7976,LibriSpeech_7976,1,39.32715422829066,maximum_decision_score
3,2436,7976-105575-0006,7976/105575,LibriSpeech_7976,LibriSpeech_7976,1,39.326973000705735,maximum_decision_score
1,2437,7976-105575-0007,7976/105575,LibriSpeech_7976,LibriSpeech_7976,1,39.32627290214146,maximum_decision_score
4,2438,7976-105575-0008,7976/105575,LibriSpeech_7976,LibriSpeech_7976,1,39.32704457337536,maximum_decision_score
2,2439,7976-105575-0009,7976/105575,LibriSpeech_7976,LibriSpeech_7976,1,39.32577933594226,maximum_decision_score
1,2440,7976-105575-0010,7976/105575,LibriSpeech_7976,LibriSpeech_7976,1,39.326904255995174,maximum_decision_score
2,2441,7976-105575-0011,7976/105575,LibriSpeech_7976,LibriSpeech_7976,1,39.32714704365704,maximum_decision_score
4,2442,7976-105575-0012,7976/105575,LibriSpeech_7976,LibriSpeech_7976,1,39.3269924012968,maximum_decision_score
4,2443,7976-105575-0013,7976/105575,LibriSpeech_7976,LibriSpeech_7976,1,39.326721512716986,maximum_decision_score
2,2444,7976-105575-0014,7976/105575,LibriSpeech_7976,LibriSpeech_7976,1,39.326582681044925,maximum_decision_score
3,2445,7976-105575-0015,7976/105575,LibriSpeech_7976,LibriSpeech_7976,1,39.32663132094676,maximum_decision_score
1,2446,7976-105575-0016,7976/105575,LibriSpeech_7976,LibriSpeech_7976,1,39.32570197982335,maximum_decision_score
1,2447,7976-105575-0017,7976/105575,LibriSpeech_7976,LibriSpeech_7976,1,39.32702928017308,maximum_decision_score
4,2448,7976-105575-0018,7976/105575,LibriSpeech_7976,LibriSpeech_7976,1,39.3270661810708,maximum_decision_score
2,2449,7976-105575-0019,7976/105575,LibriSpeech_7976,LibriSpeech_7976,1,39.32703500703116,maximum_decision_score
4,2450,7976-105575-0020,7976/105575,LibriSpeech_7976,LibriSpeech_7976,1,39.32658252599482,maximum_decision_score
4,2451,7976-105575-0021,7976/105575,LibriSpeech_7976,LibriSpeech_7976,1,39.32714855261214,maximum_decision_score
4,2452,7976-105575-0022,7976/105575,LibriSpeech_7976,LibriSpeech_7976,1,39.32589575365799,maximum_decision_score
5,2453,7976-105575-0023,7976/105575,LibriSpeech_7976,LibriSpeech_7976,1,39.32664409483822,maximum_decision_score
1,2454,7976-105575-0024,7976/105575,LibriSpeech_7976,LibriSpeech_7976,1,39.32663876555887,maximum_decision_score
1,2455,7976-105575-0025,7976/105575,LibriSpeech_7976,LibriSpeech_7976,1,39.32668137494051,maximum_decision_score
2,2456,7976-105575-0026,7976/105575,LibriSpeech_7976,LibriSpeech_7976,1,39.326637749092924,maximum_decision_score
3,2457,7976-105575-0027,7976/105575,LibriSpeech_7976,LibriSpeech_7976,1,39.32571336359363,maximum_decision_score
5,2458,7976-105575-0028,7976/105575,LibriSpeech_7976,LibriSpeech_7976,1,39.32682171963281,maximum_decision_score
2,2459,7976-105575-0029,7976/105575,LibriSpeech_7976,LibriSpeech_7976,1,39.326503213079626,maximum_decision_score
2,2460,7976-110124-0000,7976/110124,LibriSpeech_7976,LibriSpeech_7976,1,39.32626048119538,maximum_decision_score
1,2461,7976-110124-0001,7976/110124,LibriSpeech_7976,LibriSpeech_7976,1,39.32629334300954,maximum_decision_score
4,2462,7976-110124-0002,7976/110124,LibriSpeech_7976,LibriSpeech_7976,1,39.32688110335032,maximum_decision_score
5,2463,7976-110124-0003,7976/110124,LibriSpeech_7976,LibriSpeech_7976,1,39.32663261793101,maximum_decision_score
3,2464,7976-110124-0004,7976/110124,LibriSpeech_7976,LibriSpeech_7976,1,39.326931787536964,maximum_decision_score
2,2465,7976-110124-0005,7976/110124,LibriSpeech_7976,LibriSpeech_7976,1,39.325984313275846,maximum_decision_score
2,2466,7976-110124-0006,7976/110124,LibriSpeech_7976,LibriSpeech_7976,1,39.32638382203469,maximum_decision_score
1,2467,7976-110124-0007,7976/110124,LibriSpeech_7976,LibriSpeech_7976,1,39.326913141769076,maximum_decision_score
5,2468,7976-110124-0008,7976/110124,LibriSpeech_7976,LibriSpeech_7976,1,39.32682289271238,maximum_decision_score
5,2469,7976-110124-0009,7976/110124,LibriSpeech_7976,LibriSpeech_7976,1,39.32723316247537,maximum_decision_score
1,2470,7976-110124-0010,7976/110124,LibriSpeech_7976,LibriSpeech_7976,1,39.32646015913389,maximum_decision_score
2,2471,7976-110124-0011,7976/110124,LibriSpeech_7976,LibriSpeech_7976,1,39.32682156321561,maximum_decision_score
5,2472,7976-110124-0012,7976/110124,LibriSpeech_7976,LibriSpeech_7976,1,39.326738094094964,maximum_decision_score
5,2473,7976-110124-0013,7976/110124,LibriSpeech_7976,LibriSpeech_7976,1,39.32633654035975,maximum_decision_score
1,2474,7976-110124-0014,7976/110124,LibriSpeech_7976,LibriSpeech_7976,1,39.326216404384766,maximum_decision_score
4,2475,7976-110124-0015,7976/110124,LibriSpeech_7976,LibriSpeech_7976,1,39.326729960386416,maximum_decision_score
3,2476,7976-110124-0016,7976/110124,LibriSpeech_7976,LibriSpeech_7976,1,39.326104105125644,maximum_decision_score
5,2477,7976-110124-0017,7976/110124,LibriSpeech_7976,LibriSpeech_7976,1,39.32660940227728,maximum_decision_score
3,2478,7976-110124-0018,7976/110124,LibriSpeech_7976,LibriSpeech_7976,1,39.32603517280674,maximum_decision_score
3,2479,7976-110124-0019,7976/110124,LibriSpeech_7976,LibriSpeech_7976,1,39.32626838989229,maximum_decision_score
3,2480,7976-110124-0020,7976/110124,LibriSpeech_7976,LibriSpeech_7976,1,39.32640943565566,maximum_decision_score
3,2481,7976-110124-0021,7976/110124,LibriSpeech_7976,LibriSpeech_7976,1,39.326854118406004,maximum_decision_score
3,2482,7976-110124-0022,7976/110124,LibriSpeech_7976,LibriSpeech_7976,1,39.325114664477674,maximum_decision_score
3,2483,7976-110124-0023,7976/110124,LibriSpeech_7976,LibriSpeech_6313,0,39.32453943628329,maximum_decision_score
1,2484,7976-110124-0024,7976/110124,LibriSpeech_7976,LibriSpeech_7976,1,39.32689183334954,maximum_decision_score
3,2485,7976-110124-0025,7976/110124,LibriSpeech_7976,LibriSpeech_7976,1,39.327777557462525,maximum_decision_score
4,2486,7976-110523-0000,7976/110523,LibriSpeech_7976,LibriSpeech_7976,1,39.326562708745534,maximum_decision_score
5,2487,7976-110523-0001,7976/110523,LibriSpeech_7976,LibriSpeech_7976,1,39.326878021094096,maximum_decision_score
4,2488,7976-110523-0002,7976/110523,LibriSpeech_7976,LibriSpeech_7976,1,39.32628933434515,maximum_decision_score
4,2489,7976-110523-0003,7976/110523,LibriSpeech_7976,LibriSpeech_7976,1,39.3264212792588,maximum_decision_score
4,2490,7976-110523-0004,7976/110523,LibriSpeech_7976,LibriSpeech_7976,1,39.32594032182948,maximum_decision_score
4,2491,7976-110523-0005,7976/110523,LibriSpeech_7976,LibriSpeech_7976,1,39.326673638756866,maximum_decision_score
1,2492,7976-110523-0006,7976/110523,LibriSpeech_7976,LibriSpeech_7976,1,39.32662345107785,maximum_decision_score
1,2493,7976-110523-0007,7976/110523,LibriSpeech_7976,LibriSpeech_7976,1,39.32621175348921,maximum_decision_score
2,2494,7976-110523-0008,7976/110523,LibriSpeech_7976,LibriSpeech_7976,1,39.325847056982916,maximum_decision_score
1,2495,7976-110523-0009,7976/110523,LibriSpeech_7976,LibriSpeech_7976,1,39.32594547487394,maximum_decision_score
3,2496,7976-110523-0010,7976/110523,LibriSpeech_7976,LibriSpeech_7976,1,39.32603914394176,maximum_decision_score
3,2497,7976-110523-0011,7976/110523,LibriSpeech_7976,LibriSpeech_7976,1,39.32606590725294,maximum_decision_score
5,2498,7976-110523-0012,7976/110523,LibriSpeech_7976,LibriSpeech_7976,1,39.32509965098363,maximum_decision_score
3,2499,7976-110523-0013,7976/110523,LibriSpeech_7976,LibriSpeech_7976,1,39.326596269601026,maximum_decision_score
4,2500,7976-110523-0014,7976/110523,LibriSpeech_7976,LibriSpeech_7976,1,39.32633034414227,maximum_decision_score
2,2501,7976-110523-0015,7976/110523,LibriSpeech_7976,LibriSpeech_7976,1,39.3262600700294,maximum_decision_score
4,2502,7976-110523-0016,7976/110523,LibriSpeech_7976,LibriSpeech_7976,1,39.32604248498295,maximum_decision_score
5,2503,7976-110523-0017,7976/110523,LibriSpeech_7976,LibriSpeech_7976,1,39.32512231314119,maximum_decision_score
3,2504,7976-110523-0018,7976/110523,LibriSpeech_7976,LibriSpeech_5895,0,39.32447205243879,maximum_decision_score
2,2505,7976-110523-0019,7976/110523,LibriSpeech_7976,LibriSpeech_7976,1,39.32602689791942,maximum_decision_score
2,2506,7976-110523-0020,7976/110523,LibriSpeech_7976,LibriSpeech_7976,1,39.326019284381914,maximum_decision_score
5,2507,7976-110523-0021,7976/110523,LibriSpeech_7976,LibriSpeech_7976,1,39.32635483597872,maximum_decision_score
5,2508,8297-275154-0000,8297/275154,LibriSpeech_8297,LibriSpeech_8297,1,39.32661210485655,maximum_decision_score
4,2509,8297-275154-0001,8297/275154,LibriSpeech_8297,LibriSpeech_8297,1,39.32703886039863,maximum_decision_score
2,2510,8297-275154-0002,8297/275154,LibriSpeech_8297,LibriSpeech_8297,1,39.3262491255464,maximum_decision_score
5,2511,8297-275154-0003,8297/275154,LibriSpeech_8297,LibriSpeech_8297,1,39.3271803823959,maximum_decision_score
5,2512,8297-275154-0004,8297/275154,LibriSpeech_8297,LibriSpeech_8297,1,39.32719570522957,maximum_decision_score
4,2513,8297-275154-0005,8297/275154,LibriSpeech_8297,LibriSpeech_8297,1,39.32635841782334,maximum_decision_score
2,2514,8297-275154-0006,8297/275154,LibriSpeech_8297,LibriSpeech_8297,1,39.32623411719324,maximum_decision_score
3,2515,8297-275154-0007,8297/275154,LibriSpeech_8297,LibriSpeech_8297,1,39.32559201753149,maximum_decision_score
3,2516,8297-275154-0008,8297/275154,LibriSpeech_8297,LibriSpeech_8297,1,39.3270949369929,maximum_decision_score
4,2517,8297-275154-0009,8297/275154,LibriSpeech_8297,LibriSpeech_8297,1,39.32584249051997,maximum_decision_score
1,2518,8297-275154-0010,8297/275154,LibriSpeech_8297,LibriSpeech_8297,1,39.32631277186179,maximum_decision_score
3,2519,8297-275154-0011,8297/275154,LibriSpeech_8297,LibriSpeech_8297,1,39.32699019772966,maximum_decision_score
3,2520,8297-275154-0012,8297/275154,LibriSpeech_8297,LibriSpeech_8297,1,39.32643144809238,maximum_decision_score
5,2521,8297-275154-0013,8297/275154,LibriSpeech_8297,LibriSpeech_8297,1,39.326654692645604,maximum_decision_score
5,2522,8297-275154-0014,8297/275154,LibriSpeech_8297,LibriSpeech_8297,1,39.327054503538164,maximum_decision_score
4,2523,8297-275154-0015,8297/275154,LibriSpeech_8297,LibriSpeech_8297,1,39.32635950303705,maximum_decision_score
4,2524,8297-275154-0016,8297/275154,LibriSpeech_8297,LibriSpeech_8297,1,39.32659511402198,maximum_decision_score
4,2525,8297-275154-0017,8297/275154,LibriSpeech_8297,LibriSpeech_8297,1,39.32586037051296,maximum_decision_score
3,2526,8297-275154-0018,8297/275154,LibriSpeech_8297,LibriSpeech_8297,1,39.32387969817565,maximum_decision_score
5,2527,8297-275154-0019,8297/275154,LibriSpeech_8297,LibriSpeech_8297,1,39.326888966137105,maximum_decision_score
5,2528,8297-275154-0020,8297/275154,LibriSpeech_8297,LibriSpeech_8297,1,39.32554410185942,maximum_decision_score
1,2529,8297-275154-0021,8297/275154,LibriSpeech_8297,LibriSpeech_8297,1,39.32609229936441,maximum_decision_score
3,2530,8297-275154-0022,8297/275154,LibriSpeech_8297,LibriSpeech_3752,0,39.326288790731184,maximum_decision_score
3,2531,8297-275154-0023,8297/275154,LibriSpeech_8297,LibriSpeech_8297,1,39.3263169098713,maximum_decision_score
4,2532,8297-275154-0024,8297/275154,LibriSpeech_8297,LibriSpeech_8297,1,39.32626812356303,maximum_decision_score
2,2533,8297-275154-0025,8297/275154,LibriSpeech_8297,LibriSpeech_8297,1,39.32641191269288,maximum_decision_score
1,2534,8297-275154-0026,8297/275154,LibriSpeech_8297,LibriSpeech_8297,1,39.32674666636961,maximum_decision_score
4,2535,8297-275154-0027,8297/275154,LibriSpeech_8297,LibriSpeech_8297,1,39.326713041848954,maximum_decision_score
1,2536,8297-275155-0000,8297/275155,LibriSpeech_8297,LibriSpeech_8297,1,39.326904055370576,maximum_decision_score
4,2537,8297-275155-0001,8297/275155,LibriSpeech_8297,LibriSpeech_8297,1,39.32657962643189,maximum_decision_score
3,2538,8297-275155-0002,8297/275155,LibriSpeech_8297,LibriSpeech_8297,1,39.32639615335379,maximum_decision_score
3,2539,8297-275155-0003,8297/275155,LibriSpeech_8297,LibriSpeech_8297,1,39.32681712389642,maximum_decision_score
1,2540,8297-275155-0004,8297/275155,LibriSpeech_8297,LibriSpeech_8297,1,39.32651482793842,maximum_decision_score
2,2541,8297-275155-0005,8297/275155,LibriSpeech_8297,LibriSpeech_8297,1,39.32682233614784,maximum_decision_score
3,2542,8297-275155-0006,8297/275155,LibriSpeech_8297,LibriSpeech_8297,1,39.32617964690602,maximum_decision_score
1,2543,8297-275155-0007,8297/275155,LibriSpeech_8297,LibriSpeech_8297,1,39.3260380565355,maximum_decision_score
2,2544,8297-275155-0008,8297/275155,LibriSpeech_8297,LibriSpeech_8297,1,39.32616514404399,maximum_decision_score
1,2545,8297-275155-0009,8297/275155,LibriSpeech_8297,LibriSpeech_8297,1,39.32632796714649,maximum_decision_score
5,2546,8297-275155-0010,8297/275155,LibriSpeech_8297,LibriSpeech_8297,1,39.32627189499771,maximum_decision_score
5,2547,8297-275155-0011,8297/275155,LibriSpeech_8297,LibriSpeech_8297,1,39.32631766471725,maximum_decision_score
1,2548,8297-275155-0012,8297/275155,LibriSpeech_8297,LibriSpeech_8297,1,39.32629784767252,maximum_decision_score
2,2549,8297-275155-0013,8297/275155,LibriSpeech_8297,LibriSpeech_8297,1,39.32671675277386,maximum_decision_score
5,2550,8297-275155-0014,8297/275155,LibriSpeech_8297,LibriSpeech_8297,1,39.32653505217526,maximum_decision_score
4,2551,8297-275155-0015,8297/275155,LibriSpeech_8297,LibriSpeech_8297,1,39.32659842956714,maximum_decision_score
5,2552,8297-275155-0016,8297/275155,LibriSpeech_8297,LibriSpeech_8297,1,39.32649742924385,maximum_decision_score
5,2553,8297-275155-0017,8297/275155,LibriSpeech_8297,LibriSpeech_8297,1,39.32575581330941,maximum_decision_score
2,2554,8297-275155-0018,8297/275155,LibriSpeech_8297,LibriSpeech_8297,1,39.326784369691104,maximum_decision_score
1,2555,8297-275155-0019,8297/275155,LibriSpeech_8297,LibriSpeech_8297,1,39.3271042855369,maximum_decision_score
1,2556,8297-275155-0020,8297/275155,LibriSpeech_8297,LibriSpeech_8297,1,39.32633829828706,maximum_decision_score
2,2557,8297-275155-0021,8297/275155,LibriSpeech_8297,LibriSpeech_777,0,39.32386517719284,maximum_decision_score
2,2558,8297-275155-0022,8297/275155,LibriSpeech_8297,LibriSpeech_8297,1,39.325664771672805,maximum_decision_score
2,2559,8297-275155-0023,8297/275155,LibriSpeech_8297,LibriSpeech_8297,1,39.32709737897097,maximum_decision_score
2,2560,8297-275155-0024,8297/275155,LibriSpeech_8297,LibriSpeech_8297,1,39.326849940051105,maximum_decision_score
4,2561,8297-275155-0025,8297/275155,LibriSpeech_8297,LibriSpeech_8297,1,39.32706891732006,maximum_decision_score
1,2562,8297-275155-0026,8297/275155,LibriSpeech_8297,LibriSpeech_8297,1,39.327165710236216,maximum_decision_score
2,2563,8297-275155-0027,8297/275155,LibriSpeech_8297,LibriSpeech_8297,1,39.32680282931618,maximum_decision_score
2,2564,8297-275155-0028,8297/275155,LibriSpeech_8297,LibriSpeech_8297,1,39.3255879176808,maximum_decision_score
5,2565,8297-275155-0029,8297/275155,LibriSpeech_8297,LibriSpeech_8297,1,39.326095942464704,maximum_decision_score
1,2566,8297-275155-0030,8297/275155,LibriSpeech_8297,LibriSpeech_8297,1,39.32704114675555,maximum_decision_score
3,2567,8297-275155-0031,8297/275155,LibriSpeech_8297,LibriSpeech_8297,1,39.327336753238626,maximum_decision_score
4,2568,8297-275155-0032,8297/275155,LibriSpeech_8297,LibriSpeech_8297,1,39.326301248206455,maximum_decision_score
3,2569,8297-275156-0000,8297/275156,LibriSpeech_8297,LibriSpeech_8297,1,39.32562896998966,maximum_decision_score
3,2570,8297-275156-0001,8297/275156,LibriSpeech_8297,LibriSpeech_8297,1,39.32685187142198,maximum_decision_score
3,2571,8297-275156-0002,8297/275156,LibriSpeech_8297,LibriSpeech_8297,1,39.326284666718266,maximum_decision_score
4,2572,8297-275156-0003,8297/275156,LibriSpeech_8297,LibriSpeech_8297,1,39.326540986265215,maximum_decision_score
1,2573,8297-275156-0004,8297/275156,LibriSpeech_8297,LibriSpeech_8297,1,39.32680320610538,maximum_decision_score
2,2574,8297-275156-0005,8297/275156,LibriSpeech_8297,LibriSpeech_8297,1,39.32636574269071,maximum_decision_score
4,2575,8297-275156-0006,8297/275156,LibriSpeech_8297,LibriSpeech_8297,1,39.327060436291816,maximum_decision_score
5,2576,8297-275156-0007,8297/275156,LibriSpeech_8297,LibriSpeech_8297,1,39.32685348037763,maximum_decision_score
4,2577,8297-275156-0008,8297/275156,LibriSpeech_8297,LibriSpeech_8297,1,39.32680255507629,maximum_decision_score
2,2578,8297-275156-0009,8297/275156,LibriSpeech_8297,LibriSpeech_8297,1,39.32630684120597,maximum_decision_score
5,2579,8297-275156-0010,8297/275156,LibriSpeech_8297,LibriSpeech_8297,1,39.32660656438846,maximum_decision_score
1,2580,8297-275156-0011,8297/275156,LibriSpeech_8297,LibriSpeech_8297,1,39.32602954535031,maximum_decision_score
3,2581,8297-275156-0012,8297/275156,LibriSpeech_8297,LibriSpeech_8297,1,39.32660146464588,maximum_decision_score
1,2582,8297-275156-0013,8297/275156,LibriSpeech_8297,LibriSpeech_8297,1,39.32675832294678,maximum_decision_score
3,2583,84-121123-0000,84/121123,LibriSpeech_84,LibriSpeech_6313,0,39.32462598298671,maximum_decision_score
5,2584,84-121123-0001,84/121123,LibriSpeech_84,LibriSpeech_84,1,39.32685552039433,maximum_decision_score
1,2585,84-121123-0002,84/121123,LibriSpeech_84,LibriSpeech_84,1,39.32652602447977,maximum_decision_score
2,2586,84-121123-0003,84/121123,LibriSpeech_84,LibriSpeech_84,1,39.32676891143361,maximum_decision_score
5,2587,84-121123-0004,84/121123,LibriSpeech_84,LibriSpeech_84,1,39.32607610493903,maximum_decision_score
2,2588,84-121123-0005,84/121123,LibriSpeech_84,LibriSpeech_84,1,39.327051867961025,maximum_decision_score
5,2589,84-121123-0006,84/121123,LibriSpeech_84,LibriSpeech_84,1,39.32682536461662,maximum_decision_score
1,2590,84-121123-0007,84/121123,LibriSpeech_84,LibriSpeech_84,1,39.32554902816448,maximum_decision_score
5,2591,84-121123-0008,84/121123,LibriSpeech_84,LibriSpeech_84,1,39.32649230149785,maximum_decision_score
3,2592,84-121123-0009,84/121123,LibriSpeech_84,LibriSpeech_84,1,39.32617159201411,maximum_decision_score
4,2593,84-121123-0010,84/121123,LibriSpeech_84,LibriSpeech_84,1,39.32681301244196,maximum_decision_score
4,2594,84-121123-0011,84/121123,LibriSpeech_84,LibriSpeech_84,1,39.32619907051622,maximum_decision_score
3,2595,84-121123-0012,84/121123,LibriSpeech_84,LibriSpeech_84,1,39.3270103339906,maximum_decision_score
5,2596,84-121123-0013,84/121123,LibriSpeech_84,LibriSpeech_84,1,38.326491692953574,maximum_decision_score
1,2597,84-121123-0014,84/121123,LibriSpeech_84,LibriSpeech_84,1,39.32595078265087,maximum_decision_score
4,2598,84-121123-0015,84/121123,LibriSpeech_84,LibriSpeech_84,1,39.32573728155483,maximum_decision_score
2,2599,84-121123-0016,84/121123,LibriSpeech_84,LibriSpeech_84,1,39.32578648614951,maximum_decision_score
2,2600,84-121123-0017,84/121123,LibriSpeech_84,LibriSpeech_84,1,39.326658809179925,maximum_decision_score
3,2601,84-121123-0018,84/121123,LibriSpeech_84,LibriSpeech_84,1,39.327133186583296,maximum_decision_score
4,2602,84-121123-0019,84/121123,LibriSpeech_84,LibriSpeech_84,1,39.32690665323249,maximum_decision_score
5,2603,84-121123-0020,84/121123,LibriSpeech_84,LibriSpeech_84,1,39.3263486065852,maximum_decision_score
5,2604,84-121123-0021,84/121123,LibriSpeech_84,LibriSpeech_84,1,39.32630184236321,maximum_decision_score
3,2605,84-121123-0022,84/121123,LibriSpeech_84,LibriSpeech_1993,0,39.32582126616958,maximum_decision_score
5,2606,84-121123-0023,84/121123,LibriSpeech_84,LibriSpeech_84,1,39.326744767778855,maximum_decision_score
3,2607,84-121123-0024,84/121123,LibriSpeech_84,LibriSpeech_84,1,39.32659314476935,maximum_decision_score
4,2608,84-121123-0025,84/121123,LibriSpeech_84,LibriSpeech_84,1,39.3257236616143,maximum_decision_score
4,2609,84-121123-0026,84/121123,LibriSpeech_84,LibriSpeech_84,1,39.326350246627364,maximum_decision_score
3,2610,84-121123-0027,84/121123,LibriSpeech_84,LibriSpeech_84,1,39.32599143902963,maximum_decision_score
4,2611,84-121123-0028,84/121123,LibriSpeech_84,LibriSpeech_84,1,39.32596693030498,maximum_decision_score
4,2612,84-121550-0000,84/121550,LibriSpeech_84,LibriSpeech_84,1,39.3263499985786,maximum_decision_score
3,2613,84-121550-0001,84/121550,LibriSpeech_84,LibriSpeech_84,1,39.326646286685815,maximum_decision_score
2,2614,84-121550-0002,84/121550,LibriSpeech_84,LibriSpeech_84,1,39.32707537827303,maximum_decision_score
2,2615,84-121550-0003,84/121550,LibriSpeech_84,LibriSpeech_84,1,39.32645062355337,maximum_decision_score
1,2616,84-121550-0004,84/121550,LibriSpeech_84,LibriSpeech_84,1,39.326297147291214,maximum_decision_score
2,2617,84-121550-0005,84/121550,LibriSpeech_84,LibriSpeech_84,1,39.32666834009661,maximum_decision_score
3,2618,84-121550-0006,84/121550,LibriSpeech_84,LibriSpeech_84,1,39.32649372192306,maximum_decision_score
3,2619,84-121550-0007,84/121550,LibriSpeech_84,LibriSpeech_84,1,39.32714321333386,maximum_decision_score
5,2620,84-121550-0008,84/121550,LibriSpeech_84,LibriSpeech_84,1,39.32643927057073,maximum_decision_score
3,2621,84-121550-0009,84/121550,LibriSpeech_84,LibriSpeech_84,1,39.326043863891115,maximum_decision_score
5,2622,84-121550-0010,84/121550,LibriSpeech_84,LibriSpeech_84,1,39.3267139067664,maximum_decision_score
1,2623,84-121550-0011,84/121550,LibriSpeech_84,LibriSpeech_84,1,39.32576167934877,maximum_decision_score
2,2624,84-121550-0012,84/121550,LibriSpeech_84,LibriSpeech_84,1,39.32593519384562,maximum_decision_score
5,2625,84-121550-0013,84/121550,LibriSpeech_84,LibriSpeech_84,1,39.325997677205756,maximum_decision_score
4,2626,84-121550-0014,84/121550,LibriSpeech_84,LibriSpeech_84,1,39.32469401437329,maximum_decision_score
1,2627,84-121550-0015,84/121550,LibriSpeech_84,LibriSpeech_84,1,39.32512598759919,maximum_decision_score
2,2628,84-121550-0016,84/121550,LibriSpeech_84,LibriSpeech_84,1,39.3259335218526,maximum_decision_score
1,2629,84-121550-0017,84/121550,LibriSpeech_84,LibriSpeech_84,1,39.32532760612417,maximum_decision_score
2,2630,84-121550-0018,84/121550,LibriSpeech_84,LibriSpeech_84,1,39.32630045173539,maximum_decision_score
4,2631,84-121550-0019,84/121550,LibriSpeech_84,LibriSpeech_84,1,39.32626307201388,maximum_decision_score
5,2632,84-121550-0020,84/121550,LibriSpeech_84,LibriSpeech_84,1,39.32620076956452,maximum_decision_score
1,2633,84-121550-0021,84/121550,LibriSpeech_84,LibriSpeech_84,1,39.32664190532411,maximum_decision_score
1,2634,84-121550-0022,84/121550,LibriSpeech_84,LibriSpeech_84,1,39.32633358462495,maximum_decision_score
2,2635,84-121550-0023,84/121550,LibriSpeech_84,LibriSpeech_84,1,39.326955832387604,maximum_decision_score
1,2636,84-121550-0024,84/121550,LibriSpeech_84,LibriSpeech_84,1,39.326555156903225,maximum_decision_score
4,2637,84-121550-0025,84/121550,LibriSpeech_84,LibriSpeech_84,1,39.327046821633466,maximum_decision_score
4,2638,84-121550-0026,84/121550,LibriSpeech_84,LibriSpeech_84,1,39.32711840469948,maximum_decision_score
1,2639,84-121550-0027,84/121550,LibriSpeech_84,LibriSpeech_84,1,39.32629127210898,maximum_decision_score
2,2640,84-121550-0028,84/121550,LibriSpeech_84,LibriSpeech_84,1,39.32644276397918,maximum_decision_score
3,2641,84-121550-0029,84/121550,LibriSpeech_84,LibriSpeech_84,1,39.326904506496156,maximum_decision_score
1,2642,84-121550-0030,84/121550,LibriSpeech_84,LibriSpeech_84,1,39.32638577476646,maximum_decision_score
4,2643,84-121550-0031,84/121550,LibriSpeech_84,LibriSpeech_84,1,39.32728890082232,maximum_decision_score
3,2644,84-121550-0032,84/121550,LibriSpeech_84,LibriSpeech_84,1,39.326538950065796,maximum_decision_score
1,2645,84-121550-0033,84/121550,LibriSpeech_84,LibriSpeech_84,1,39.32645836605624,maximum_decision_score
2,2646,84-121550-0034,84/121550,LibriSpeech_84,LibriSpeech_84,1,39.32656079184194,maximum_decision_score
5,2647,84-121550-0035,84/121550,LibriSpeech_84,LibriSpeech_84,1,39.32669515623687,maximum_decision_score
3,2648,8842-302196-0000,8842/302196,LibriSpeech_8842,LibriSpeech_8842,1,39.32604358389188,maximum_decision_score
1,2649,8842-302196-0001,8842/302196,LibriSpeech_8842,LibriSpeech_8842,1,39.32633366172114,maximum_decision_score
4,2650,8842-302196-0002,8842/302196,LibriSpeech_8842,LibriSpeech_8842,1,39.32621439470668,maximum_decision_score
1,2651,8842-302196-0003,8842/302196,LibriSpeech_8842,LibriSpeech_8842,1,39.326731676789514,maximum_decision_score
3,2652,8842-302196-0004,8842/302196,LibriSpeech_8842,LibriSpeech_8842,1,39.3263252468261,maximum_decision_score
5,2653,8842-302196-0005,8842/302196,LibriSpeech_8842,LibriSpeech_8842,1,39.32576506792793,maximum_decision_score
1,2654,8842-302196-0006,8842/302196,LibriSpeech_8842,LibriSpeech_8842,1,39.32584089968395,maximum_decision_score
4,2655,8842-302196-0007,8842/302196,LibriSpeech_8842,LibriSpeech_8842,1,39.326214562225466,maximum_decision_score
5,2656,8842-302196-0008,8842/302196,LibriSpeech_8842,LibriSpeech_8842,1,39.326759146395766,maximum_decision_score
5,2657,8842-302196-0009,8842/302196,LibriSpeech_8842,LibriSpeech_8842,1,39.32655937437354,maximum_decision_score
4,2658,8842-302196-0010,8842/302196,LibriSpeech_8842,LibriSpeech_8842,1,39.32549792661791,maximum_decision_score
4,2659,8842-302196-0011,8842/302196,LibriSpeech_8842,LibriSpeech_8842,1,39.32808917842829,maximum_decision_score
1,2660,8842-302196-0012,8842/302196,LibriSpeech_8842,LibriSpeech_8842,1,39.327416976454586,maximum_decision_score
5,2661,8842-302201-0000,8842/302201,LibriSpeech_8842,LibriSpeech_8842,1,39.32675797900055,maximum_decision_score
4,2662,8842-302201-0001,8842/302201,LibriSpeech_8842,LibriSpeech_8842,1,39.325809783719755,maximum_decision_score
5,2663,8842-302201-0002,8842/302201,LibriSpeech_8842,LibriSpeech_8842,1,39.326827954639626,maximum_decision_score
3,2664,8842-302201-0003,8842/302201,LibriSpeech_8842,LibriSpeech_8842,1,39.32728715073815,maximum_decision_score
2,2665,8842-302201-0004,8842/302201,LibriSpeech_8842,LibriSpeech_8842,1,39.32713993725436,maximum_decision_score
3,2666,8842-302201-0005,8842/302201,LibriSpeech_8842,LibriSpeech_8842,1,39.326200317646055,maximum_decision_score
5,2667,8842-302201-0006,8842/302201,LibriSpeech_8842,LibriSpeech_8842,1,39.32590486988563,maximum_decision_score
3,2668,8842-302201-0007,8842/302201,LibriSpeech_8842,LibriSpeech_8842,1,39.32608545221132,maximum_decision_score
1,2669,8842-302201-0008,8842/302201,LibriSpeech_8842,LibriSpeech_8842,1,39.32567769776769,maximum_decision_score
4,2670,8842-302201-0009,8842/302201,LibriSpeech_8842,LibriSpeech_8842,1,39.326559576299026,maximum_decision_score
3,2671,8842-302201-0010,8842/302201,LibriSpeech_8842,LibriSpeech_8842,1,39.326770566238075,maximum_decision_score
2,2672,8842-302201-0011,8842/302201,LibriSpeech_8842,LibriSpeech_8842,1,39.327872550092124,maximum_decision_score
2,2673,8842-302201-0012,8842/302201,LibriSpeech_8842,LibriSpeech_8842,1,39.32694185565236,maximum_decision_score
1,2674,8842-302201-0013,8842/302201,LibriSpeech_8842,LibriSpeech_8842,1,39.32719563719282,maximum_decision_score
5,2675,8842-302201-0014,8842/302201,LibriSpeech_8842,LibriSpeech_8842,1,39.32708030154522,maximum_decision_score
2,2676,8842-302201-0015,8842/302201,LibriSpeech_8842,LibriSpeech_8842,1,39.327019018282876,maximum_decision_score
2,2677,8842-302203-0000,8842/302203,LibriSpeech_8842,LibriSpeech_8842,1,39.32631880317459,maximum_decision_score
5,2678,8842-302203-0001,8842/302203,LibriSpeech_8842,LibriSpeech_8842,1,39.3267206393682,maximum_decision_score
2,2679,8842-302203-0002,8842/302203,LibriSpeech_8842,LibriSpeech_8842,1,39.32608222802885,maximum_decision_score
4,2680,8842-302203-0003,8842/302203,LibriSpeech_8842,LibriSpeech_8842,1,39.32703264901773,maximum_decision_score
4,2681,8842-302203-0004,8842/302203,LibriSpeech_8842,LibriSpeech_8842,1,39.32590902867407,maximum_decision_score
3,2682,8842-302203-0005,8842/302203,LibriSpeech_8842,LibriSpeech_8842,1,39.32606020365175,maximum_decision_score
2,2683,8842-302203-0006,8842/302203,LibriSpeech_8842,LibriSpeech_8842,1,39.32575579183955,maximum_decision_score
4,2684,8842-302203-0007,8842/302203,LibriSpeech_8842,LibriSpeech_8842,1,39.32660081553232,maximum_decision_score
4,2685,8842-302203-0008,8842/302203,LibriSpeech_8842,LibriSpeech_8842,1,39.32639027061952,maximum_decision_score
2,2686,8842-302203-0009,8842/302203,LibriSpeech_8842,LibriSpeech_8842,1,39.32711693154576,maximum_decision_score
1,2687,8842-302203-0010,8842/302203,LibriSpeech_8842,LibriSpeech_8842,1,39.32652085637333,maximum_decision_score
1,2688,8842-302203-0011,8842/302203,LibriSpeech_8842,LibriSpeech_8842,1,39.32671458249457,maximum_decision_score
1,2689,8842-304647-0000,8842/304647,LibriSpeech_8842,LibriSpeech_8842,1,39.32589524635456,maximum_decision_score
3,2690,8842-304647-0001,8842/304647,LibriSpeech_8842,LibriSpeech_6319,0,39.32428527793188,maximum_decision_score
2,2691,8842-304647-0002,8842/304647,LibriSpeech_8842,LibriSpeech_8842,1,39.325152167914666,maximum_decision_score
3,2692,8842-304647-0003,8842/304647,LibriSpeech_8842,LibriSpeech_8842,1,39.326613855796,maximum_decision_score
1,2693,8842-304647-0004,8842/304647,LibriSpeech_8842,LibriSpeech_8842,1,39.32676428243983,maximum_decision_score
3,2694,8842-304647-0005,8842/304647,LibriSpeech_8842,LibriSpeech_1462,0,38.32523446518666,maximum_decision_score
5,2695,8842-304647-0006,8842/304647,LibriSpeech_8842,LibriSpeech_8842,1,39.32505232564798,maximum_decision_score
3,2696,8842-304647-0007,8842/304647,LibriSpeech_8842,LibriSpeech_8842,1,39.32452423677573,maximum_decision_score
5,2697,8842-304647-0008,8842/304647,LibriSpeech_8842,LibriSpeech_8842,1,39.32516523176459,maximum_decision_score
5,2698,8842-304647-0009,8842/304647,LibriSpeech_8842,LibriSpeech_8842,1,39.32583168313438,maximum_decision_score
2,2699,8842-304647-0010,8842/304647,LibriSpeech_8842,LibriSpeech_8842,1,39.32660727947853,maximum_decision_score
2,2700,8842-304647-0011,8842/304647,LibriSpeech_8842,LibriSpeech_8842,1,39.32566962819507,maximum_decision_score
1,2701,8842-304647-0012,8842/304647,LibriSpeech_8842,LibriSpeech_8842,1,39.32675966942102,maximum_decision_score
4,2702,8842-304647-0013,8842/304647,LibriSpeech_8842,LibriSpeech_8842,1,39.32737484117775,maximum_decision_score
